date,code,name,weight,strategy_weight,position_scale
2021-02-09,513050.SH,中概互联网,0.25,0.5,0.5
2021-02-09,162411.SZ,华宝油气,0.25,0.5,0.5
2021-02-10,162411.SZ,华宝油气,0.25,0.5,0.5
2021-02-10,513050.SH,中概互联网,0.25,0.5,0.5
2021-02-18,513050.SH,中概互联网,0.25,0.5,0.5
2021-02-18,162411.SZ,华宝油气,0.25,0.5,0.5
2021-02-19,513050.SH,中概互联网,0.25,0.5,0.5
2021-02-19,162411.SZ,华宝油气,0.25,0.5,0.5
2021-02-22,513050.SH,中概互联网,0.25,0.5,0.5
2021-02-22,162411.SZ,华宝油气,0.25,0.5,0.5
2021-02-23,162411.SZ,华宝油气,0.25,0.5,0.5
2021-02-23,513050.SH,中概互联网,0.25,0.5,0.5
2021-02-24,513050.SH,中概互联网,0.25,0.5,0.5
2021-02-24,162411.SZ,华宝油气,0.25,0.5,0.5
2021-02-25,162411.SZ,华宝油气,0.5,0.5,1.0
2021-02-25,513050.SH,中概互联网,0.5,0.5,1.0
2021-02-26,162411.SZ,华宝油气,0.5,0.5,1.0
2021-02-26,513050.SH,中概互联网,0.5,0.5,1.0
2021-03-01,162411.SZ,华宝油气,0.5,0.5,1.0
2021-03-01,512890.SH,红利低波,0.5,0.5,1.0
2021-03-02,162411.SZ,华宝油气,0.5,0.5,1.0
2021-03-02,512890.SH,红利低波,0.5,0.5,1.0
2021-03-03,162411.SZ,华宝油气,0.5,0.5,1.0
2021-03-03,512890.SH,红利低波,0.5,0.5,1.0
2021-03-04,162411.SZ,华宝油气,0.5,0.5,1.0
2021-03-04,512890.SH,红利低波,0.5,0.5,1.0
2021-03-05,162411.SZ,华宝油气,0.5,0.5,1.0
2021-03-05,512890.SH,红利低波,0.5,0.5,1.0
2021-03-08,162411.SZ,华宝油气,0.5,0.5,1.0
2021-03-08,512890.SH,红利低波,0.5,0.5,1.0
2021-03-09,162411.SZ,华宝油气,0.5,0.5,1.0
2021-03-09,512890.SH,红利低波,0.5,0.5,1.0
2021-03-10,162411.SZ,华宝油气,0.5,0.5,1.0
2021-03-10,512890.SH,红利低波,0.5,0.5,1.0
2021-03-11,162411.SZ,华宝油气,0.5,0.5,1.0
2021-03-11,512890.SH,红利低波,0.5,0.5,1.0
2021-03-12,162411.SZ,华宝油气,0.5,0.5,1.0
2021-03-12,512890.SH,红利低波,0.5,0.5,1.0
2021-03-15,162411.SZ,华宝油气,0.5,0.5,1.0
2021-03-15,512890.SH,红利低波,0.5,0.5,1.0
2021-03-16,162411.SZ,华宝油气,0.5,0.5,1.0
2021-03-16,512890.SH,红利低波,0.5,0.5,1.0
2021-03-17,162411.SZ,华宝油气,0.5,0.5,1.0
2021-03-17,512890.SH,红利低波,0.5,0.5,1.0
2021-03-18,162411.SZ,华宝油气,0.5,0.5,1.0
2021-03-18,512890.SH,红利低波,0.5,0.5,1.0
2021-03-19,162411.SZ,华宝油气,0.5,0.5,1.0
2021-03-19,512890.SH,红利低波,0.5,0.5,1.0
2021-03-22,512890.SH,红利低波,0.5,0.5,1.0
2021-03-22,162411.SZ,华宝油气,0.5,0.5,1.0
2021-03-23,512890.SH,红利低波,0.5,0.5,1.0
2021-03-23,162411.SZ,华宝油气,0.5,0.5,1.0
2021-03-24,512890.SH,红利低波,0.5,0.5,1.0
2021-03-24,162411.SZ,华宝油气,0.5,0.5,1.0
2021-03-25,512890.SH,红利低波,0.5,0.5,1.0
2021-03-25,162411.SZ,华宝油气,0.5,0.5,1.0
2021-03-26,513030.SH,德国,1.0,1.0,1.0
2021-03-29,513030.SH,德国,1.0,1.0,1.0
2021-03-30,513030.SH,德国,0.5,0.5,1.0
2021-03-30,512890.SH,红利低波,0.5,0.5,1.0
2021-03-31,513030.SH,德国,0.5,0.5,1.0
2021-03-31,512890.SH,红利低波,0.5,0.5,1.0
2021-04-01,513030.SH,德国,0.5,0.5,1.0
2021-04-01,512890.SH,红利低波,0.5,0.5,1.0
2021-04-02,513030.SH,德国,0.5,0.5,1.0
2021-04-02,512890.SH,红利低波,0.5,0.5,1.0
2021-04-06,513030.SH,德国,0.5,0.5,1.0
2021-04-06,512890.SH,红利低波,0.5,0.5,1.0
2021-04-07,513030.SH,德国,0.5,0.5,1.0
2021-04-07,512890.SH,红利低波,0.5,0.5,1.0
2021-04-08,513030.SH,德国,0.5,0.5,1.0
2021-04-08,512890.SH,红利低波,0.5,0.5,1.0
2021-04-09,513030.SH,德国,0.5,0.5,1.0
2021-04-09,512890.SH,红利低波,0.5,0.5,1.0
2021-04-12,513030.SH,德国,0.5,0.5,1.0
2021-04-12,513100.SH,纳指,0.5,0.5,1.0
2021-04-13,513030.SH,德国,0.5,0.5,1.0
2021-04-13,513100.SH,纳指,0.5,0.5,1.0
2021-04-14,513100.SH,纳指,0.5,0.5,1.0
2021-04-14,513030.SH,德国,0.5,0.5,1.0
2021-04-15,513100.SH,纳指,0.5,0.5,1.0
2021-04-15,513030.SH,德国,0.5,0.5,1.0
2021-04-16,513100.SH,纳指,0.5,0.5,1.0
2021-04-16,513030.SH,德国,0.5,0.5,1.0
2021-04-19,513100.SH,纳指,0.5,0.5,1.0
2021-04-19,513030.SH,德国,0.5,0.5,1.0
2021-04-20,513100.SH,纳指,0.5,0.5,1.0
2021-04-20,513030.SH,德国,0.5,0.5,1.0
2021-04-21,513100.SH,纳指,0.5,0.5,1.0
2021-04-21,513030.SH,德国,0.5,0.5,1.0
2021-04-22,513030.SH,德国,0.5,0.5,1.0
2021-04-22,159949.SZ,创业板50,0.5,0.5,1.0
2021-04-23,159949.SZ,创业板50,0.5,0.5,1.0
2021-04-23,513030.SH,德国,0.5,0.5,1.0
2021-04-26,159949.SZ,创业板50,0.25,0.5,0.5
2021-04-26,513030.SH,德国,0.25,0.5,0.5
2021-04-27,159949.SZ,创业板50,0.25,0.5,0.5
2021-04-27,513100.SH,纳指,0.25,0.5,0.5
2021-04-28,159949.SZ,创业板50,0.25,0.5,0.5
2021-04-28,513100.SH,纳指,0.25,0.5,0.5
2021-04-29,159949.SZ,创业板50,0.25,0.5,0.5
2021-04-29,513100.SH,纳指,0.25,0.5,0.5
2021-04-30,159949.SZ,创业板50,0.25,0.5,0.5
2021-04-30,513100.SH,纳指,0.25,0.5,0.5
2021-05-06,159949.SZ,创业板50,0.25,0.5,0.5
2021-05-06,513100.SH,纳指,0.25,0.5,0.5
2021-05-07,159949.SZ,创业板50,0.25,0.5,0.5
2021-05-07,159985.SZ,豆粕,0.25,0.5,0.5
2021-05-10,159985.SZ,豆粕,0.25,0.5,0.5
2021-05-10,159949.SZ,创业板50,0.25,0.5,0.5
2021-05-11,159949.SZ,创业板50,0.25,0.5,0.5
2021-05-11,159985.SZ,豆粕,0.25,0.5,0.5
2021-05-12,159985.SZ,豆粕,0.25,0.5,0.5
2021-05-12,159949.SZ,创业板50,0.25,0.5,0.5
2021-05-13,159985.SZ,豆粕,0.25,0.5,0.5
2021-05-13,159949.SZ,创业板50,0.25,0.5,0.5
2021-05-14,159949.SZ,创业板50,0.25,0.5,0.5
2021-05-14,159985.SZ,豆粕,0.25,0.5,0.5
2021-05-17,159949.SZ,创业板50,0.25,0.5,0.5
2021-05-17,512890.SH,红利低波,0.25,0.5,0.5
2021-05-18,159949.SZ,创业板50,0.25,0.5,0.5
2021-05-18,512890.SH,红利低波,0.25,0.5,0.5
2021-05-19,159949.SZ,创业板50,0.25,0.5,0.5
2021-05-19,512890.SH,红利低波,0.25,0.5,0.5
2021-05-20,159949.SZ,创业板50,0.25,0.5,0.5
2021-05-20,512890.SH,红利低波,0.25,0.5,0.5
2021-05-21,159949.SZ,创业板50,0.25,0.5,0.5
2021-05-21,162411.SZ,华宝油气,0.25,0.5,0.5
2021-05-24,159949.SZ,创业板50,0.25,0.5,0.5
2021-05-24,162411.SZ,华宝油气,0.25,0.5,0.5
2021-05-25,159949.SZ,创业板50,0.25,0.5,0.5
2021-05-25,162411.SZ,华宝油气,0.25,0.5,0.5
2021-05-26,159949.SZ,创业板50,0.25,0.5,0.5
2021-05-26,162411.SZ,华宝油气,0.25,0.5,0.5
2021-05-27,159949.SZ,创业板50,0.25,0.5,0.5
2021-05-27,162411.SZ,华宝油气,0.25,0.5,0.5
2021-05-28,159949.SZ,创业板50,0.25,0.5,0.5
2021-05-28,162411.SZ,华宝油气,0.25,0.5,0.5
2021-05-31,159949.SZ,创业板50,0.25,0.5,0.5
2021-05-31,162411.SZ,华宝油气,0.25,0.5,0.5
2021-06-01,159949.SZ,创业板50,0.25,0.5,0.5
2021-06-01,162411.SZ,华宝油气,0.25,0.5,0.5
2021-06-02,159949.SZ,创业板50,0.25,0.5,0.5
2021-06-02,162411.SZ,华宝油气,0.25,0.5,0.5
2021-06-03,162411.SZ,华宝油气,0.25,0.5,0.5
2021-06-03,159949.SZ,创业板50,0.25,0.5,0.5
2021-06-04,162411.SZ,华宝油气,0.25,0.5,0.5
2021-06-04,159949.SZ,创业板50,0.25,0.5,0.5
2021-06-07,162411.SZ,华宝油气,0.25,0.5,0.5
2021-06-07,159949.SZ,创业板50,0.25,0.5,0.5
2021-06-08,162411.SZ,华宝油气,0.25,0.5,0.5
2021-06-08,159949.SZ,创业板50,0.25,0.5,0.5
2021-06-09,162411.SZ,华宝油气,0.25,0.5,0.5
2021-06-09,159949.SZ,创业板50,0.25,0.5,0.5
2021-06-10,162411.SZ,华宝油气,0.25,0.5,0.5
2021-06-10,159949.SZ,创业板50,0.25,0.5,0.5
2021-06-11,162411.SZ,华宝油气,0.25,0.5,0.5
2021-06-11,159949.SZ,创业板50,0.25,0.5,0.5
2021-06-15,159949.SZ,创业板50,0.25,0.5,0.5
2021-06-15,162411.SZ,华宝油气,0.25,0.5,0.5
2021-06-16,159949.SZ,创业板50,0.25,0.5,0.5
2021-06-16,162411.SZ,华宝油气,0.25,0.5,0.5
2021-06-17,162411.SZ,华宝油气,0.25,0.5,0.5
2021-06-17,588000.SH,科创50,0.25,0.5,0.5
2021-06-18,588000.SH,科创50,0.25,0.5,0.5
2021-06-18,162411.SZ,华宝油气,0.25,0.5,0.5
2021-06-21,588000.SH,科创50,0.25,0.5,0.5
2021-06-21,162411.SZ,华宝油气,0.25,0.5,0.5
2021-06-22,588000.SH,科创50,0.25,0.5,0.5
2021-06-22,159949.SZ,创业板50,0.25,0.5,0.5
2021-06-23,588000.SH,科创50,0.25,0.5,0.5
2021-06-23,162411.SZ,华宝油气,0.25,0.5,0.5
2021-06-24,588000.SH,科创50,0.25,0.5,0.5
2021-06-24,162411.SZ,华宝油气,0.25,0.5,0.5
2021-06-25,588000.SH,科创50,0.25,0.5,0.5
2021-06-25,162411.SZ,华宝油气,0.25,0.5,0.5
2021-06-28,588000.SH,科创50,0.25,0.5,0.5
2021-06-28,162411.SZ,华宝油气,0.25,0.5,0.5
2021-06-29,588000.SH,科创50,0.25,0.5,0.5
2021-06-29,162411.SZ,华宝油气,0.25,0.5,0.5
2021-06-30,588000.SH,科创50,0.25,0.5,0.5
2021-06-30,162411.SZ,华宝油气,0.25,0.5,0.5
2021-07-01,588000.SH,科创50,0.25,0.5,0.5
2021-07-01,162411.SZ,华宝油气,0.25,0.5,0.5
2021-07-02,588000.SH,科创50,0.25,0.5,0.5
2021-07-02,162411.SZ,华宝油气,0.25,0.5,0.5
2021-07-05,162411.SZ,华宝油气,0.25,0.5,0.5
2021-07-05,588000.SH,科创50,0.25,0.5,0.5
2021-07-06,588000.SH,科创50,0.25,0.5,0.5
2021-07-06,162411.SZ,华宝油气,0.25,0.5,0.5
2021-07-07,162411.SZ,华宝油气,0.25,0.5,0.5
2021-07-07,588000.SH,科创50,0.25,0.5,0.5
2021-07-08,588000.SH,科创50,0.25,0.5,0.5
2021-07-08,159949.SZ,创业板50,0.25,0.5,0.5
2021-07-09,588000.SH,科创50,0.25,0.5,0.5
2021-07-09,159949.SZ,创业板50,0.25,0.5,0.5
2021-07-12,588000.SH,科创50,0.25,0.5,0.5
2021-07-12,159949.SZ,创业板50,0.25,0.5,0.5
2021-07-13,588000.SH,科创50,0.25,0.5,0.5
2021-07-13,159949.SZ,创业板50,0.25,0.5,0.5
2021-07-14,588000.SH,科创50,0.25,0.5,0.5
2021-07-14,159949.SZ,创业板50,0.25,0.5,0.5
2021-07-15,159949.SZ,创业板50,0.25,0.5,0.5
2021-07-15,588000.SH,科创50,0.25,0.5,0.5
2021-07-16,159949.SZ,创业板50,0.25,0.5,0.5
2021-07-16,588000.SH,科创50,0.25,0.5,0.5
2021-07-19,159949.SZ,创业板50,0.25,0.5,0.5
2021-07-19,588000.SH,科创50,0.25,0.5,0.5
2021-07-20,159949.SZ,创业板50,0.25,0.5,0.5
2021-07-20,159985.SZ,豆粕,0.25,0.5,0.5
2021-07-21,159949.SZ,创业板50,0.25,0.5,0.5
2021-07-21,159985.SZ,豆粕,0.25,0.5,0.5
2021-07-22,159949.SZ,创业板50,0.25,0.5,0.5
2021-07-22,588000.SH,科创50,0.25,0.5,0.5
2021-07-23,159949.SZ,创业板50,0.25,0.5,0.5
2021-07-23,588000.SH,科创50,0.25,0.5,0.5
2021-07-26,159949.SZ,创业板50,0.25,0.5,0.5
2021-07-26,588000.SH,科创50,0.25,0.5,0.5
2021-07-27,511380.SH,可转债,0.5,1.0,0.5
2021-07-28,511380.SH,可转债,0.5,1.0,0.5
2021-07-29,511380.SH,可转债,0.5,0.5,1.0
2021-07-29,518880.SH,黄金,0.5,0.5,1.0
2021-07-30,159949.SZ,创业板50,0.5,0.5,1.0
2021-07-30,511380.SH,可转债,0.5,0.5,1.0
2021-08-02,159949.SZ,创业板50,0.5,0.5,1.0
2021-08-02,511380.SH,可转债,0.5,0.5,1.0
2021-08-03,511380.SH,可转债,0.5,0.5,1.0
2021-08-03,159949.SZ,创业板50,0.5,0.5,1.0
2021-08-04,159949.SZ,创业板50,0.5,0.5,1.0
2021-08-04,511380.SH,可转债,0.5,0.5,1.0
2021-08-05,511380.SH,可转债,0.5,0.5,1.0
2021-08-05,159949.SZ,创业板50,0.5,0.5,1.0
2021-08-06,511380.SH,可转债,0.5,0.5,1.0
2021-08-06,159949.SZ,创业板50,0.5,0.5,1.0
2021-08-09,159949.SZ,创业板50,0.5,0.5,1.0
2021-08-09,511380.SH,可转债,0.5,0.5,1.0
2021-08-10,511380.SH,可转债,0.5,0.5,1.0
2021-08-10,164824.SZ,印度,0.5,0.5,1.0
2021-08-11,511380.SH,可转债,0.5,0.5,1.0
2021-08-11,164824.SZ,印度,0.5,0.5,1.0
2021-08-12,511380.SH,可转债,0.5,0.5,1.0
2021-08-12,164824.SZ,印度,0.5,0.5,1.0
2021-08-13,511380.SH,可转债,0.5,0.5,1.0
2021-08-13,164824.SZ,印度,0.5,0.5,1.0
2021-08-16,164824.SZ,印度,0.5,0.5,1.0
2021-08-16,511380.SH,可转债,0.5,0.5,1.0
2021-08-17,164824.SZ,印度,0.5,0.5,1.0
2021-08-17,511380.SH,可转债,0.5,0.5,1.0
2021-08-18,164824.SZ,印度,0.5,0.5,1.0
2021-08-18,511380.SH,可转债,0.5,0.5,1.0
2021-08-19,164824.SZ,印度,0.5,0.5,1.0
2021-08-19,511380.SH,可转债,0.5,0.5,1.0
2021-08-20,164824.SZ,印度,0.5,0.5,1.0
2021-08-20,511380.SH,可转债,0.5,0.5,1.0
2021-08-23,164824.SZ,印度,0.5,0.5,1.0
2021-08-23,511380.SH,可转债,0.5,0.5,1.0
2021-08-24,164824.SZ,印度,0.5,0.5,1.0
2021-08-24,511380.SH,可转债,0.5,0.5,1.0
2021-08-25,164824.SZ,印度,0.5,0.5,1.0
2021-08-25,511380.SH,可转债,0.5,0.5,1.0
2021-08-26,164824.SZ,印度,0.5,0.5,1.0
2021-08-26,511380.SH,可转债,0.5,0.5,1.0
2021-08-27,164824.SZ,印度,0.5,0.5,1.0
2021-08-27,511380.SH,可转债,0.5,0.5,1.0
2021-08-30,164824.SZ,印度,0.5,0.5,1.0
2021-08-30,511380.SH,可转债,0.5,0.5,1.0
2021-08-31,164824.SZ,印度,0.5,0.5,1.0
2021-08-31,511380.SH,可转债,0.5,0.5,1.0
2021-09-01,164824.SZ,印度,0.5,0.5,1.0
2021-09-01,512890.SH,红利低波,0.5,0.5,1.0
2021-09-02,512890.SH,红利低波,0.5,0.5,1.0
2021-09-02,164824.SZ,印度,0.5,0.5,1.0
2021-09-03,512890.SH,红利低波,0.5,0.5,1.0
2021-09-03,164824.SZ,印度,0.5,0.5,1.0
2021-09-06,512890.SH,红利低波,0.5,0.5,1.0
2021-09-06,164824.SZ,印度,0.5,0.5,1.0
2021-09-07,512890.SH,红利低波,0.5,0.5,1.0
2021-09-07,164824.SZ,印度,0.5,0.5,1.0
2021-09-08,512890.SH,红利低波,0.5,0.5,1.0
2021-09-08,164824.SZ,印度,0.5,0.5,1.0
2021-09-09,512890.SH,红利低波,0.25,0.5,0.5
2021-09-09,164824.SZ,印度,0.25,0.5,0.5
2021-09-10,512890.SH,红利低波,0.25,0.5,0.5
2021-09-10,164824.SZ,印度,0.25,0.5,0.5
2021-09-13,512890.SH,红利低波,0.25,0.5,0.5
2021-09-13,164824.SZ,印度,0.25,0.5,0.5
2021-09-14,512890.SH,红利低波,0.25,0.5,0.5
2021-09-14,164824.SZ,印度,0.25,0.5,0.5
2021-09-15,512890.SH,红利低波,0.25,0.5,0.5
2021-09-15,164824.SZ,印度,0.25,0.5,0.5
2021-09-16,512890.SH,红利低波,0.25,0.5,0.5
2021-09-16,164824.SZ,印度,0.25,0.5,0.5
2021-09-17,512890.SH,红利低波,0.25,0.5,0.5
2021-09-17,164824.SZ,印度,0.25,0.5,0.5
2021-09-22,512890.SH,红利低波,0.25,0.5,0.5
2021-09-22,164824.SZ,印度,0.25,0.5,0.5
2021-09-23,512890.SH,红利低波,0.25,0.5,0.5
2021-09-23,164824.SZ,印度,0.25,0.5,0.5
2021-09-24,512890.SH,红利低波,0.25,0.5,0.5
2021-09-24,164824.SZ,印度,0.25,0.5,0.5
2021-09-27,512890.SH,红利低波,0.25,0.5,0.5
2021-09-27,162411.SZ,华宝油气,0.25,0.5,0.5
2021-09-28,162411.SZ,华宝油气,0.25,0.5,0.5
2021-09-28,164824.SZ,印度,0.25,0.5,0.5
2021-09-29,162411.SZ,华宝油气,0.25,0.5,0.5
2021-09-29,164824.SZ,印度,0.25,0.5,0.5
2021-09-30,162411.SZ,华宝油气,0.25,0.5,0.5
2021-09-30,164824.SZ,印度,0.25,0.5,0.5
2021-10-08,162411.SZ,华宝油气,0.25,0.5,0.5
2021-10-08,164824.SZ,印度,0.25,0.5,0.5
2021-10-11,162411.SZ,华宝油气,0.25,0.5,0.5
2021-10-11,164824.SZ,印度,0.25,0.5,0.5
2021-10-12,162411.SZ,华宝油气,0.25,0.5,0.5
2021-10-12,164824.SZ,印度,0.25,0.5,0.5
2021-10-13,162411.SZ,华宝油气,0.25,0.5,0.5
2021-10-13,164824.SZ,印度,0.25,0.5,0.5
2021-10-14,162411.SZ,华宝油气,0.25,0.5,0.5
2021-10-14,164824.SZ,印度,0.25,0.5,0.5
2021-10-15,162411.SZ,华宝油气,0.25,0.5,0.5
2021-10-15,164824.SZ,印度,0.25,0.5,0.5
2021-10-18,162411.SZ,华宝油气,0.25,0.5,0.5
2021-10-18,164824.SZ,印度,0.25,0.5,0.5
2021-10-19,162411.SZ,华宝油气,0.25,0.5,0.5
2021-10-19,164824.SZ,印度,0.25,0.5,0.5
2021-10-20,162411.SZ,华宝油气,0.25,0.5,0.5
2021-10-20,164824.SZ,印度,0.25,0.5,0.5
2021-10-21,162411.SZ,华宝油气,0.25,0.5,0.5
2021-10-21,164824.SZ,印度,0.25,0.5,0.5
2021-10-22,162411.SZ,华宝油气,0.25,0.5,0.5
2021-10-22,164824.SZ,印度,0.25,0.5,0.5
2021-10-25,162411.SZ,华宝油气,0.25,0.5,0.5
2021-10-25,159949.SZ,创业板50,0.25,0.5,0.5
2021-10-26,162411.SZ,华宝油气,0.25,0.5,0.5
2021-10-26,159949.SZ,创业板50,0.25,0.5,0.5
2021-10-27,162411.SZ,华宝油气,0.25,0.5,0.5
2021-10-27,159949.SZ,创业板50,0.25,0.5,0.5
2021-10-28,162411.SZ,华宝油气,0.25,0.5,0.5
2021-10-28,159949.SZ,创业板50,0.25,0.5,0.5
2021-10-29,162411.SZ,华宝油气,0.25,0.5,0.5
2021-10-29,159949.SZ,创业板50,0.25,0.5,0.5
2021-11-01,162411.SZ,华宝油气,0.25,0.5,0.5
2021-11-01,159949.SZ,创业板50,0.25,0.5,0.5
2021-11-02,162411.SZ,华宝油气,0.25,0.5,0.5
2021-11-02,159949.SZ,创业板50,0.25,0.5,0.5
2021-11-03,162411.SZ,华宝油气,0.25,0.5,0.5
2021-11-03,159949.SZ,创业板50,0.25,0.5,0.5
2021-11-04,162411.SZ,华宝油气,0.25,0.5,0.5
2021-11-04,159949.SZ,创业板50,0.25,0.5,0.5
2021-11-05,162411.SZ,华宝油气,0.25,0.5,0.5
2021-11-05,159949.SZ,创业板50,0.25,0.5,0.5
2021-11-08,159949.SZ,创业板50,0.25,0.5,0.5
2021-11-08,162411.SZ,华宝油气,0.25,0.5,0.5
2021-11-09,162411.SZ,华宝油气,0.25,0.5,0.5
2021-11-09,159949.SZ,创业板50,0.25,0.5,0.5
2021-11-10,162411.SZ,华宝油气,0.25,0.5,0.5
2021-11-10,159949.SZ,创业板50,0.25,0.5,0.5
2021-11-11,162411.SZ,华宝油气,0.25,0.5,0.5
2021-11-11,159949.SZ,创业板50,0.25,0.5,0.5
2021-11-12,159949.SZ,创业板50,0.25,0.5,0.5
2021-11-12,518880.SH,黄金,0.25,0.5,0.5
2021-11-15,159949.SZ,创业板50,0.25,0.5,0.5
2021-11-15,518880.SH,黄金,0.25,0.5,0.5
2021-11-16,159949.SZ,创业板50,0.25,0.5,0.5
2021-11-16,518880.SH,黄金,0.25,0.5,0.5
2021-11-17,159949.SZ,创业板50,0.25,0.5,0.5
2021-11-17,518880.SH,黄金,0.25,0.5,0.5
2021-11-18,159949.SZ,创业板50,0.25,0.5,0.5
2021-11-18,588000.SH,科创50,0.25,0.5,0.5
2021-11-19,159949.SZ,创业板50,0.25,0.5,0.5
2021-11-19,588000.SH,科创50,0.25,0.5,0.5
2021-11-22,588000.SH,科创50,0.25,0.5,0.5
2021-11-22,159949.SZ,创业板50,0.25,0.5,0.5
2021-11-23,588000.SH,科创50,0.25,0.5,0.5
2021-11-23,159949.SZ,创业板50,0.25,0.5,0.5
2021-11-24,588000.SH,科创50,0.25,0.5,0.5
2021-11-24,159949.SZ,创业板50,0.25,0.5,0.5
2021-11-25,588000.SH,科创50,0.25,0.5,0.5
2021-11-25,159949.SZ,创业板50,0.25,0.5,0.5
2021-11-26,159949.SZ,创业板50,0.25,0.5,0.5
2021-11-26,588000.SH,科创50,0.25,0.5,0.5
2021-11-29,588000.SH,科创50,0.25,0.5,0.5
2021-11-29,159949.SZ,创业板50,0.25,0.5,0.5
2021-11-30,588000.SH,科创50,0.25,0.5,0.5
2021-11-30,159949.SZ,创业板50,0.25,0.5,0.5
2021-12-01,588000.SH,科创50,0.25,0.5,0.5
2021-12-01,159949.SZ,创业板50,0.25,0.5,0.5
2021-12-02,588000.SH,科创50,0.25,0.5,0.5
2021-12-02,159949.SZ,创业板50,0.25,0.5,0.5
2021-12-03,159949.SZ,创业板50,0.25,0.5,0.5
2021-12-03,588000.SH,科创50,0.25,0.5,0.5
2021-12-06,159949.SZ,创业板50,0.25,0.5,0.5
2021-12-06,512890.SH,红利低波,0.25,0.5,0.5
2021-12-07,512890.SH,红利低波,0.25,0.5,0.5
2021-12-07,159949.SZ,创业板50,0.25,0.5,0.5
2021-12-08,512890.SH,红利低波,0.5,1.0,0.5
2021-12-09,512890.SH,红利低波,0.25,0.5,0.5
2021-12-09,511380.SH,可转债,0.25,0.5,0.5
2021-12-10,512890.SH,红利低波,0.25,0.5,0.5
2021-12-10,511380.SH,可转债,0.25,0.5,0.5
2021-12-13,512890.SH,红利低波,0.25,0.5,0.5
2021-12-13,511380.SH,可转债,0.25,0.5,0.5
2021-12-14,511380.SH,可转债,0.25,0.5,0.5
2021-12-14,512890.SH,红利低波,0.25,0.5,0.5
2021-12-15,511380.SH,可转债,0.25,0.5,0.5
2021-12-15,512890.SH,红利低波,0.25,0.5,0.5
2021-12-16,512890.SH,红利低波,0.25,0.5,0.5
2021-12-16,511380.SH,可转债,0.25,0.5,0.5
2021-12-17,512890.SH,红利低波,0.25,0.5,0.5
2021-12-17,511380.SH,可转债,0.25,0.5,0.5
2021-12-20,512890.SH,红利低波,0.25,0.5,0.5
2021-12-20,511380.SH,可转债,0.25,0.5,0.5
2021-12-21,512890.SH,红利低波,0.25,0.5,0.5
2021-12-21,159985.SZ,豆粕,0.25,0.5,0.5
2021-12-22,512890.SH,红利低波,0.25,0.5,0.5
2021-12-22,159985.SZ,豆粕,0.25,0.5,0.5
2021-12-23,512890.SH,红利低波,0.25,0.5,0.5
2021-12-23,159985.SZ,豆粕,0.25,0.5,0.5
2021-12-24,512890.SH,红利低波,0.25,0.5,0.5
2021-12-24,159985.SZ,豆粕,0.25,0.5,0.5
2021-12-27,159985.SZ,豆粕,0.25,0.5,0.5
2021-12-27,512890.SH,红利低波,0.25,0.5,0.5
2021-12-28,512890.SH,红利低波,0.25,0.5,0.5
2021-12-28,159985.SZ,豆粕,0.25,0.5,0.5
2021-12-29,159985.SZ,豆粕,0.25,0.5,0.5
2021-12-29,512890.SH,红利低波,0.25,0.5,0.5
2021-12-30,159985.SZ,豆粕,0.25,0.5,0.5
2021-12-30,512890.SH,红利低波,0.25,0.5,0.5
2021-12-31,159985.SZ,豆粕,0.25,0.5,0.5
2021-12-31,512890.SH,红利低波,0.25,0.5,0.5
2022-01-04,512890.SH,红利低波,0.25,0.5,0.5
2022-01-04,159985.SZ,豆粕,0.25,0.5,0.5
2022-01-05,512890.SH,红利低波,0.25,0.5,0.5
2022-01-05,159985.SZ,豆粕,0.25,0.5,0.5
2022-01-06,159985.SZ,豆粕,0.25,0.5,0.5
2022-01-06,512890.SH,红利低波,0.25,0.5,0.5
2022-01-07,512890.SH,红利低波,0.25,0.5,0.5
2022-01-07,159985.SZ,豆粕,0.25,0.5,0.5
2022-01-10,512890.SH,红利低波,0.25,0.5,0.5
2022-01-10,159985.SZ,豆粕,0.25,0.5,0.5
2022-01-11,512890.SH,红利低波,0.25,0.5,0.5
2022-01-11,159985.SZ,豆粕,0.25,0.5,0.5
2022-01-12,512890.SH,红利低波,0.25,0.5,0.5
2022-01-12,159985.SZ,豆粕,0.25,0.5,0.5
2022-01-13,159985.SZ,豆粕,0.25,0.5,0.5
2022-01-13,512890.SH,红利低波,0.25,0.5,0.5
2022-01-14,512890.SH,红利低波,0.25,0.5,0.5
2022-01-14,159985.SZ,豆粕,0.25,0.5,0.5
2022-01-17,512890.SH,红利低波,0.25,0.5,0.5
2022-01-17,162411.SZ,华宝油气,0.25,0.5,0.5
2022-01-18,162411.SZ,华宝油气,0.25,0.5,0.5
2022-01-18,512890.SH,红利低波,0.25,0.5,0.5
2022-01-19,162411.SZ,华宝油气,0.25,0.5,0.5
2022-01-19,512890.SH,红利低波,0.25,0.5,0.5
2022-01-20,162411.SZ,华宝油气,0.25,0.5,0.5
2022-01-20,512890.SH,红利低波,0.25,0.5,0.5
2022-01-21,162411.SZ,华宝油气,0.25,0.5,0.5
2022-01-21,512890.SH,红利低波,0.25,0.5,0.5
2022-01-24,162411.SZ,华宝油气,0.25,0.5,0.5
2022-01-24,512890.SH,红利低波,0.25,0.5,0.5
2022-01-25,512890.SH,红利低波,0.25,0.5,0.5
2022-01-25,162411.SZ,华宝油气,0.25,0.5,0.5
2022-01-26,162411.SZ,华宝油气,0.25,0.5,0.5
2022-01-26,159985.SZ,豆粕,0.25,0.5,0.5
2022-01-27,162411.SZ,华宝油气,0.25,0.5,0.5
2022-01-27,511380.SH,可转债,0.25,0.5,0.5
2022-01-28,162411.SZ,华宝油气,0.25,0.5,0.5
2022-01-28,159985.SZ,豆粕,0.25,0.5,0.5
2022-02-07,162411.SZ,华宝油气,0.25,0.5,0.5
2022-02-07,159985.SZ,豆粕,0.25,0.5,0.5
2022-02-08,162411.SZ,华宝油气,0.25,0.5,0.5
2022-02-08,159985.SZ,豆粕,0.25,0.5,0.5
2022-02-09,162411.SZ,华宝油气,0.25,0.5,0.5
2022-02-09,159985.SZ,豆粕,0.25,0.5,0.5
2022-02-10,159985.SZ,豆粕,0.25,0.5,0.5
2022-02-10,162411.SZ,华宝油气,0.25,0.5,0.5
2022-02-11,159985.SZ,豆粕,0.25,0.5,0.5
2022-02-11,162411.SZ,华宝油气,0.25,0.5,0.5
2022-02-14,159985.SZ,豆粕,0.25,0.5,0.5
2022-02-14,162411.SZ,华宝油气,0.25,0.5,0.5
2022-02-15,162411.SZ,华宝油气,0.25,0.5,0.5
2022-02-15,159985.SZ,豆粕,0.25,0.5,0.5
2022-02-16,159985.SZ,豆粕,0.25,0.5,0.5
2022-02-16,162411.SZ,华宝油气,0.25,0.5,0.5
2022-02-17,159985.SZ,豆粕,0.25,0.5,0.5
2022-02-17,162411.SZ,华宝油气,0.25,0.5,0.5
2022-02-18,159985.SZ,豆粕,0.25,0.5,0.5
2022-02-18,162411.SZ,华宝油气,0.25,0.5,0.5
2022-02-21,159985.SZ,豆粕,0.25,0.5,0.5
2022-02-21,162411.SZ,华宝油气,0.25,0.5,0.5
2022-02-22,159985.SZ,豆粕,0.25,0.5,0.5
2022-02-22,518880.SH,黄金,0.25,0.5,0.5
2022-02-23,159985.SZ,豆粕,0.25,0.5,0.5
2022-02-23,518880.SH,黄金,0.25,0.5,0.5
2022-02-24,159985.SZ,豆粕,0.25,0.5,0.5
2022-02-24,518880.SH,黄金,0.25,0.5,0.5
2022-02-25,159985.SZ,豆粕,0.25,0.5,0.5
2022-02-25,518880.SH,黄金,0.25,0.5,0.5
2022-02-28,159985.SZ,豆粕,0.25,0.5,0.5
2022-02-28,518880.SH,黄金,0.25,0.5,0.5
2022-03-01,159985.SZ,豆粕,0.25,0.5,0.5
2022-03-01,518880.SH,黄金,0.25,0.5,0.5
2022-03-02,159985.SZ,豆粕,0.25,0.5,0.5
2022-03-02,518880.SH,黄金,0.25,0.5,0.5
2022-03-03,159985.SZ,豆粕,0.25,0.5,0.5
2022-03-03,518880.SH,黄金,0.25,0.5,0.5
2022-03-04,159985.SZ,豆粕,0.25,0.5,0.5
2022-03-04,162411.SZ,华宝油气,0.25,0.5,0.5
2022-03-07,159985.SZ,豆粕,0.25,0.5,0.5
2022-03-07,162411.SZ,华宝油气,0.25,0.5,0.5
2022-03-08,159985.SZ,豆粕,0.25,0.5,0.5
2022-03-08,162411.SZ,华宝油气,0.25,0.5,0.5
2022-03-09,159985.SZ,豆粕,0.25,0.5,0.5
2022-03-09,162411.SZ,华宝油气,0.25,0.5,0.5
2022-03-10,159985.SZ,豆粕,0.25,0.5,0.5
2022-03-10,162411.SZ,华宝油气,0.25,0.5,0.5
2022-03-11,159985.SZ,豆粕,0.25,0.5,0.5
2022-03-11,162411.SZ,华宝油气,0.25,0.5,0.5
2022-03-14,159985.SZ,豆粕,0.25,0.5,0.5
2022-03-14,162411.SZ,华宝油气,0.25,0.5,0.5
2022-03-15,159985.SZ,豆粕,0.25,0.5,0.5
2022-03-15,162411.SZ,华宝油气,0.25,0.5,0.5
2022-03-16,159985.SZ,豆粕,0.25,0.5,0.5
2022-03-16,162411.SZ,华宝油气,0.25,0.5,0.5
2022-03-17,159985.SZ,豆粕,0.25,0.5,0.5
2022-03-17,162411.SZ,华宝油气,0.25,0.5,0.5
2022-03-18,159985.SZ,豆粕,0.25,0.5,0.5
2022-03-18,162411.SZ,华宝油气,0.25,0.5,0.5
2022-03-21,162411.SZ,华宝油气,0.25,0.5,0.5
2022-03-21,159985.SZ,豆粕,0.25,0.5,0.5
2022-03-22,159985.SZ,豆粕,0.25,0.5,0.5
2022-03-22,162411.SZ,华宝油气,0.25,0.5,0.5
2022-03-23,159985.SZ,豆粕,0.25,0.5,0.5
2022-03-23,162411.SZ,华宝油气,0.25,0.5,0.5
2022-03-24,159985.SZ,豆粕,0.25,0.5,0.5
2022-03-24,162411.SZ,华宝油气,0.25,0.5,0.5
2022-03-25,162411.SZ,华宝油气,0.25,0.5,0.5
2022-03-25,159985.SZ,豆粕,0.25,0.5,0.5
2022-03-28,162411.SZ,华宝油气,0.25,0.5,0.5
2022-03-28,159985.SZ,豆粕,0.25,0.5,0.5
2022-03-29,162411.SZ,华宝油气,0.25,0.5,0.5
2022-03-29,159985.SZ,豆粕,0.25,0.5,0.5
2022-03-30,162411.SZ,华宝油气,0.25,0.5,0.5
2022-03-30,159985.SZ,豆粕,0.25,0.5,0.5
2022-03-31,162411.SZ,华宝油气,0.25,0.5,0.5
2022-03-31,159985.SZ,豆粕,0.25,0.5,0.5
2022-04-01,162411.SZ,华宝油气,0.5,1.0,0.5
2022-04-06,162411.SZ,华宝油气,0.25,0.5,0.5
2022-04-06,512890.SH,红利低波,0.25,0.5,0.5
2022-04-07,162411.SZ,华宝油气,0.25,0.5,0.5
2022-04-07,512890.SH,红利低波,0.25,0.5,0.5
2022-04-08,162411.SZ,华宝油气,0.25,0.5,0.5
2022-04-08,512890.SH,红利低波,0.25,0.5,0.5
2022-04-11,162411.SZ,华宝油气,0.25,0.5,0.5
2022-04-11,512890.SH,红利低波,0.25,0.5,0.5
2022-04-12,162411.SZ,华宝油气,0.25,0.5,0.5
2022-04-12,512890.SH,红利低波,0.25,0.5,0.5
2022-04-13,162411.SZ,华宝油气,0.25,0.5,0.5
2022-04-13,512890.SH,红利低波,0.25,0.5,0.5
2022-04-14,162411.SZ,华宝油气,0.25,0.5,0.5
2022-04-14,512890.SH,红利低波,0.25,0.5,0.5
2022-04-15,162411.SZ,华宝油气,0.25,0.5,0.5
2022-04-15,512890.SH,红利低波,0.25,0.5,0.5
2022-04-18,162411.SZ,华宝油气,0.25,0.5,0.5
2022-04-18,512890.SH,红利低波,0.25,0.5,0.5
2022-04-19,162411.SZ,华宝油气,0.25,0.5,0.5
2022-04-19,512890.SH,红利低波,0.25,0.5,0.5
2022-04-20,162411.SZ,华宝油气,0.25,0.5,0.5
2022-04-20,512890.SH,红利低波,0.25,0.5,0.5
2022-04-21,162411.SZ,华宝油气,0.25,0.5,0.5
2022-04-21,512890.SH,红利低波,0.25,0.5,0.5
2022-04-22,162411.SZ,华宝油气,0.25,0.5,0.5
2022-04-22,164824.SZ,印度,0.25,0.5,0.5
2022-04-25,162411.SZ,华宝油气,0.25,0.5,0.5
2022-04-25,164824.SZ,印度,0.25,0.5,0.5
2022-04-26,162411.SZ,华宝油气,0.25,0.5,0.5
2022-04-26,164824.SZ,印度,0.25,0.5,0.5
2022-04-27,164824.SZ,印度,0.25,0.5,0.5
2022-04-27,162411.SZ,华宝油气,0.25,0.5,0.5
2022-04-28,164824.SZ,印度,0.5,1.0,0.5
2022-04-29,164824.SZ,印度,0.5,1.0,0.5
2022-05-05,164824.SZ,印度,0.25,0.5,0.5
2022-05-05,162411.SZ,华宝油气,0.25,0.5,0.5
2022-05-06,162411.SZ,华宝油气,0.25,0.5,0.5
2022-05-06,164824.SZ,印度,0.25,0.5,0.5
2022-05-09,162411.SZ,华宝油气,0.25,0.5,0.5
2022-05-09,518880.SH,黄金,0.25,0.5,0.5
2022-05-10,162411.SZ,华宝油气,0.25,0.5,0.5
2022-05-10,518880.SH,黄金,0.25,0.5,0.5
2022-05-11,518880.SH,黄金,0.5,1.0,0.5
2022-05-12,518880.SH,黄金,0.5,1.0,0.5
2022-05-13,518880.SH,黄金,0.5,1.0,0.5
2022-05-16,159985.SZ,豆粕,0.5,1.0,0.5
2022-05-17,159985.SZ,豆粕,0.25,0.5,0.5
2022-05-17,162411.SZ,华宝油气,0.25,0.5,0.5
2022-05-18,162411.SZ,华宝油气,0.25,0.5,0.5
2022-05-18,159985.SZ,豆粕,0.25,0.5,0.5
2022-05-19,162411.SZ,华宝油气,0.25,0.5,0.5
2022-05-19,159985.SZ,豆粕,0.25,0.5,0.5
2022-05-20,162411.SZ,华宝油气,0.25,0.5,0.5
2022-05-20,159985.SZ,豆粕,0.25,0.5,0.5
2022-05-23,159985.SZ,豆粕,0.25,0.5,0.5
2022-05-23,513050.SH,中概互联网,0.25,0.5,0.5
2022-05-24,159985.SZ,豆粕,0.25,0.5,0.5
2022-05-24,162411.SZ,华宝油气,0.25,0.5,0.5
2022-05-25,159985.SZ,豆粕,0.25,0.5,0.5
2022-05-25,162411.SZ,华宝油气,0.25,0.5,0.5
2022-05-26,162411.SZ,华宝油气,0.25,0.5,0.5
2022-05-26,159985.SZ,豆粕,0.25,0.5,0.5
2022-05-27,162411.SZ,华宝油气,0.25,0.5,0.5
2022-05-27,159985.SZ,豆粕,0.25,0.5,0.5
2022-05-30,162411.SZ,华宝油气,0.25,0.5,0.5
2022-05-30,159985.SZ,豆粕,0.25,0.5,0.5
2022-05-31,162411.SZ,华宝油气,0.25,0.5,0.5
2022-05-31,513050.SH,中概互联网,0.25,0.5,0.5
2022-06-01,513050.SH,中概互联网,0.25,0.5,0.5
2022-06-01,162411.SZ,华宝油气,0.25,0.5,0.5
2022-06-02,162411.SZ,华宝油气,0.25,0.5,0.5
2022-06-02,513050.SH,中概互联网,0.25,0.5,0.5
2022-06-06,162411.SZ,华宝油气,0.25,0.5,0.5
2022-06-06,513050.SH,中概互联网,0.25,0.5,0.5
2022-06-07,162411.SZ,华宝油气,0.25,0.5,0.5
2022-06-07,513050.SH,中概互联网,0.25,0.5,0.5
2022-06-08,162411.SZ,华宝油气,0.25,0.5,0.5
2022-06-08,513050.SH,中概互联网,0.25,0.5,0.5
2022-06-09,162411.SZ,华宝油气,0.25,0.5,0.5
2022-06-09,513050.SH,中概互联网,0.25,0.5,0.5
2022-06-10,162411.SZ,华宝油气,0.25,0.5,0.5
2022-06-10,513050.SH,中概互联网,0.25,0.5,0.5
2022-06-13,162411.SZ,华宝油气,0.25,0.5,0.5
2022-06-13,513050.SH,中概互联网,0.25,0.5,0.5
2022-06-14,513050.SH,中概互联网,0.25,0.5,0.5
2022-06-14,162411.SZ,华宝油气,0.25,0.5,0.5
2022-06-15,513050.SH,中概互联网,0.25,0.5,0.5
2022-06-15,162411.SZ,华宝油气,0.25,0.5,0.5
2022-06-16,513050.SH,中概互联网,0.25,0.5,0.5
2022-06-16,162411.SZ,华宝油气,0.25,0.5,0.5
2022-06-17,513050.SH,中概互联网,0.25,0.5,0.5
2022-06-17,162411.SZ,华宝油气,0.25,0.5,0.5
2022-06-20,513050.SH,中概互联网,0.25,0.5,0.5
2022-06-20,159949.SZ,创业板50,0.25,0.5,0.5
2022-06-21,159949.SZ,创业板50,0.25,0.5,0.5
2022-06-21,513050.SH,中概互联网,0.25,0.5,0.5
2022-06-22,513050.SH,中概互联网,0.25,0.5,0.5
2022-06-22,159949.SZ,创业板50,0.25,0.5,0.5
2022-06-23,159949.SZ,创业板50,0.25,0.5,0.5
2022-06-23,513050.SH,中概互联网,0.25,0.5,0.5
2022-06-24,159949.SZ,创业板50,0.25,0.5,0.5
2022-06-24,513050.SH,中概互联网,0.25,0.5,0.5
2022-06-27,159949.SZ,创业板50,0.25,0.5,0.5
2022-06-27,513050.SH,中概互联网,0.25,0.5,0.5
2022-06-28,159949.SZ,创业板50,0.25,0.5,0.5
2022-06-28,513050.SH,中概互联网,0.25,0.5,0.5
2022-06-29,159949.SZ,创业板50,0.25,0.5,0.5
2022-06-29,513050.SH,中概互联网,0.25,0.5,0.5
2022-06-30,159949.SZ,创业板50,0.25,0.5,0.5
2022-06-30,513050.SH,中概互联网,0.25,0.5,0.5
2022-07-01,159949.SZ,创业板50,0.25,0.5,0.5
2022-07-01,513050.SH,中概互联网,0.25,0.5,0.5
2022-07-04,159949.SZ,创业板50,0.25,0.5,0.5
2022-07-04,513050.SH,中概互联网,0.25,0.5,0.5
2022-07-05,159949.SZ,创业板50,0.25,0.5,0.5
2022-07-05,513050.SH,中概互联网,0.25,0.5,0.5
2022-07-06,159949.SZ,创业板50,0.25,0.5,0.5
2022-07-06,513050.SH,中概互联网,0.25,0.5,0.5
2022-07-07,159949.SZ,创业板50,0.25,0.5,0.5
2022-07-07,513050.SH,中概互联网,0.25,0.5,0.5
2022-07-08,159949.SZ,创业板50,0.25,0.5,0.5
2022-07-08,513050.SH,中概互联网,0.25,0.5,0.5
2022-07-11,159949.SZ,创业板50,0.25,0.5,0.5
2022-07-11,513050.SH,中概互联网,0.25,0.5,0.5
2022-07-12,159949.SZ,创业板50,1.0,1.0,1.0
2022-07-13,159949.SZ,创业板50,1.0,1.0,1.0
2022-07-14,159949.SZ,创业板50,1.0,1.0,1.0
2022-07-15,159949.SZ,创业板50,1.0,1.0,1.0
2022-07-18,159949.SZ,创业板50,1.0,1.0,1.0
2022-07-19,159949.SZ,创业板50,0.5,0.5,1.0
2022-07-19,164824.SZ,印度,0.5,0.5,1.0
2022-07-20,164824.SZ,印度,0.5,0.5,1.0
2022-07-20,159949.SZ,创业板50,0.5,0.5,1.0
2022-07-21,164824.SZ,印度,0.5,0.5,1.0
2022-07-21,159949.SZ,创业板50,0.5,0.5,1.0
2022-07-22,164824.SZ,印度,0.5,0.5,1.0
2022-07-22,588000.SH,科创50,0.5,0.5,1.0
2022-07-25,164824.SZ,印度,1.0,1.0,1.0
2022-07-26,164824.SZ,印度,1.0,1.0,1.0
2022-07-27,164824.SZ,印度,0.5,0.5,1.0
2022-07-27,511380.SH,可转债,0.5,0.5,1.0
2022-07-28,511380.SH,可转债,0.5,0.5,1.0
2022-07-28,164824.SZ,印度,0.5,0.5,1.0
2022-07-29,164824.SZ,印度,0.5,0.5,1.0
2022-07-29,511380.SH,可转债,0.5,0.5,1.0
2022-08-01,164824.SZ,印度,0.5,0.5,1.0
2022-08-01,162411.SZ,华宝油气,0.5,0.5,1.0
2022-08-02,162411.SZ,华宝油气,0.5,0.5,1.0
2022-08-02,164824.SZ,印度,0.5,0.5,1.0
2022-08-03,164824.SZ,印度,0.5,0.5,1.0
2022-08-03,162411.SZ,华宝油气,0.5,0.5,1.0
2022-08-04,164824.SZ,印度,0.5,0.5,1.0
2022-08-04,162411.SZ,华宝油气,0.5,0.5,1.0
2022-08-05,164824.SZ,印度,0.5,0.5,1.0
2022-08-05,162411.SZ,华宝油气,0.5,0.5,1.0
2022-08-08,164824.SZ,印度,0.5,0.5,1.0
2022-08-08,162411.SZ,华宝油气,0.5,0.5,1.0
2022-08-09,164824.SZ,印度,0.5,0.5,1.0
2022-08-09,162411.SZ,华宝油气,0.5,0.5,1.0
2022-08-10,164824.SZ,印度,0.5,0.5,1.0
2022-08-10,162411.SZ,华宝油气,0.5,0.5,1.0
2022-08-11,162411.SZ,华宝油气,0.5,0.5,1.0
2022-08-11,164824.SZ,印度,0.5,0.5,1.0
2022-08-12,162411.SZ,华宝油气,0.5,0.5,1.0
2022-08-12,164824.SZ,印度,0.5,0.5,1.0
2022-08-15,162411.SZ,华宝油气,0.5,0.5,1.0
2022-08-15,164824.SZ,印度,0.5,0.5,1.0
2022-08-16,162411.SZ,华宝油气,0.5,0.5,1.0
2022-08-16,164824.SZ,印度,0.5,0.5,1.0
2022-08-17,162411.SZ,华宝油气,0.5,0.5,1.0
2022-08-17,164824.SZ,印度,0.5,0.5,1.0
2022-08-18,162411.SZ,华宝油气,0.5,0.5,1.0
2022-08-18,164824.SZ,印度,0.5,0.5,1.0
2022-08-19,162411.SZ,华宝油气,0.5,0.5,1.0
2022-08-19,164824.SZ,印度,0.5,0.5,1.0
2022-08-22,162411.SZ,华宝油气,0.5,0.5,1.0
2022-08-22,164824.SZ,印度,0.5,0.5,1.0
2022-08-23,162411.SZ,华宝油气,0.5,0.5,1.0
2022-08-23,164824.SZ,印度,0.5,0.5,1.0
2022-08-24,162411.SZ,华宝油气,0.5,0.5,1.0
2022-08-24,164824.SZ,印度,0.5,0.5,1.0
2022-08-25,162411.SZ,华宝油气,0.5,0.5,1.0
2022-08-25,164824.SZ,印度,0.5,0.5,1.0
2022-08-26,162411.SZ,华宝油气,0.5,0.5,1.0
2022-08-26,164824.SZ,印度,0.5,0.5,1.0
2022-08-29,162411.SZ,华宝油气,0.5,0.5,1.0
2022-08-29,164824.SZ,印度,0.5,0.5,1.0
2022-08-30,162411.SZ,华宝油气,0.5,0.5,1.0
2022-08-30,164824.SZ,印度,0.5,0.5,1.0
2022-08-31,162411.SZ,华宝油气,0.5,0.5,1.0
2022-08-31,164824.SZ,印度,0.5,0.5,1.0
2022-09-01,162411.SZ,华宝油气,0.5,0.5,1.0
2022-09-01,164824.SZ,印度,0.5,0.5,1.0
2022-09-02,162411.SZ,华宝油气,0.5,0.5,1.0
2022-09-02,164824.SZ,印度,0.5,0.5,1.0
2022-09-05,162411.SZ,华宝油气,0.25,0.5,0.5
2022-09-05,164824.SZ,印度,0.25,0.5,0.5
2022-09-06,162411.SZ,华宝油气,0.25,0.5,0.5
2022-09-06,164824.SZ,印度,0.25,0.5,0.5
2022-09-07,162411.SZ,华宝油气,0.25,0.5,0.5
2022-09-07,164824.SZ,印度,0.25,0.5,0.5
2022-09-08,164824.SZ,印度,0.25,0.5,0.5
2022-09-08,162411.SZ,华宝油气,0.25,0.5,0.5
2022-09-09,164824.SZ,印度,0.25,0.5,0.5
2022-09-09,162411.SZ,华宝油气,0.25,0.5,0.5
2022-09-13,164824.SZ,印度,0.25,0.5,0.5
2022-09-13,162411.SZ,华宝油气,0.25,0.5,0.5
2022-09-14,162411.SZ,华宝油气,0.25,0.5,0.5
2022-09-14,164824.SZ,印度,0.25,0.5,0.5
2022-09-15,164824.SZ,印度,0.25,0.5,0.5
2022-09-15,162411.SZ,华宝油气,0.25,0.5,0.5
2022-09-16,162411.SZ,华宝油气,0.25,0.5,0.5
2022-09-16,164824.SZ,印度,0.25,0.5,0.5
2022-09-19,164824.SZ,印度,0.25,0.5,0.5
2022-09-19,162411.SZ,华宝油气,0.25,0.5,0.5
2022-09-20,164824.SZ,印度,0.5,1.0,0.5
2022-09-21,164824.SZ,印度,0.5,1.0,0.5
2022-09-22,164824.SZ,印度,0.25,0.5,0.5
2022-09-22,512890.SH,红利低波,0.25,0.5,0.5
2022-09-23,512890.SH,红利低波,0.5,1.0,0.5
2022-09-26,512890.SH,红利低波,0.5,1.0,0.5
2022-10-14,162411.SZ,华宝油气,0.5,1.0,0.5
2022-10-17,162411.SZ,华宝油气,0.5,1.0,0.5
2022-10-18,162411.SZ,华宝油气,0.5,1.0,0.5
2022-10-19,162411.SZ,华宝油气,0.5,1.0,0.5
2022-10-20,162411.SZ,华宝油气,0.5,1.0,0.5
2022-10-21,162411.SZ,华宝油气,0.5,1.0,0.5
2022-10-24,162411.SZ,华宝油气,0.5,1.0,0.5
2022-10-25,162411.SZ,华宝油气,0.25,0.5,0.5
2022-10-25,513030.SH,德国,0.25,0.5,0.5
2022-10-26,162411.SZ,华宝油气,0.25,0.5,0.5
2022-10-26,513030.SH,德国,0.25,0.5,0.5
2022-10-27,162411.SZ,华宝油气,0.25,0.5,0.5
2022-10-27,513030.SH,德国,0.25,0.5,0.5
2022-10-28,162411.SZ,华宝油气,0.25,0.5,0.5
2022-10-28,513030.SH,德国,0.25,0.5,0.5
2022-10-31,162411.SZ,华宝油气,0.25,0.5,0.5
2022-10-31,513030.SH,德国,0.25,0.5,0.5
2022-11-01,162411.SZ,华宝油气,0.25,0.5,0.5
2022-11-01,513030.SH,德国,0.25,0.5,0.5
2022-11-02,162411.SZ,华宝油气,0.25,0.5,0.5
2022-11-02,513030.SH,德国,0.25,0.5,0.5
2022-11-03,162411.SZ,华宝油气,0.25,0.5,0.5
2022-11-03,513030.SH,德国,0.25,0.5,0.5
2022-11-04,162411.SZ,华宝油气,0.25,0.5,0.5
2022-11-04,513030.SH,德国,0.25,0.5,0.5
2022-11-07,162411.SZ,华宝油气,0.25,0.5,0.5
2022-11-07,513030.SH,德国,0.25,0.5,0.5
2022-11-08,162411.SZ,华宝油气,0.25,0.5,0.5
2022-11-08,513030.SH,德国,0.25,0.5,0.5
2022-11-09,162411.SZ,华宝油气,0.25,0.5,0.5
2022-11-09,513030.SH,德国,0.25,0.5,0.5
2022-11-10,162411.SZ,华宝油气,0.25,0.5,0.5
2022-11-10,513030.SH,德国,0.25,0.5,0.5
2022-11-11,162411.SZ,华宝油气,0.25,0.5,0.5
2022-11-11,513030.SH,德国,0.25,0.5,0.5
2022-11-14,162411.SZ,华宝油气,0.25,0.5,0.5
2022-11-14,513030.SH,德国,0.25,0.5,0.5
2022-11-15,513030.SH,德国,0.25,0.5,0.5
2022-11-15,162411.SZ,华宝油气,0.25,0.5,0.5
2022-11-16,513030.SH,德国,0.25,0.5,0.5
2022-11-16,162411.SZ,华宝油气,0.25,0.5,0.5
2022-11-17,513030.SH,德国,0.25,0.5,0.5
2022-11-17,162411.SZ,华宝油气,0.25,0.5,0.5
2022-11-18,513030.SH,德国,0.25,0.5,0.5
2022-11-18,162411.SZ,华宝油气,0.25,0.5,0.5
2022-11-21,513030.SH,德国,0.25,0.5,0.5
2022-11-21,162411.SZ,华宝油气,0.25,0.5,0.5
2022-11-22,513030.SH,德国,0.25,0.5,0.5
2022-11-22,162411.SZ,华宝油气,0.25,0.5,0.5
2022-11-23,513030.SH,德国,0.25,0.5,0.5
2022-11-23,162411.SZ,华宝油气,0.25,0.5,0.5
2022-11-24,513030.SH,德国,0.25,0.5,0.5
2022-11-24,162411.SZ,华宝油气,0.25,0.5,0.5
2022-11-25,513030.SH,德国,0.25,0.5,0.5
2022-11-25,164824.SZ,印度,0.25,0.5,0.5
2022-11-28,513030.SH,德国,0.25,0.5,0.5
2022-11-28,164824.SZ,印度,0.25,0.5,0.5
2022-11-29,513030.SH,德国,0.25,0.5,0.5
2022-11-29,164824.SZ,印度,0.25,0.5,0.5
2022-11-30,513030.SH,德国,0.25,0.5,0.5
2022-11-30,513050.SH,中概互联网,0.25,0.5,0.5
2022-12-01,513050.SH,中概互联网,0.25,0.5,0.5
2022-12-01,513030.SH,德国,0.25,0.5,0.5
2022-12-02,513050.SH,中概互联网,0.25,0.5,0.5
2022-12-02,513030.SH,德国,0.25,0.5,0.5
2022-12-05,513050.SH,中概互联网,0.25,0.5,0.5
2022-12-05,513030.SH,德国,0.25,0.5,0.5
2022-12-06,513050.SH,中概互联网,0.25,0.5,0.5
2022-12-06,513030.SH,德国,0.25,0.5,0.5
2022-12-07,513050.SH,中概互联网,0.25,0.5,0.5
2022-12-07,513030.SH,德国,0.25,0.5,0.5
2022-12-08,513050.SH,中概互联网,0.25,0.5,0.5
2022-12-08,513030.SH,德国,0.25,0.5,0.5
2022-12-09,513050.SH,中概互联网,0.25,0.5,0.5
2022-12-09,513030.SH,德国,0.25,0.5,0.5
2022-12-12,513050.SH,中概互联网,0.25,0.5,0.5
2022-12-12,513030.SH,德国,0.25,0.5,0.5
2022-12-13,513050.SH,中概互联网,0.25,0.5,0.5
2022-12-13,513030.SH,德国,0.25,0.5,0.5
2022-12-14,513050.SH,中概互联网,0.25,0.5,0.5
2022-12-14,513030.SH,德国,0.25,0.5,0.5
2022-12-15,513050.SH,中概互联网,0.25,0.5,0.5
2022-12-15,513030.SH,德国,0.25,0.5,0.5
2022-12-16,513050.SH,中概互联网,0.25,0.5,0.5
2022-12-16,513030.SH,德国,0.25,0.5,0.5
2022-12-19,513050.SH,中概互联网,0.25,0.5,0.5
2022-12-19,159985.SZ,豆粕,0.25,0.5,0.5
2022-12-20,513050.SH,中概互联网,0.25,0.5,0.5
2022-12-20,159985.SZ,豆粕,0.25,0.5,0.5
2022-12-21,159985.SZ,豆粕,0.25,0.5,0.5
2022-12-21,513050.SH,中概互联网,0.25,0.5,0.5
2022-12-22,159985.SZ,豆粕,0.25,0.5,0.5
2022-12-22,513050.SH,中概互联网,0.25,0.5,0.5
2022-12-23,513050.SH,中概互联网,0.25,0.5,0.5
2022-12-23,159985.SZ,豆粕,0.25,0.5,0.5
2022-12-26,159985.SZ,豆粕,0.25,0.5,0.5
2022-12-26,513050.SH,中概互联网,0.25,0.5,0.5
2022-12-27,159985.SZ,豆粕,0.25,0.5,0.5
2022-12-27,513050.SH,中概互联网,0.25,0.5,0.5
2022-12-28,513050.SH,中概互联网,0.25,0.5,0.5
2022-12-28,159985.SZ,豆粕,0.25,0.5,0.5
2022-12-29,513050.SH,中概互联网,0.25,0.5,0.5
2022-12-29,159985.SZ,豆粕,0.25,0.5,0.5
2022-12-30,159985.SZ,豆粕,0.25,0.5,0.5
2022-12-30,513050.SH,中概互联网,0.25,0.5,0.5
2023-01-03,159985.SZ,豆粕,0.25,0.5,0.5
2023-01-03,513050.SH,中概互联网,0.25,0.5,0.5
2023-01-04,159985.SZ,豆粕,0.25,0.5,0.5
2023-01-04,513050.SH,中概互联网,0.25,0.5,0.5
2023-01-05,513050.SH,中概互联网,0.25,0.5,0.5
2023-01-05,159985.SZ,豆粕,0.25,0.5,0.5
2023-01-06,513050.SH,中概互联网,0.25,0.5,0.5
2023-01-06,159985.SZ,豆粕,0.25,0.5,0.5
2023-01-09,513050.SH,中概互联网,0.25,0.5,0.5
2023-01-09,159949.SZ,创业板50,0.25,0.5,0.5
2023-01-10,513050.SH,中概互联网,0.25,0.5,0.5
2023-01-10,159949.SZ,创业板50,0.25,0.5,0.5
2023-01-11,513050.SH,中概互联网,0.25,0.5,0.5
2023-01-11,159949.SZ,创业板50,0.25,0.5,0.5
2023-01-12,513050.SH,中概互联网,0.25,0.5,0.5
2023-01-12,159949.SZ,创业板50,0.25,0.5,0.5
2023-01-13,513050.SH,中概互联网,0.25,0.5,0.5
2023-01-13,159949.SZ,创业板50,0.25,0.5,0.5
2023-01-16,513050.SH,中概互联网,0.25,0.5,0.5
2023-01-16,159949.SZ,创业板50,0.25,0.5,0.5
2023-01-17,159949.SZ,创业板50,0.25,0.5,0.5
2023-01-17,513050.SH,中概互联网,0.25,0.5,0.5
2023-01-18,513050.SH,中概互联网,0.25,0.5,0.5
2023-01-18,159949.SZ,创业板50,0.25,0.5,0.5
2023-01-19,513050.SH,中概互联网,0.25,0.5,0.5
2023-01-19,159949.SZ,创业板50,0.25,0.5,0.5
2023-01-20,159949.SZ,创业板50,0.25,0.5,0.5
2023-01-20,513050.SH,中概互联网,0.25,0.5,0.5
2023-01-30,513050.SH,中概互联网,0.25,0.5,0.5
2023-01-30,159949.SZ,创业板50,0.25,0.5,0.5
2023-01-31,159949.SZ,创业板50,0.25,0.5,0.5
2023-01-31,513050.SH,中概互联网,0.25,0.5,0.5
2023-02-01,159949.SZ,创业板50,0.5,0.5,1.0
2023-02-01,513050.SH,中概互联网,0.5,0.5,1.0
2023-02-02,513050.SH,中概互联网,0.5,0.5,1.0
2023-02-02,159949.SZ,创业板50,0.5,0.5,1.0
2023-02-03,513050.SH,中概互联网,0.5,0.5,1.0
2023-02-03,159949.SZ,创业板50,0.5,0.5,1.0
2023-02-06,159949.SZ,创业板50,0.5,0.5,1.0
2023-02-06,513050.SH,中概互联网,0.5,0.5,1.0
2023-02-07,159949.SZ,创业板50,0.5,0.5,1.0
2023-02-07,513520.SH,日经225,0.5,0.5,1.0
2023-02-08,159949.SZ,创业板50,0.5,0.5,1.0
2023-02-08,513520.SH,日经225,0.5,0.5,1.0
2023-02-09,159949.SZ,创业板50,0.5,0.5,1.0
2023-02-09,513520.SH,日经225,0.5,0.5,1.0
2023-02-10,159949.SZ,创业板50,0.5,0.5,1.0
2023-02-10,513050.SH,中概互联网,0.5,0.5,1.0
2023-02-13,159949.SZ,创业板50,0.5,0.5,1.0
2023-02-13,513520.SH,日经225,0.5,0.5,1.0
2023-02-14,159949.SZ,创业板50,0.5,0.5,1.0
2023-02-14,513520.SH,日经225,0.5,0.5,1.0
2023-02-15,159949.SZ,创业板50,0.5,0.5,1.0
2023-02-15,513520.SH,日经225,0.5,0.5,1.0
2023-02-16,159949.SZ,创业板50,0.5,0.5,1.0
2023-02-16,513520.SH,日经225,0.5,0.5,1.0
2023-02-17,513520.SH,日经225,0.5,0.5,1.0
2023-02-17,162411.SZ,华宝油气,0.5,0.5,1.0
2023-02-20,513520.SH,日经225,1.0,1.0,1.0
2023-02-21,513520.SH,日经225,1.0,1.0,1.0
2023-02-22,513520.SH,日经225,1.0,1.0,1.0
2023-03-01,513030.SH,德国,1.0,1.0,1.0
2023-03-02,513030.SH,德国,1.0,1.0,1.0
2023-03-07,513030.SH,德国,0.5,0.5,1.0
2023-03-07,513100.SH,纳指,0.5,0.5,1.0
2023-03-08,513030.SH,德国,0.5,0.5,1.0
2023-03-08,513100.SH,纳指,0.5,0.5,1.0
2023-03-09,513030.SH,德国,0.5,0.5,1.0
2023-03-09,513520.SH,日经225,0.5,0.5,1.0
2023-03-10,513520.SH,日经225,0.5,0.5,1.0
2023-03-10,513030.SH,德国,0.5,0.5,1.0
2023-03-13,513520.SH,日经225,0.5,0.5,1.0
2023-03-13,513030.SH,德国,0.5,0.5,1.0
2023-03-14,513030.SH,德国,0.5,0.5,1.0
2023-03-14,513520.SH,日经225,0.5,0.5,1.0
2023-03-15,512890.SH,红利低波,1.0,1.0,1.0
2023-03-16,512890.SH,红利低波,1.0,1.0,1.0
2023-03-17,512890.SH,红利低波,1.0,1.0,1.0
2023-03-20,512890.SH,红利低波,0.5,0.5,1.0
2023-03-20,513100.SH,纳指,0.5,0.5,1.0
2023-03-21,512890.SH,红利低波,0.5,0.5,1.0
2023-03-21,513100.SH,纳指,0.5,0.5,1.0
2023-03-22,512890.SH,红利低波,0.5,0.5,1.0
2023-03-22,513100.SH,纳指,0.5,0.5,1.0
2023-03-23,512890.SH,红利低波,0.5,0.5,1.0
2023-03-23,513100.SH,纳指,0.5,0.5,1.0
2023-03-24,512890.SH,红利低波,1.0,1.0,1.0
2023-03-27,512890.SH,红利低波,0.5,0.5,1.0
2023-03-27,513100.SH,纳指,0.5,0.5,1.0
2023-03-28,513100.SH,纳指,1.0,1.0,1.0
2023-03-29,513100.SH,纳指,1.0,1.0,1.0
2023-03-30,513100.SH,纳指,1.0,1.0,1.0
2023-03-31,513100.SH,纳指,1.0,1.0,1.0
2023-04-03,513100.SH,纳指,1.0,1.0,1.0
2023-04-04,513100.SH,纳指,0.5,0.5,1.0
2023-04-04,512890.SH,红利低波,0.5,0.5,1.0
2023-04-06,513100.SH,纳指,0.5,0.5,1.0
2023-04-06,512890.SH,红利低波,0.5,0.5,1.0
2023-04-07,513100.SH,纳指,0.5,0.5,1.0
2023-04-07,512890.SH,红利低波,0.5,0.5,1.0
2023-04-10,513100.SH,纳指,0.5,0.5,1.0
2023-04-10,512890.SH,红利低波,0.5,0.5,1.0
2023-04-11,513100.SH,纳指,0.5,0.5,1.0
2023-04-11,513520.SH,日经225,0.5,0.5,1.0
2023-04-12,513100.SH,纳指,0.5,0.5,1.0
2023-04-12,513520.SH,日经225,0.5,0.5,1.0
2023-04-13,513100.SH,纳指,0.5,0.5,1.0
2023-04-13,513520.SH,日经225,0.5,0.5,1.0
2023-04-14,513100.SH,纳指,0.5,0.5,1.0
2023-04-14,513520.SH,日经225,0.5,0.5,1.0
2023-04-17,513100.SH,纳指,0.5,0.5,1.0
2023-04-17,513520.SH,日经225,0.5,0.5,1.0
2023-04-18,513100.SH,纳指,0.5,0.5,1.0
2023-04-18,513050.SH,中概互联网,0.5,0.5,1.0
2023-04-19,513100.SH,纳指,0.5,0.5,1.0
2023-04-19,512890.SH,红利低波,0.5,0.5,1.0
2023-04-20,513100.SH,纳指,0.5,0.5,1.0
2023-04-20,512890.SH,红利低波,0.5,0.5,1.0
2023-04-21,513100.SH,纳指,0.5,0.5,1.0
2023-04-21,512890.SH,红利低波,0.5,0.5,1.0
2023-04-24,513100.SH,纳指,0.5,0.5,1.0
2023-04-24,512890.SH,红利低波,0.5,0.5,1.0
2023-04-25,512890.SH,红利低波,0.5,0.5,1.0
2023-04-25,513520.SH,日经225,0.5,0.5,1.0
2023-04-26,513520.SH,日经225,0.5,0.5,1.0
2023-04-26,512890.SH,红利低波,0.5,0.5,1.0
2023-04-27,512890.SH,红利低波,0.5,0.5,1.0
2023-04-27,513520.SH,日经225,0.5,0.5,1.0
2023-04-28,512890.SH,红利低波,0.5,0.5,1.0
2023-04-28,513520.SH,日经225,0.5,0.5,1.0
2023-05-04,512890.SH,红利低波,0.5,0.5,1.0
2023-05-04,513520.SH,日经225,0.5,0.5,1.0
2023-05-05,512890.SH,红利低波,0.5,0.5,1.0
2023-05-05,513520.SH,日经225,0.5,0.5,1.0
2023-05-08,512890.SH,红利低波,0.5,0.5,1.0
2023-05-08,513520.SH,日经225,0.5,0.5,1.0
2023-05-09,512890.SH,红利低波,0.5,0.5,1.0
2023-05-09,513520.SH,日经225,0.5,0.5,1.0
2023-05-10,512890.SH,红利低波,0.5,0.5,1.0
2023-05-10,513520.SH,日经225,0.5,0.5,1.0
2023-05-11,512890.SH,红利低波,0.5,0.5,1.0
2023-05-11,513520.SH,日经225,0.5,0.5,1.0
2023-05-12,512890.SH,红利低波,0.5,0.5,1.0
2023-05-12,513520.SH,日经225,0.5,0.5,1.0
2023-05-15,513520.SH,日经225,0.5,0.5,1.0
2023-05-15,512890.SH,红利低波,0.5,0.5,1.0
2023-05-16,512890.SH,红利低波,0.5,0.5,1.0
2023-05-16,513520.SH,日经225,0.5,0.5,1.0
2023-05-17,513520.SH,日经225,0.5,0.5,1.0
2023-05-17,513100.SH,纳指,0.5,0.5,1.0
2023-05-18,513520.SH,日经225,0.5,0.5,1.0
2023-05-18,513100.SH,纳指,0.5,0.5,1.0
2023-05-19,513520.SH,日经225,0.5,0.5,1.0
2023-05-19,513100.SH,纳指,0.5,0.5,1.0
2023-05-22,513520.SH,日经225,0.25,0.5,0.5
2023-05-22,513100.SH,纳指,0.25,0.5,0.5
2023-05-23,513520.SH,日经225,0.5,0.5,1.0
2023-05-23,513100.SH,纳指,0.5,0.5,1.0
2023-05-24,513100.SH,纳指,0.5,0.5,1.0
2023-05-24,513520.SH,日经225,0.5,0.5,1.0
2023-05-25,513520.SH,日经225,0.5,0.5,1.0
2023-05-25,513100.SH,纳指,0.5,0.5,1.0
2023-05-26,513100.SH,纳指,0.5,0.5,1.0
2023-05-26,513520.SH,日经225,0.5,0.5,1.0
2023-05-29,513100.SH,纳指,0.5,0.5,1.0
2023-05-29,513520.SH,日经225,0.5,0.5,1.0
2023-05-30,513100.SH,纳指,0.5,0.5,1.0
2023-05-30,513520.SH,日经225,0.5,0.5,1.0
2023-05-31,513100.SH,纳指,0.5,0.5,1.0
2023-05-31,513520.SH,日经225,0.5,0.5,1.0
2023-06-01,513100.SH,纳指,0.5,0.5,1.0
2023-06-01,513520.SH,日经225,0.5,0.5,1.0
2023-06-02,513100.SH,纳指,0.5,0.5,1.0
2023-06-02,513520.SH,日经225,0.5,0.5,1.0
2023-06-05,513100.SH,纳指,0.5,0.5,1.0
2023-06-05,513520.SH,日经225,0.5,0.5,1.0
2023-06-06,513100.SH,纳指,0.5,0.5,1.0
2023-06-06,513520.SH,日经225,0.5,0.5,1.0
2023-06-07,513100.SH,纳指,0.5,0.5,1.0
2023-06-07,513520.SH,日经225,0.5,0.5,1.0
2023-06-08,513100.SH,纳指,0.5,0.5,1.0
2023-06-08,513520.SH,日经225,0.5,0.5,1.0
2023-06-09,513100.SH,纳指,0.5,0.5,1.0
2023-06-09,513520.SH,日经225,0.5,0.5,1.0
2023-06-12,513100.SH,纳指,0.5,0.5,1.0
2023-06-12,513520.SH,日经225,0.5,0.5,1.0
2023-06-13,513100.SH,纳指,0.5,0.5,1.0
2023-06-13,513520.SH,日经225,0.5,0.5,1.0
2023-06-14,513100.SH,纳指,0.5,0.5,1.0
2023-06-14,513520.SH,日经225,0.5,0.5,1.0
2023-06-15,513100.SH,纳指,0.5,0.5,1.0
2023-06-15,513520.SH,日经225,0.5,0.5,1.0
2023-06-16,513100.SH,纳指,0.5,0.5,1.0
2023-06-16,513520.SH,日经225,0.5,0.5,1.0
2023-06-19,513100.SH,纳指,0.5,0.5,1.0
2023-06-19,513520.SH,日经225,0.5,0.5,1.0
2023-06-20,513100.SH,纳指,0.5,0.5,1.0
2023-06-20,513520.SH,日经225,0.5,0.5,1.0
2023-06-21,513100.SH,纳指,0.5,0.5,1.0
2023-06-21,513520.SH,日经225,0.5,0.5,1.0
2023-06-26,513100.SH,纳指,0.5,0.5,1.0
2023-06-26,513520.SH,日经225,0.5,0.5,1.0
2023-06-27,513100.SH,纳指,0.5,0.5,1.0
2023-06-27,159985.SZ,豆粕,0.5,0.5,1.0
2023-06-28,159985.SZ,豆粕,0.5,0.5,1.0
2023-06-28,513100.SH,纳指,0.5,0.5,1.0
2023-06-29,159985.SZ,豆粕,0.5,0.5,1.0
2023-06-29,513100.SH,纳指,0.5,0.5,1.0
2023-06-30,513100.SH,纳指,0.5,0.5,1.0
2023-06-30,159985.SZ,豆粕,0.5,0.5,1.0
2023-07-03,513100.SH,纳指,0.5,0.5,1.0
2023-07-03,159985.SZ,豆粕,0.5,0.5,1.0
2023-07-04,159985.SZ,豆粕,0.5,0.5,1.0
2023-07-04,513100.SH,纳指,0.5,0.5,1.0
2023-07-05,159985.SZ,豆粕,0.5,0.5,1.0
2023-07-05,513100.SH,纳指,0.5,0.5,1.0
2023-07-06,159985.SZ,豆粕,0.5,0.5,1.0
2023-07-06,513100.SH,纳指,0.5,0.5,1.0
2023-07-07,159985.SZ,豆粕,0.5,0.5,1.0
2023-07-07,513100.SH,纳指,0.5,0.5,1.0
2023-07-10,159985.SZ,豆粕,0.5,0.5,1.0
2023-07-10,513100.SH,纳指,0.5,0.5,1.0
2023-07-11,159985.SZ,豆粕,0.5,0.5,1.0
2023-07-11,513100.SH,纳指,0.5,0.5,1.0
2023-07-12,159985.SZ,豆粕,0.5,0.5,1.0
2023-07-12,513100.SH,纳指,0.5,0.5,1.0
2023-07-13,159985.SZ,豆粕,0.5,0.5,1.0
2023-07-13,513100.SH,纳指,0.5,0.5,1.0
2023-07-14,159985.SZ,豆粕,0.5,0.5,1.0
2023-07-14,513100.SH,纳指,0.5,0.5,1.0
2023-07-17,159985.SZ,豆粕,0.5,0.5,1.0
2023-07-17,513100.SH,纳指,0.5,0.5,1.0
2023-07-18,159985.SZ,豆粕,0.5,0.5,1.0
2023-07-18,513100.SH,纳指,0.5,0.5,1.0
2023-07-19,159985.SZ,豆粕,0.5,0.5,1.0
2023-07-19,513100.SH,纳指,0.5,0.5,1.0
2023-07-20,159985.SZ,豆粕,0.5,0.5,1.0
2023-07-20,513100.SH,纳指,0.5,0.5,1.0
2023-07-21,159985.SZ,豆粕,0.5,0.5,1.0
2023-07-21,513100.SH,纳指,0.5,0.5,1.0
2023-07-24,159985.SZ,豆粕,0.5,0.5,1.0
2023-07-24,513100.SH,纳指,0.5,0.5,1.0
2023-07-25,159985.SZ,豆粕,0.5,0.5,1.0
2023-07-25,513100.SH,纳指,0.5,0.5,1.0
2023-07-26,159985.SZ,豆粕,0.5,0.5,1.0
2023-07-26,513100.SH,纳指,0.5,0.5,1.0
2023-07-27,159985.SZ,豆粕,0.5,0.5,1.0
2023-07-27,513100.SH,纳指,0.5,0.5,1.0
2023-07-28,159985.SZ,豆粕,0.5,0.5,1.0
2023-07-28,513100.SH,纳指,0.5,0.5,1.0
2023-07-31,159985.SZ,豆粕,0.5,0.5,1.0
2023-07-31,162411.SZ,华宝油气,0.5,0.5,1.0
2023-08-01,162411.SZ,华宝油气,0.5,0.5,1.0
2023-08-01,159985.SZ,豆粕,0.5,0.5,1.0
2023-08-02,159985.SZ,豆粕,0.5,0.5,1.0
2023-08-02,162411.SZ,华宝油气,0.5,0.5,1.0
2023-08-03,159985.SZ,豆粕,0.5,0.5,1.0
2023-08-03,162411.SZ,华宝油气,0.5,0.5,1.0
2023-08-04,159985.SZ,豆粕,0.5,0.5,1.0
2023-08-04,162411.SZ,华宝油气,0.5,0.5,1.0
2023-08-07,159985.SZ,豆粕,0.5,0.5,1.0
2023-08-07,162411.SZ,华宝油气,0.5,0.5,1.0
2023-08-08,162411.SZ,华宝油气,0.5,0.5,1.0
2023-08-08,159985.SZ,豆粕,0.5,0.5,1.0
2023-08-09,162411.SZ,华宝油气,0.5,0.5,1.0
2023-08-09,159985.SZ,豆粕,0.5,0.5,1.0
2023-08-10,162411.SZ,华宝油气,0.5,0.5,1.0
2023-08-10,159985.SZ,豆粕,0.5,0.5,1.0
2023-08-11,162411.SZ,华宝油气,0.5,0.5,1.0
2023-08-11,159985.SZ,豆粕,0.5,0.5,1.0
2023-08-14,162411.SZ,华宝油气,0.5,0.5,1.0
2023-08-14,159985.SZ,豆粕,0.5,0.5,1.0
2023-08-15,162411.SZ,华宝油气,0.5,0.5,1.0
2023-08-15,159985.SZ,豆粕,0.5,0.5,1.0
2023-08-16,162411.SZ,华宝油气,0.5,0.5,1.0
2023-08-16,159985.SZ,豆粕,0.5,0.5,1.0
2023-08-17,159985.SZ,豆粕,0.5,0.5,1.0
2023-08-17,162411.SZ,华宝油气,0.5,0.5,1.0
2023-08-18,159985.SZ,豆粕,0.5,0.5,1.0
2023-08-18,162411.SZ,华宝油气,0.5,0.5,1.0
2023-08-21,159985.SZ,豆粕,0.5,0.5,1.0
2023-08-21,162411.SZ,华宝油气,0.5,0.5,1.0
2023-08-22,162411.SZ,华宝油气,0.5,0.5,1.0
2023-08-22,159985.SZ,豆粕,0.5,0.5,1.0
2023-08-23,162411.SZ,华宝油气,0.5,0.5,1.0
2023-08-23,159985.SZ,豆粕,0.5,0.5,1.0
2023-08-24,162411.SZ,华宝油气,0.5,0.5,1.0
2023-08-24,159985.SZ,豆粕,0.5,0.5,1.0
2023-08-25,162411.SZ,华宝油气,0.5,0.5,1.0
2023-08-25,159985.SZ,豆粕,0.5,0.5,1.0
2023-08-28,159985.SZ,豆粕,0.5,0.5,1.0
2023-08-28,162411.SZ,华宝油气,0.5,0.5,1.0
2023-08-29,159985.SZ,豆粕,0.5,0.5,1.0
2023-08-29,162411.SZ,华宝油气,0.5,0.5,1.0
2023-08-30,159985.SZ,豆粕,0.5,0.5,1.0
2023-08-30,162411.SZ,华宝油气,0.5,0.5,1.0
2023-08-31,162411.SZ,华宝油气,0.5,0.5,1.0
2023-08-31,159985.SZ,豆粕,0.5,0.5,1.0
2023-09-01,159985.SZ,豆粕,0.5,0.5,1.0
2023-09-01,162411.SZ,华宝油气,0.5,0.5,1.0
2023-09-04,159985.SZ,豆粕,0.5,0.5,1.0
2023-09-04,162411.SZ,华宝油气,0.5,0.5,1.0
2023-09-05,162411.SZ,华宝油气,0.5,0.5,1.0
2023-09-05,159985.SZ,豆粕,0.5,0.5,1.0
2023-09-06,159985.SZ,豆粕,0.5,0.5,1.0
2023-09-06,162411.SZ,华宝油气,0.5,0.5,1.0
2023-09-07,159985.SZ,豆粕,0.5,0.5,1.0
2023-09-07,162411.SZ,华宝油气,0.5,0.5,1.0
2023-09-08,159985.SZ,豆粕,0.5,0.5,1.0
2023-09-08,162411.SZ,华宝油气,0.5,0.5,1.0
2023-09-11,162411.SZ,华宝油气,0.5,0.5,1.0
2023-09-11,159985.SZ,豆粕,0.5,0.5,1.0
2023-09-12,159985.SZ,豆粕,0.5,0.5,1.0
2023-09-12,162411.SZ,华宝油气,0.5,0.5,1.0
2023-09-13,162411.SZ,华宝油气,0.5,0.5,1.0
2023-09-13,159985.SZ,豆粕,0.5,0.5,1.0
2023-09-14,162411.SZ,华宝油气,0.5,0.5,1.0
2023-09-14,518880.SH,黄金,0.5,0.5,1.0
2023-09-15,518880.SH,黄金,0.5,0.5,1.0
2023-09-15,162411.SZ,华宝油气,0.5,0.5,1.0
2023-09-18,162411.SZ,华宝油气,0.5,0.5,1.0
2023-09-18,518880.SH,黄金,0.5,0.5,1.0
2023-09-19,518880.SH,黄金,0.5,0.5,1.0
2023-09-19,162411.SZ,华宝油气,0.5,0.5,1.0
2023-09-20,518880.SH,黄金,1.0,1.0,1.0
2023-09-21,518880.SH,黄金,1.0,1.0,1.0
2023-09-22,518880.SH,黄金,1.0,1.0,1.0
2023-09-25,518880.SH,黄金,1.0,1.0,1.0
2023-09-26,518880.SH,黄金,1.0,1.0,1.0
2023-09-27,518880.SH,黄金,1.0,1.0,1.0
2023-09-28,518880.SH,黄金,1.0,1.0,1.0
2023-10-09,162411.SZ,华宝油气,1.0,1.0,1.0
2023-10-17,512890.SH,红利低波,1.0,1.0,1.0
2023-10-18,512890.SH,红利低波,1.0,1.0,1.0
2023-10-19,512890.SH,红利低波,0.5,0.5,1.0
2023-10-19,162411.SZ,华宝油气,0.5,0.5,1.0
2023-10-20,162411.SZ,华宝油气,1.0,1.0,1.0
2023-10-23,162411.SZ,华宝油气,0.5,0.5,1.0
2023-10-23,518880.SH,黄金,0.5,0.5,1.0
2023-10-24,518880.SH,黄金,0.5,0.5,1.0
2023-10-24,162411.SZ,华宝油气,0.5,0.5,1.0
2023-10-25,518880.SH,黄金,1.0,1.0,1.0
2023-10-26,518880.SH,黄金,1.0,1.0,1.0
2023-10-27,518880.SH,黄金,1.0,1.0,1.0
2023-10-30,518880.SH,黄金,1.0,1.0,1.0
2023-10-31,518880.SH,黄金,1.0,1.0,1.0
2023-11-01,518880.SH,黄金,1.0,1.0,1.0
2023-11-02,518880.SH,黄金,1.0,1.0,1.0
2023-11-03,518880.SH,黄金,0.5,0.5,1.0
2023-11-03,159985.SZ,豆粕,0.5,0.5,1.0
2023-11-06,159985.SZ,豆粕,0.5,0.5,1.0
2023-11-06,518880.SH,黄金,0.5,0.5,1.0
2023-11-07,159985.SZ,豆粕,0.5,0.5,1.0
2023-11-07,518880.SH,黄金,0.5,0.5,1.0
2023-11-08,159985.SZ,豆粕,0.5,0.5,1.0
2023-11-08,563300.SH,中证2000,0.5,0.5,1.0
2023-11-09,159985.SZ,豆粕,0.5,0.5,1.0
2023-11-09,563300.SH,中证2000,0.5,0.5,1.0
2023-11-10,563300.SH,中证2000,0.5,0.5,1.0
2023-11-10,159985.SZ,豆粕,0.5,0.5,1.0
2023-11-13,563300.SH,中证2000,0.5,0.5,1.0
2023-11-13,159985.SZ,豆粕,0.5,0.5,1.0
2023-11-14,159985.SZ,豆粕,0.5,0.5,1.0
2023-11-14,563300.SH,中证2000,0.5,0.5,1.0
2023-11-15,159985.SZ,豆粕,0.5,0.5,1.0
2023-11-15,563300.SH,中证2000,0.5,0.5,1.0
2023-11-16,159985.SZ,豆粕,0.5,0.5,1.0
2023-11-16,563300.SH,中证2000,0.5,0.5,1.0
2023-11-17,159985.SZ,豆粕,0.5,0.5,1.0
2023-11-17,563300.SH,中证2000,0.5,0.5,1.0
2023-11-20,563300.SH,中证2000,0.5,0.5,1.0
2023-11-20,159985.SZ,豆粕,0.5,0.5,1.0
2023-11-21,563300.SH,中证2000,0.5,0.5,1.0
2023-11-21,513030.SH,德国,0.5,0.5,1.0
2023-11-22,563300.SH,中证2000,0.5,0.5,1.0
2023-11-22,513030.SH,德国,0.5,0.5,1.0
2023-11-23,563300.SH,中证2000,0.5,0.5,1.0
2023-11-23,513030.SH,德国,0.5,0.5,1.0
2023-11-24,563300.SH,中证2000,0.5,0.5,1.0
2023-11-24,513030.SH,德国,0.5,0.5,1.0
2023-11-27,513030.SH,德国,0.5,0.5,1.0
2023-11-27,563300.SH,中证2000,0.5,0.5,1.0
2023-11-28,563300.SH,中证2000,0.5,0.5,1.0
2023-11-28,513030.SH,德国,0.5,0.5,1.0
2023-11-29,563300.SH,中证2000,0.5,0.5,1.0
2023-11-29,513030.SH,德国,0.5,0.5,1.0
2023-11-30,513030.SH,德国,0.5,0.5,1.0
2023-11-30,563300.SH,中证2000,0.5,0.5,1.0
2023-12-01,513030.SH,德国,0.5,0.5,1.0
2023-12-01,513100.SH,纳指,0.5,0.5,1.0
2023-12-04,513030.SH,德国,0.5,0.5,1.0
2023-12-04,513100.SH,纳指,0.5,0.5,1.0
2023-12-05,513030.SH,德国,0.5,0.5,1.0
2023-12-05,513100.SH,纳指,0.5,0.5,1.0
2023-12-06,513030.SH,德国,0.5,0.5,1.0
2023-12-06,513100.SH,纳指,0.5,0.5,1.0
2023-12-07,513030.SH,德国,0.5,0.5,1.0
2023-12-07,513100.SH,纳指,0.5,0.5,1.0
2023-12-08,513030.SH,德国,0.5,0.5,1.0
2023-12-08,513520.SH,日经225,0.5,0.5,1.0
2023-12-11,513030.SH,德国,0.5,0.5,1.0
2023-12-11,513520.SH,日经225,0.5,0.5,1.0
2023-12-12,513030.SH,德国,0.5,0.5,1.0
2023-12-12,513520.SH,日经225,0.5,0.5,1.0
2023-12-13,513030.SH,德国,0.5,0.5,1.0
2023-12-13,513520.SH,日经225,0.5,0.5,1.0
2023-12-14,513030.SH,德国,0.5,0.5,1.0
2023-12-14,513520.SH,日经225,0.5,0.5,1.0
2023-12-15,513030.SH,德国,0.5,0.5,1.0
2023-12-15,513520.SH,日经225,0.5,0.5,1.0
2023-12-18,513030.SH,德国,0.5,0.5,1.0
2023-12-18,513520.SH,日经225,0.5,0.5,1.0
2023-12-19,513520.SH,日经225,0.5,0.5,1.0
2023-12-19,513030.SH,德国,0.5,0.5,1.0
2023-12-20,513520.SH,日经225,0.5,0.5,1.0
2023-12-20,513030.SH,德国,0.5,0.5,1.0
2023-12-21,513520.SH,日经225,0.5,0.5,1.0
2023-12-21,513030.SH,德国,0.5,0.5,1.0
2023-12-22,513520.SH,日经225,0.5,0.5,1.0
2023-12-22,513030.SH,德国,0.5,0.5,1.0
2023-12-25,513520.SH,日经225,0.5,0.5,1.0
2023-12-25,513030.SH,德国,0.5,0.5,1.0
2023-12-26,513520.SH,日经225,0.5,0.5,1.0
2023-12-26,513030.SH,德国,0.5,0.5,1.0
2023-12-27,513520.SH,日经225,0.5,0.5,1.0
2023-12-27,513030.SH,德国,0.5,0.5,1.0
2023-12-28,513520.SH,日经225,0.5,0.5,1.0
2023-12-28,513030.SH,德国,0.5,0.5,1.0
2023-12-29,513520.SH,日经225,0.5,0.5,1.0
2023-12-29,513030.SH,德国,0.5,0.5,1.0
2024-01-02,513520.SH,日经225,0.5,0.5,1.0
2024-01-02,513030.SH,德国,0.5,0.5,1.0
2024-01-03,513520.SH,日经225,0.5,0.5,1.0
2024-01-03,513030.SH,德国,0.5,0.5,1.0
2024-01-04,513520.SH,日经225,0.5,0.5,1.0
2024-01-04,518880.SH,黄金,0.5,0.5,1.0
2024-01-05,513520.SH,日经225,0.5,0.5,1.0
2024-01-05,164824.SZ,印度,0.5,0.5,1.0
2024-01-08,164824.SZ,印度,0.5,0.5,1.0
2024-01-08,513520.SH,日经225,0.5,0.5,1.0
2024-01-09,513520.SH,日经225,0.5,0.5,1.0
2024-01-09,164824.SZ,印度,0.5,0.5,1.0
2024-01-10,164824.SZ,印度,0.5,0.5,1.0
2024-01-10,513520.SH,日经225,0.5,0.5,1.0
2024-01-11,513520.SH,日经225,0.5,0.5,1.0
2024-01-11,164824.SZ,印度,0.5,0.5,1.0
2024-01-12,513520.SH,日经225,0.5,0.5,1.0
2024-01-12,164824.SZ,印度,0.5,0.5,1.0
2024-01-15,513520.SH,日经225,0.5,0.5,1.0
2024-01-15,164824.SZ,印度,0.5,0.5,1.0
2024-01-16,513520.SH,日经225,0.5,0.5,1.0
2024-01-16,164824.SZ,印度,0.5,0.5,1.0
2024-01-17,513520.SH,日经225,0.5,0.5,1.0
2024-01-17,164824.SZ,印度,0.5,0.5,1.0
2024-01-18,513520.SH,日经225,0.5,0.5,1.0
2024-01-18,164824.SZ,印度,0.5,0.5,1.0
2024-01-19,513520.SH,日经225,0.5,0.5,1.0
2024-01-19,164824.SZ,印度,0.5,0.5,1.0
2024-01-22,513520.SH,日经225,0.5,0.5,1.0
2024-01-22,164824.SZ,印度,0.5,0.5,1.0
2024-01-23,513520.SH,日经225,0.5,0.5,1.0
2024-01-23,164824.SZ,印度,0.5,0.5,1.0
2024-01-24,513520.SH,日经225,0.5,0.5,1.0
2024-01-24,164824.SZ,印度,0.5,0.5,1.0
2024-01-25,513520.SH,日经225,0.5,0.5,1.0
2024-01-25,164824.SZ,印度,0.5,0.5,1.0
2024-01-26,513520.SH,日经225,0.25,0.5,0.5
2024-01-26,512890.SH,红利低波,0.25,0.5,0.5
2024-01-29,512890.SH,红利低波,0.25,0.5,0.5
2024-01-29,513520.SH,日经225,0.25,0.5,0.5
2024-01-30,513520.SH,日经225,0.5,0.5,1.0
2024-01-30,512890.SH,红利低波,0.5,0.5,1.0
2024-01-31,513520.SH,日经225,0.5,0.5,1.0
2024-01-31,164824.SZ,印度,0.5,0.5,1.0
2024-02-01,164824.SZ,印度,0.5,0.5,1.0
2024-02-01,512890.SH,红利低波,0.5,0.5,1.0
2024-02-02,164824.SZ,印度,0.25,0.5,0.5
2024-02-02,512890.SH,红利低波,0.25,0.5,0.5
2024-02-05,164824.SZ,印度,0.5,0.5,1.0
2024-02-05,512890.SH,红利低波,0.5,0.5,1.0
2024-02-06,164824.SZ,印度,0.5,0.5,1.0
2024-02-06,512890.SH,红利低波,0.5,0.5,1.0
2024-02-07,512890.SH,红利低波,0.5,0.5,1.0
2024-02-07,513100.SH,纳指,0.5,0.5,1.0
2024-02-08,513100.SH,纳指,0.5,0.5,1.0
2024-02-08,512890.SH,红利低波,0.5,0.5,1.0
2024-02-19,513100.SH,纳指,0.5,0.5,1.0
2024-02-19,512890.SH,红利低波,0.5,0.5,1.0
2024-02-20,513100.SH,纳指,0.5,0.5,1.0
2024-02-20,512890.SH,红利低波,0.5,0.5,1.0
2024-02-21,513100.SH,纳指,0.5,0.5,1.0
2024-02-21,512890.SH,红利低波,0.5,0.5,1.0
2024-02-22,512890.SH,红利低波,0.5,0.5,1.0
2024-02-22,513100.SH,纳指,0.5,0.5,1.0
2024-02-23,512890.SH,红利低波,0.5,0.5,1.0
2024-02-23,513100.SH,纳指,0.5,0.5,1.0
2024-02-26,512890.SH,红利低波,0.5,0.5,1.0
2024-02-26,513100.SH,纳指,0.5,0.5,1.0
2024-02-27,513100.SH,纳指,0.5,0.5,1.0
2024-02-27,512890.SH,红利低波,0.5,0.5,1.0
2024-02-28,512890.SH,红利低波,0.5,0.5,1.0
2024-02-28,513100.SH,纳指,0.5,0.5,1.0
2024-02-29,513100.SH,纳指,0.5,0.5,1.0
2024-02-29,512890.SH,红利低波,0.5,0.5,1.0
2024-03-01,512890.SH,红利低波,0.5,0.5,1.0
2024-03-01,513100.SH,纳指,0.5,0.5,1.0
2024-03-04,513100.SH,纳指,0.5,0.5,1.0
2024-03-04,512890.SH,红利低波,0.5,0.5,1.0
2024-03-05,513100.SH,纳指,0.5,0.5,1.0
2024-03-05,512890.SH,红利低波,0.5,0.5,1.0
2024-03-06,512890.SH,红利低波,0.5,0.5,1.0
2024-03-06,513100.SH,纳指,0.5,0.5,1.0
2024-03-07,512890.SH,红利低波,0.5,0.5,1.0
2024-03-07,513100.SH,纳指,0.5,0.5,1.0
2024-03-08,512890.SH,红利低波,0.5,0.5,1.0
2024-03-08,513100.SH,纳指,0.5,0.5,1.0
2024-03-11,512890.SH,红利低波,0.5,0.5,1.0
2024-03-11,513520.SH,日经225,0.5,0.5,1.0
2024-03-12,513520.SH,日经225,0.5,0.5,1.0
2024-03-12,512890.SH,红利低波,0.5,0.5,1.0
2024-03-13,513520.SH,日经225,0.5,0.5,1.0
2024-03-13,159985.SZ,豆粕,0.5,0.5,1.0
2024-03-14,159985.SZ,豆粕,0.5,0.5,1.0
2024-03-14,513050.SH,中概互联网,0.5,0.5,1.0
2024-03-15,513050.SH,中概互联网,0.5,0.5,1.0
2024-03-15,159985.SZ,豆粕,0.5,0.5,1.0
2024-03-18,563300.SH,中证2000,0.5,0.5,1.0
2024-03-18,159985.SZ,豆粕,0.5,0.5,1.0
2024-03-19,563300.SH,中证2000,0.5,0.5,1.0
2024-03-19,159985.SZ,豆粕,0.5,0.5,1.0
2024-03-20,563300.SH,中证2000,0.5,0.5,1.0
2024-03-20,159985.SZ,豆粕,0.5,0.5,1.0
2024-03-21,563300.SH,中证2000,0.5,0.5,1.0
2024-03-21,159985.SZ,豆粕,0.5,0.5,1.0
2024-03-22,563300.SH,中证2000,0.5,0.5,1.0
2024-03-22,159985.SZ,豆粕,0.5,0.5,1.0
2024-03-25,563300.SH,中证2000,0.5,0.5,1.0
2024-03-25,159985.SZ,豆粕,0.5,0.5,1.0
2024-03-26,563300.SH,中证2000,0.5,0.5,1.0
2024-03-26,159985.SZ,豆粕,0.5,0.5,1.0
2024-03-27,563300.SH,中证2000,0.5,0.5,1.0
2024-03-27,159985.SZ,豆粕,0.5,0.5,1.0
2024-03-28,159985.SZ,豆粕,0.25,0.5,0.5
2024-03-28,563300.SH,中证2000,0.25,0.5,0.5
2024-03-29,518880.SH,黄金,0.5,0.5,1.0
2024-03-29,513030.SH,德国,0.5,0.5,1.0
2024-04-01,518880.SH,黄金,0.5,0.5,1.0
2024-04-01,513030.SH,德国,0.5,0.5,1.0
2024-04-02,518880.SH,黄金,0.5,0.5,1.0
2024-04-02,513030.SH,德国,0.5,0.5,1.0
2024-04-03,518880.SH,黄金,0.5,0.5,1.0
2024-04-03,513030.SH,德国,0.5,0.5,1.0
2024-04-08,518880.SH,黄金,0.5,0.5,1.0
2024-04-08,563300.SH,中证2000,0.5,0.5,1.0
2024-04-09,518880.SH,黄金,0.5,0.5,1.0
2024-04-09,513050.SH,中概互联网,0.5,0.5,1.0
2024-04-10,518880.SH,黄金,0.5,0.5,1.0
2024-04-10,513050.SH,中概互联网,0.5,0.5,1.0
2024-04-11,518880.SH,黄金,0.5,0.5,1.0
2024-04-11,513050.SH,中概互联网,0.5,0.5,1.0
2024-04-12,518880.SH,黄金,0.5,0.5,1.0
2024-04-12,513050.SH,中概互联网,0.5,0.5,1.0
2024-04-15,518880.SH,黄金,0.5,0.5,1.0
2024-04-15,513050.SH,中概互联网,0.5,0.5,1.0
2024-04-16,518880.SH,黄金,0.25,0.5,0.5
2024-04-16,513050.SH,中概互联网,0.25,0.5,0.5
2024-04-17,518880.SH,黄金,0.5,0.5,1.0
2024-04-17,159985.SZ,豆粕,0.5,0.5,1.0
2024-04-18,518880.SH,黄金,0.5,0.5,1.0
2024-04-18,511380.SH,可转债,0.5,0.5,1.0
2024-04-19,518880.SH,黄金,0.5,0.5,1.0
2024-04-19,511380.SH,可转债,0.5,0.5,1.0
2024-04-22,518880.SH,黄金,0.5,0.5,1.0
2024-04-22,511380.SH,可转债,0.5,0.5,1.0
2024-04-23,518880.SH,黄金,0.25,0.5,0.5
2024-04-23,511380.SH,可转债,0.25,0.5,0.5
2024-04-24,513050.SH,中概互联网,0.5,0.5,1.0
2024-04-24,511380.SH,可转债,0.5,0.5,1.0
2024-04-25,513050.SH,中概互联网,0.5,0.5,1.0
2024-04-25,511380.SH,可转债,0.5,0.5,1.0
2024-04-26,513050.SH,中概互联网,0.5,0.5,1.0
2024-04-26,511380.SH,可转债,0.5,0.5,1.0
2024-04-29,513050.SH,中概互联网,0.5,0.5,1.0
2024-04-29,518880.SH,黄金,0.5,0.5,1.0
2024-04-30,513050.SH,中概互联网,0.25,0.5,0.5
2024-04-30,518880.SH,黄金,0.25,0.5,0.5
2024-05-06,513050.SH,中概互联网,0.25,0.5,0.5
2024-05-06,518880.SH,黄金,0.25,0.5,0.5
2024-05-07,513050.SH,中概互联网,0.5,0.5,1.0
2024-05-07,159985.SZ,豆粕,0.5,0.5,1.0
2024-05-08,513050.SH,中概互联网,0.5,0.5,1.0
2024-05-08,159985.SZ,豆粕,0.5,0.5,1.0
2024-05-09,513050.SH,中概互联网,0.5,0.5,1.0
2024-05-09,159985.SZ,豆粕,0.5,0.5,1.0
2024-05-10,513050.SH,中概互联网,0.5,0.5,1.0
2024-05-10,159985.SZ,豆粕,0.5,0.5,1.0
2024-05-13,513050.SH,中概互联网,0.5,0.5,1.0
2024-05-13,159985.SZ,豆粕,0.5,0.5,1.0
2024-05-14,513050.SH,中概互联网,0.5,0.5,1.0
2024-05-14,159985.SZ,豆粕,0.5,0.5,1.0
2024-05-15,513050.SH,中概互联网,0.5,0.5,1.0
2024-05-15,159985.SZ,豆粕,0.5,0.5,1.0
2024-05-16,513050.SH,中概互联网,0.5,0.5,1.0
2024-05-16,159985.SZ,豆粕,0.5,0.5,1.0
2024-05-17,513050.SH,中概互联网,0.5,0.5,1.0
2024-05-17,159985.SZ,豆粕,0.5,0.5,1.0
2024-05-20,513050.SH,中概互联网,0.5,0.5,1.0
2024-05-20,159985.SZ,豆粕,0.5,0.5,1.0
2024-05-21,513050.SH,中概互联网,0.5,0.5,1.0
2024-05-21,159985.SZ,豆粕,0.5,0.5,1.0
2024-05-22,513050.SH,中概互联网,0.5,0.5,1.0
2024-05-22,159985.SZ,豆粕,0.5,0.5,1.0
2024-05-23,513050.SH,中概互联网,0.5,0.5,1.0
2024-05-23,159985.SZ,豆粕,0.5,0.5,1.0
2024-05-24,513050.SH,中概互联网,0.5,0.5,1.0
2024-05-24,159985.SZ,豆粕,0.5,0.5,1.0
2024-05-27,513050.SH,中概互联网,0.5,0.5,1.0
2024-05-27,159985.SZ,豆粕,0.5,0.5,1.0
2024-05-28,513050.SH,中概互联网,0.5,0.5,1.0
2024-05-28,159985.SZ,豆粕,0.5,0.5,1.0
2024-05-29,513050.SH,中概互联网,0.5,0.5,1.0
2024-05-29,159985.SZ,豆粕,0.5,0.5,1.0
2024-05-30,513050.SH,中概互联网,0.25,0.5,0.5
2024-05-30,513100.SH,纳指,0.25,0.5,0.5
2024-05-31,513100.SH,纳指,0.25,0.5,0.5
2024-05-31,513050.SH,中概互联网,0.25,0.5,0.5
2024-06-03,513100.SH,纳指,0.25,0.5,0.5
2024-06-03,513050.SH,中概互联网,0.25,0.5,0.5
2024-06-04,513100.SH,纳指,0.5,0.5,1.0
2024-06-04,513030.SH,德国,0.5,0.5,1.0
2024-06-05,513100.SH,纳指,0.25,0.5,0.5
2024-06-05,513030.SH,德国,0.25,0.5,0.5
2024-06-06,513100.SH,纳指,0.25,0.5,0.5
2024-06-06,513030.SH,德国,0.25,0.5,0.5
2024-06-07,513100.SH,纳指,0.5,0.5,1.0
2024-06-07,513030.SH,德国,0.5,0.5,1.0
2024-06-11,513100.SH,纳指,0.5,0.5,1.0
2024-06-11,513030.SH,德国,0.5,0.5,1.0
2024-06-12,513100.SH,纳指,1.0,1.0,1.0
2024-06-13,513100.SH,纳指,1.0,1.0,1.0
2024-06-14,513100.SH,纳指,1.0,1.0,1.0
2024-06-17,513100.SH,纳指,1.0,1.0,1.0
2024-06-18,513100.SH,纳指,1.0,1.0,1.0
2024-06-19,513100.SH,纳指,1.0,1.0,1.0
2024-06-20,513100.SH,纳指,1.0,1.0,1.0
2024-06-21,513100.SH,纳指,1.0,1.0,1.0
2024-06-24,513100.SH,纳指,1.0,1.0,1.0
2024-06-25,513100.SH,纳指,1.0,1.0,1.0
2024-06-26,513100.SH,纳指,1.0,1.0,1.0
2024-06-27,513100.SH,纳指,0.5,0.5,1.0
2024-06-27,513520.SH,日经225,0.5,0.5,1.0
2024-06-28,513100.SH,纳指,0.5,0.5,1.0
2024-06-28,513520.SH,日经225,0.5,0.5,1.0
2024-07-01,513100.SH,纳指,0.5,0.5,1.0
2024-07-01,513520.SH,日经225,0.5,0.5,1.0
2024-07-02,513100.SH,纳指,0.5,0.5,1.0
2024-07-02,513520.SH,日经225,0.5,0.5,1.0
2024-07-03,513100.SH,纳指,0.5,0.5,1.0
2024-07-03,513520.SH,日经225,0.5,0.5,1.0
2024-07-04,513100.SH,纳指,0.5,0.5,1.0
2024-07-04,513520.SH,日经225,0.5,0.5,1.0
2024-07-05,513520.SH,日经225,0.5,0.5,1.0
2024-07-05,513100.SH,纳指,0.5,0.5,1.0
2024-07-08,513100.SH,纳指,0.5,0.5,1.0
2024-07-08,513520.SH,日经225,0.5,0.5,1.0
2024-07-09,513100.SH,纳指,0.5,0.5,1.0
2024-07-09,513520.SH,日经225,0.5,0.5,1.0
2024-07-10,513100.SH,纳指,0.5,0.5,1.0
2024-07-10,513520.SH,日经225,0.5,0.5,1.0
2024-07-11,513520.SH,日经225,0.5,0.5,1.0
2024-07-11,513100.SH,纳指,0.5,0.5,1.0
2024-07-12,513100.SH,纳指,0.5,0.5,1.0
2024-07-12,513520.SH,日经225,0.5,0.5,1.0
2024-07-15,513520.SH,日经225,0.5,0.5,1.0
2024-07-15,513100.SH,纳指,0.5,0.5,1.0
2024-07-16,513100.SH,纳指,0.5,0.5,1.0
2024-07-16,513520.SH,日经225,0.5,0.5,1.0
2024-07-17,513100.SH,纳指,0.5,0.5,1.0
2024-07-17,513520.SH,日经225,0.5,0.5,1.0
2024-07-18,513520.SH,日经225,0.5,0.5,1.0
2024-07-18,513100.SH,纳指,0.5,0.5,1.0
2024-07-19,513520.SH,日经225,0.5,0.5,1.0
2024-07-19,518880.SH,黄金,0.5,0.5,1.0
2024-07-22,518880.SH,黄金,0.25,0.5,0.5
2024-07-22,513520.SH,日经225,0.25,0.5,0.5
2024-07-23,518880.SH,黄金,0.25,0.5,0.5
2024-07-23,513520.SH,日经225,0.25,0.5,0.5
2024-07-24,518880.SH,黄金,0.25,0.5,0.5
2024-07-24,513520.SH,日经225,0.25,0.5,0.5
2024-07-25,518880.SH,黄金,0.25,0.5,0.5
2024-07-25,513520.SH,日经225,0.25,0.5,0.5
2024-07-26,513520.SH,日经225,0.5,1.0,0.5
2024-07-31,164824.SZ,印度,1.0,1.0,1.0
2024-08-01,164824.SZ,印度,0.5,0.5,1.0
2024-08-01,518880.SH,黄金,0.5,0.5,1.0
2024-08-02,518880.SH,黄金,0.5,0.5,1.0
2024-08-02,588000.SH,科创50,0.5,0.5,1.0
2024-08-05,518880.SH,黄金,0.5,0.5,1.0
2024-08-05,588000.SH,科创50,0.5,0.5,1.0
2024-08-15,563300.SH,中证2000,1.0,1.0,1.0
2024-08-16,563300.SH,中证2000,1.0,1.0,1.0
2024-08-19,518880.SH,黄金,0.5,0.5,1.0
2024-08-19,513520.SH,日经225,0.5,0.5,1.0
2024-08-20,518880.SH,黄金,1.0,1.0,1.0
2024-08-21,518880.SH,黄金,1.0,1.0,1.0
2024-08-22,518880.SH,黄金,1.0,1.0,1.0
2024-08-23,518880.SH,黄金,0.5,0.5,1.0
2024-08-23,513520.SH,日经225,0.5,0.5,1.0
2024-08-26,513520.SH,日经225,0.5,0.5,1.0
2024-08-26,518880.SH,黄金,0.5,0.5,1.0
2024-08-27,513520.SH,日经225,0.5,0.5,1.0
2024-08-27,518880.SH,黄金,0.5,0.5,1.0
2024-08-28,513520.SH,日经225,0.5,0.5,1.0
2024-08-28,518880.SH,黄金,0.5,0.5,1.0
2024-08-29,513520.SH,日经225,0.5,0.5,1.0
2024-08-29,518880.SH,黄金,0.5,0.5,1.0
2024-08-30,513520.SH,日经225,0.5,0.5,1.0
2024-08-30,518880.SH,黄金,0.5,0.5,1.0
2024-09-02,513520.SH,日经225,0.5,0.5,1.0
2024-09-02,518880.SH,黄金,0.5,0.5,1.0
2024-09-03,518880.SH,黄金,1.0,1.0,1.0
2024-09-04,518880.SH,黄金,0.5,0.5,1.0
2024-09-04,513100.SH,纳指,0.5,0.5,1.0
2024-09-05,518880.SH,黄金,0.5,1.0,0.5
2024-09-06,518880.SH,黄金,1.0,1.0,1.0
2024-09-09,518880.SH,黄金,1.0,1.0,1.0
2024-09-11,518880.SH,黄金,1.0,1.0,1.0
2024-09-12,518880.SH,黄金,1.0,1.0,1.0
2024-09-13,518880.SH,黄金,1.0,1.0,1.0
2024-09-18,518880.SH,黄金,1.0,1.0,1.0
2024-09-19,513030.SH,德国,0.5,0.5,1.0
2024-09-19,518880.SH,黄金,0.5,0.5,1.0
2024-09-20,513030.SH,德国,0.5,0.5,1.0
2024-09-20,518880.SH,黄金,0.5,0.5,1.0
2024-09-23,513030.SH,德国,0.5,0.5,1.0
2024-09-23,518880.SH,黄金,0.5,0.5,1.0
2024-09-24,518880.SH,黄金,0.5,0.5,1.0
2024-09-24,513030.SH,德国,0.5,0.5,1.0
2024-09-25,518880.SH,黄金,0.5,0.5,1.0
2024-09-25,513030.SH,德国,0.5,0.5,1.0
2024-09-26,518880.SH,黄金,0.5,0.5,1.0
2024-09-26,159949.SZ,创业板50,0.5,0.5,1.0
2024-09-27,159949.SZ,创业板50,0.5,0.5,1.0
2024-09-27,518880.SH,黄金,0.5,0.5,1.0
2024-09-30,159949.SZ,创业板50,0.5,0.5,1.0
2024-09-30,513050.SH,中概互联网,0.5,0.5,1.0
2024-10-08,159949.SZ,创业板50,0.5,0.5,1.0
2024-10-08,513050.SH,中概互联网,0.5,0.5,1.0
2024-10-09,159949.SZ,创业板50,0.5,0.5,1.0
2024-10-09,513050.SH,中概互联网,0.5,0.5,1.0
2024-10-10,159949.SZ,创业板50,0.5,0.5,1.0
2024-10-10,513050.SH,中概互联网,0.5,0.5,1.0
2024-10-11,159949.SZ,创业板50,0.5,0.5,1.0
2024-10-11,513050.SH,中概互联网,0.5,0.5,1.0
2024-10-14,159949.SZ,创业板50,0.5,0.5,1.0
2024-10-14,513050.SH,中概互联网,0.5,0.5,1.0
2024-10-15,159949.SZ,创业板50,0.5,0.5,1.0
2024-10-15,513050.SH,中概互联网,0.5,0.5,1.0
2024-10-16,159949.SZ,创业板50,0.5,0.5,1.0
2024-10-16,513050.SH,中概互联网,0.5,0.5,1.0
2024-10-17,159949.SZ,创业板50,0.5,0.5,1.0
2024-10-17,513050.SH,中概互联网,0.5,0.5,1.0
2024-10-18,159949.SZ,创业板50,0.5,0.5,1.0
2024-10-18,513050.SH,中概互联网,0.5,0.5,1.0
2024-10-21,159949.SZ,创业板50,0.5,0.5,1.0
2024-10-21,513050.SH,中概互联网,0.5,0.5,1.0
2024-10-22,159949.SZ,创业板50,0.5,0.5,1.0
2024-10-22,513050.SH,中概互联网,0.5,0.5,1.0
2024-10-23,159949.SZ,创业板50,0.5,0.5,1.0
2024-10-23,513050.SH,中概互联网,0.5,0.5,1.0
2024-10-24,159949.SZ,创业板50,0.5,0.5,1.0
2024-10-24,513050.SH,中概互联网,0.5,0.5,1.0
2024-10-25,159949.SZ,创业板50,0.5,0.5,1.0
2024-10-25,513050.SH,中概互联网,0.5,0.5,1.0
2024-10-28,159949.SZ,创业板50,0.5,0.5,1.0
2024-10-28,513050.SH,中概互联网,0.5,0.5,1.0
2024-10-29,159949.SZ,创业板50,0.5,0.5,1.0
2024-10-29,513050.SH,中概互联网,0.5,0.5,1.0
2024-10-30,159949.SZ,创业板50,0.5,0.5,1.0
2024-10-30,513050.SH,中概互联网,0.5,0.5,1.0
2024-10-31,159949.SZ,创业板50,0.25,0.5,0.5
2024-10-31,513050.SH,中概互联网,0.25,0.5,0.5
2024-11-01,159949.SZ,创业板50,0.25,0.5,0.5
2024-11-01,513050.SH,中概互联网,0.25,0.5,0.5
2024-11-04,159949.SZ,创业板50,0.25,0.5,0.5
2024-11-04,513050.SH,中概互联网,0.25,0.5,0.5
2024-11-05,518880.SH,黄金,1.0,1.0,1.0
2024-11-06,518880.SH,黄金,1.0,1.0,1.0
2024-11-07,563300.SH,中证2000,0.5,0.5,1.0
2024-11-07,518880.SH,黄金,0.5,0.5,1.0
2024-11-08,563300.SH,中证2000,0.5,0.5,1.0
2024-11-08,588000.SH,科创50,0.5,0.5,1.0
2024-11-11,588000.SH,科创50,0.5,0.5,1.0
2024-11-11,563300.SH,中证2000,0.5,0.5,1.0
2024-11-12,588000.SH,科创50,0.5,0.5,1.0
2024-11-12,563300.SH,中证2000,0.5,0.5,1.0
2024-11-13,563300.SH,中证2000,0.5,0.5,1.0
2024-11-13,513100.SH,纳指,0.5,0.5,1.0
2024-11-14,563300.SH,中证2000,0.5,0.5,1.0
2024-11-14,513100.SH,纳指,0.5,0.5,1.0
2024-11-15,563300.SH,中证2000,0.5,0.5,1.0
2024-11-15,513100.SH,纳指,0.5,0.5,1.0
2024-11-18,563300.SH,中证2000,0.5,0.5,1.0
2024-11-18,513100.SH,纳指,0.5,0.5,1.0
2024-11-19,513100.SH,纳指,0.25,0.5,0.5
2024-11-19,563300.SH,中证2000,0.25,0.5,0.5
2024-11-20,563300.SH,中证2000,0.5,0.5,1.0
2024-11-20,588000.SH,科创50,0.5,0.5,1.0
2024-11-21,563300.SH,中证2000,0.5,0.5,1.0
2024-11-21,588000.SH,科创50,0.5,0.5,1.0
2024-11-22,563300.SH,中证2000,0.5,0.5,1.0
2024-11-22,588000.SH,科创50,0.5,0.5,1.0
2024-11-25,563300.SH,中证2000,0.25,0.5,0.5
2024-11-25,162411.SZ,华宝油气,0.25,0.5,0.5
2024-11-26,162411.SZ,华宝油气,0.5,0.5,1.0
2024-11-26,563300.SH,中证2000,0.5,0.5,1.0
2024-11-27,162411.SZ,华宝油气,0.25,0.5,0.5
2024-11-27,563300.SH,中证2000,0.25,0.5,0.5
2024-11-28,563300.SH,中证2000,0.5,0.5,1.0
2024-11-28,162411.SZ,华宝油气,0.5,0.5,1.0
2024-11-29,563300.SH,中证2000,0.5,0.5,1.0
2024-11-29,162411.SZ,华宝油气,0.5,0.5,1.0
2024-12-02,162411.SZ,华宝油气,0.5,0.5,1.0
2024-12-02,563300.SH,中证2000,0.5,0.5,1.0
2024-12-03,162411.SZ,华宝油气,0.5,0.5,1.0
2024-12-03,563300.SH,中证2000,0.5,0.5,1.0
2024-12-04,563300.SH,中证2000,0.5,0.5,1.0
2024-12-04,162411.SZ,华宝油气,0.5,0.5,1.0
2024-12-05,162411.SZ,华宝油气,0.5,0.5,1.0
2024-12-05,563300.SH,中证2000,0.5,0.5,1.0
2024-12-06,563300.SH,中证2000,0.5,0.5,1.0
2024-12-06,513100.SH,纳指,0.5,0.5,1.0
2024-12-09,563300.SH,中证2000,0.5,0.5,1.0
2024-12-09,513100.SH,纳指,0.5,0.5,1.0
2024-12-10,513100.SH,纳指,0.5,0.5,1.0
2024-12-10,563300.SH,中证2000,0.5,0.5,1.0
2024-12-11,513100.SH,纳指,0.5,0.5,1.0
2024-12-11,563300.SH,中证2000,0.5,0.5,1.0
2024-12-12,563300.SH,中证2000,0.5,0.5,1.0
2024-12-12,513100.SH,纳指,0.5,0.5,1.0
2024-12-13,563300.SH,中证2000,0.5,0.5,1.0
2024-12-13,513100.SH,纳指,0.5,0.5,1.0
2024-12-16,513100.SH,纳指,0.5,0.5,1.0
2024-12-16,563300.SH,中证2000,0.5,0.5,1.0
2024-12-17,513100.SH,纳指,0.5,0.5,1.0
2024-12-17,563300.SH,中证2000,0.5,0.5,1.0
2024-12-18,513100.SH,纳指,0.5,0.5,1.0
2024-12-18,512890.SH,红利低波,0.5,0.5,1.0
2024-12-19,513100.SH,纳指,0.5,0.5,1.0
2024-12-19,512890.SH,红利低波,0.5,0.5,1.0
2024-12-20,513100.SH,纳指,0.5,0.5,1.0
2024-12-20,512890.SH,红利低波,0.5,0.5,1.0
2024-12-23,513100.SH,纳指,0.5,0.5,1.0
2024-12-23,563300.SH,中证2000,0.5,0.5,1.0
2024-12-24,513100.SH,纳指,0.5,0.5,1.0
2024-12-24,513520.SH,日经225,0.5,0.5,1.0
2024-12-25,513100.SH,纳指,0.5,0.5,1.0
2024-12-25,511380.SH,可转债,0.5,0.5,1.0
2024-12-26,513100.SH,纳指,0.5,0.5,1.0
2024-12-26,511380.SH,可转债,0.5,0.5,1.0
2024-12-27,513100.SH,纳指,0.5,0.5,1.0
2024-12-27,511380.SH,可转债,0.5,0.5,1.0
2024-12-30,513100.SH,纳指,0.5,0.5,1.0
2024-12-30,513520.SH,日经225,0.5,0.5,1.0
2024-12-31,513100.SH,纳指,0.5,0.5,1.0
2024-12-31,513520.SH,日经225,0.5,0.5,1.0
2025-01-02,513100.SH,纳指,0.5,0.5,1.0
2025-01-02,512890.SH,红利低波,0.5,0.5,1.0
2025-01-03,513100.SH,纳指,0.5,0.5,1.0
2025-01-03,513520.SH,日经225,0.5,0.5,1.0
2025-01-06,513520.SH,日经225,0.25,0.5,0.5
2025-01-06,513100.SH,纳指,0.25,0.5,0.5
2025-01-07,513100.SH,纳指,0.5,0.5,1.0
2025-01-07,513520.SH,日经225,0.5,0.5,1.0
2025-01-08,513100.SH,纳指,0.5,0.5,1.0
2025-01-08,513520.SH,日经225,0.5,0.5,1.0
2025-01-09,513520.SH,日经225,0.5,0.5,1.0
2025-01-09,520830.SH,沙特,0.5,0.5,1.0
2025-01-10,520830.SH,沙特,0.5,0.5,1.0
2025-01-10,513520.SH,日经225,0.5,0.5,1.0
2025-01-13,520830.SH,沙特,0.5,0.5,1.0
2025-01-13,513520.SH,日经225,0.5,0.5,1.0
2025-01-14,520830.SH,沙特,0.5,0.5,1.0
2025-01-14,518880.SH,黄金,0.5,0.5,1.0
2025-01-15,520830.SH,沙特,0.5,0.5,1.0
2025-01-15,518880.SH,黄金,0.5,0.5,1.0
2025-01-16,520830.SH,沙特,0.5,0.5,1.0
2025-01-16,513030.SH,德国,0.5,0.5,1.0
2025-01-17,513030.SH,德国,0.5,0.5,1.0
2025-01-17,520830.SH,沙特,0.5,0.5,1.0
2025-01-20,520830.SH,沙特,0.5,0.5,1.0
2025-01-20,513030.SH,德国,0.5,0.5,1.0
2025-01-21,520830.SH,沙特,0.5,0.5,1.0
2025-01-21,513030.SH,德国,0.5,0.5,1.0
2025-01-22,520830.SH,沙特,0.5,0.5,1.0
2025-01-22,513030.SH,德国,0.5,0.5,1.0
2025-01-23,520830.SH,沙特,0.5,0.5,1.0
2025-01-23,513030.SH,德国,0.5,0.5,1.0
2025-01-24,513520.SH,日经225,0.5,0.5,1.0
2025-01-24,518880.SH,黄金,0.5,0.5,1.0
2025-01-27,520830.SH,沙特,0.5,0.5,1.0
2025-01-27,518880.SH,黄金,0.5,0.5,1.0
2025-02-05,520830.SH,沙特,0.5,0.5,1.0
2025-02-05,513030.SH,德国,0.5,0.5,1.0
2025-02-06,513030.SH,德国,0.25,0.5,0.5
2025-02-06,520830.SH,沙特,0.25,0.5,0.5
2025-02-07,520830.SH,沙特,0.5,0.5,1.0
2025-02-07,513030.SH,德国,0.5,0.5,1.0
2025-02-10,520830.SH,沙特,0.5,0.5,1.0
2025-02-10,513030.SH,德国,0.5,0.5,1.0
2025-02-11,513030.SH,德国,0.5,0.5,1.0
2025-02-11,518880.SH,黄金,0.5,0.5,1.0
2025-02-12,513030.SH,德国,0.5,0.5,1.0
2025-02-12,518880.SH,黄金,0.5,0.5,1.0
2025-02-13,513030.SH,德国,0.5,0.5,1.0
2025-02-13,518880.SH,黄金,0.5,0.5,1.0
2025-02-14,513030.SH,德国,0.5,0.5,1.0
2025-02-14,518880.SH,黄金,0.5,0.5,1.0
2025-02-17,513030.SH,德国,0.5,0.5,1.0
2025-02-17,518880.SH,黄金,0.5,0.5,1.0
2025-02-18,513030.SH,德国,0.25,0.5,0.5
2025-02-18,513050.SH,中概互联网,0.25,0.5,0.5
2025-02-19,513030.SH,德国,0.5,0.5,1.0
2025-02-19,513050.SH,中概互联网,0.5,0.5,1.0
2025-02-20,513050.SH,中概互联网,0.5,0.5,1.0
2025-02-20,513030.SH,德国,0.5,0.5,1.0
2025-02-21,513050.SH,中概互联网,0.5,0.5,1.0
2025-02-21,513030.SH,德国,0.5,0.5,1.0
2025-02-24,513050.SH,中概互联网,0.5,0.5,1.0
2025-02-24,518880.SH,黄金,0.5,0.5,1.0
2025-02-25,513050.SH,中概互联网,0.5,0.5,1.0
2025-02-25,518880.SH,黄金,0.5,0.5,1.0
2025-02-26,513050.SH,中概互联网,0.5,0.5,1.0
2025-02-26,513030.SH,德国,0.5,0.5,1.0
2025-02-27,513050.SH,中概互联网,0.25,0.5,0.5
2025-02-27,513030.SH,德国,0.25,0.5,0.5
2025-02-28,513050.SH,中概互联网,0.25,0.5,0.5
2025-02-28,513030.SH,德国,0.25,0.5,0.5
2025-03-03,513050.SH,中概互联网,1.0,1.0,1.0
2025-03-04,513050.SH,中概互联网,1.0,1.0,1.0
2025-03-05,513050.SH,中概互联网,0.5,0.5,1.0
2025-03-05,513030.SH,德国,0.5,0.5,1.0
2025-03-06,513050.SH,中概互联网,0.5,0.5,1.0
2025-03-06,518880.SH,黄金,0.5,0.5,1.0
2025-03-07,513050.SH,中概互联网,0.25,0.5,0.5
2025-03-07,518880.SH,黄金,0.25,0.5,0.5
2025-03-10,513050.SH,中概互联网,0.5,0.5,1.0
2025-03-10,159338.SZ,中证A500,0.5,0.5,1.0
2025-03-11,513050.SH,中概互联网,0.5,0.5,1.0
2025-03-11,159338.SZ,中证A500,0.5,0.5,1.0
2025-03-12,513050.SH,中概互联网,0.5,0.5,1.0
2025-03-12,159338.SZ,中证A500,0.5,0.5,1.0
2025-03-13,513050.SH,中概互联网,0.5,0.5,1.0
2025-03-13,159338.SZ,中证A500,0.5,0.5,1.0
2025-03-14,513050.SH,中概互联网,0.25,0.5,0.5
2025-03-14,513030.SH,德国,0.25,0.5,0.5
2025-03-17,513050.SH,中概互联网,0.5,0.5,1.0
2025-03-17,513030.SH,德国,0.5,0.5,1.0
2025-03-18,513050.SH,中概互联网,0.5,0.5,1.0
2025-03-18,513030.SH,德国,0.5,0.5,1.0
2025-03-19,513050.SH,中概互联网,0.5,0.5,1.0
2025-03-19,513030.SH,德国,0.5,0.5,1.0
2025-03-20,513050.SH,中概互联网,0.5,0.5,1.0
2025-03-20,513030.SH,德国,0.5,0.5,1.0
2025-03-21,513030.SH,德国,0.5,0.5,1.0
2025-03-21,513050.SH,中概互联网,0.5,0.5,1.0
2025-03-24,513030.SH,德国,0.5,0.5,1.0
2025-03-24,518880.SH,黄金,0.5,0.5,1.0
2025-03-25,513030.SH,德国,0.5,0.5,1.0
2025-03-25,518880.SH,黄金,0.5,0.5,1.0
2025-03-26,518880.SH,黄金,0.5,0.5,1.0
2025-03-26,513030.SH,德国,0.5,0.5,1.0
2025-03-27,513030.SH,德国,0.5,0.5,1.0
2025-03-27,518880.SH,黄金,0.5,0.5,1.0
2025-03-28,518880.SH,黄金,0.5,0.5,1.0
2025-03-28,513030.SH,德国,0.5,0.5,1.0
2025-03-31,518880.SH,黄金,0.25,0.5,0.5
2025-03-31,513030.SH,德国,0.25,0.5,0.5
2025-04-01,518880.SH,黄金,0.5,0.5,1.0
2025-04-01,512890.SH,红利低波,0.5,0.5,1.0
2025-04-02,518880.SH,黄金,0.5,0.5,1.0
2025-04-02,512890.SH,红利低波,0.5,0.5,1.0
2025-04-03,518880.SH,黄金,0.5,0.5,1.0
2025-04-03,512890.SH,红利低波,0.5,0.5,1.0
2025-04-07,518880.SH,黄金,0.5,0.5,1.0
2025-04-07,512890.SH,红利低波,0.5,0.5,1.0
2025-04-08,518880.SH,黄金,1.0,1.0,1.0
2025-04-09,518880.SH,黄金,1.0,1.0,1.0
2025-04-10,518880.SH,黄金,1.0,1.0,1.0
2025-04-11,518880.SH,黄金,0.5,0.5,1.0
2025-04-11,164824.SZ,印度,0.5,0.5,1.0
2025-04-14,518880.SH,黄金,0.5,0.5,1.0
2025-04-14,164824.SZ,印度,0.5,0.5,1.0
2025-04-15,518880.SH,黄金,0.5,0.5,1.0
2025-04-15,164824.SZ,印度,0.5,0.5,1.0
2025-04-16,518880.SH,黄金,0.5,0.5,1.0
2025-04-16,164824.SZ,印度,0.5,0.5,1.0
2025-04-17,518880.SH,黄金,0.5,0.5,1.0
2025-04-17,164824.SZ,印度,0.5,0.5,1.0
2025-04-18,518880.SH,黄金,0.5,0.5,1.0
2025-04-18,164824.SZ,印度,0.5,0.5,1.0
2025-04-21,518880.SH,黄金,0.5,0.5,1.0
2025-04-21,164824.SZ,印度,0.5,0.5,1.0
2025-04-22,518880.SH,黄金,0.5,0.5,1.0
2025-04-22,164824.SZ,印度,0.5,0.5,1.0
2025-04-23,518880.SH,黄金,0.5,0.5,1.0
2025-04-23,164824.SZ,印度,0.5,0.5,1.0
2025-04-24,518880.SH,黄金,0.5,0.5,1.0
2025-04-24,164824.SZ,印度,0.5,0.5,1.0
2025-04-25,518880.SH,黄金,0.5,0.5,1.0
2025-04-25,164824.SZ,印度,0.5,0.5,1.0
2025-04-28,518880.SH,黄金,0.5,0.5,1.0
2025-04-28,164824.SZ,印度,0.5,0.5,1.0
2025-04-29,518880.SH,黄金,0.5,0.5,1.0
2025-04-29,164824.SZ,印度,0.5,0.5,1.0
2025-04-30,518880.SH,黄金,0.5,0.5,1.0
2025-04-30,164824.SZ,印度,0.5,0.5,1.0
2025-05-06,518880.SH,黄金,0.5,0.5,1.0
2025-05-06,164824.SZ,印度,0.5,0.5,1.0
2025-05-07,518880.SH,黄金,0.5,0.5,1.0
2025-05-07,164824.SZ,印度,0.5,0.5,1.0
2025-05-08,518880.SH,黄金,0.5,0.5,1.0
2025-05-08,164824.SZ,印度,0.5,0.5,1.0
2025-05-09,518880.SH,黄金,0.5,0.5,1.0
2025-05-09,164824.SZ,印度,0.5,0.5,1.0
2025-05-12,518880.SH,黄金,0.5,0.5,1.0
2025-05-12,512890.SH,红利低波,0.5,0.5,1.0
2025-05-13,164824.SZ,印度,0.5,0.5,1.0
2025-05-13,512890.SH,红利低波,0.5,0.5,1.0
2025-05-14,164824.SZ,印度,0.5,0.5,1.0
2025-05-14,512890.SH,红利低波,0.5,0.5,1.0
2025-05-15,164824.SZ,印度,0.5,0.5,1.0
2025-05-15,512890.SH,红利低波,0.5,0.5,1.0
2025-05-16,164824.SZ,印度,0.5,0.5,1.0
2025-05-16,512890.SH,红利低波,0.5,0.5,1.0
2025-05-19,164824.SZ,印度,0.5,0.5,1.0
2025-05-19,512890.SH,红利低波,0.5,0.5,1.0
2025-05-20,164824.SZ,印度,0.5,0.5,1.0
2025-05-20,512890.SH,红利低波,0.5,0.5,1.0
2025-05-21,512890.SH,红利低波,0.5,0.5,1.0
2025-05-21,164824.SZ,印度,0.5,0.5,1.0
2025-05-22,512890.SH,红利低波,0.5,0.5,1.0
2025-05-22,164824.SZ,印度,0.5,0.5,1.0
2025-05-23,512890.SH,红利低波,1.0,1.0,1.0
2025-05-26,512890.SH,红利低波,0.5,0.5,1.0
2025-05-26,164824.SZ,印度,0.5,0.5,1.0
2025-05-27,164824.SZ,印度,0.5,0.5,1.0
2025-05-27,563300.SH,中证2000,0.5,0.5,1.0
2025-05-28,563300.SH,中证2000,0.5,0.5,1.0
2025-05-28,164824.SZ,印度,0.5,0.5,1.0
2025-05-29,563300.SH,中证2000,0.5,0.5,1.0
2025-05-29,164824.SZ,印度,0.5,0.5,1.0
2025-05-30,563300.SH,中证2000,0.5,0.5,1.0
2025-05-30,164824.SZ,印度,0.5,0.5,1.0
2025-06-03,563300.SH,中证2000,0.5,0.5,1.0
2025-06-03,164824.SZ,印度,0.5,0.5,1.0
2025-06-04,563300.SH,中证2000,0.5,0.5,1.0
2025-06-04,512890.SH,红利低波,0.5,0.5,1.0
2025-06-05,563300.SH,中证2000,0.5,0.5,1.0
2025-06-05,162411.SZ,华宝油气,0.5,0.5,1.0
2025-06-06,563300.SH,中证2000,0.5,0.5,1.0
2025-06-06,159949.SZ,创业板50,0.5,0.5,1.0
2025-06-09,563300.SH,中证2000,0.5,0.5,1.0
2025-06-09,159949.SZ,创业板50,0.5,0.5,1.0
2025-06-10,563300.SH,中证2000,0.5,0.5,1.0
2025-06-10,159949.SZ,创业板50,0.5,0.5,1.0
2025-06-11,563300.SH,中证2000,0.5,0.5,1.0
2025-06-11,162411.SZ,华宝油气,0.5,0.5,1.0
2025-06-12,162411.SZ,华宝油气,0.5,0.5,1.0
2025-06-12,563300.SH,中证2000,0.5,0.5,1.0
2025-06-13,162411.SZ,华宝油气,0.5,0.5,1.0
2025-06-13,563300.SH,中证2000,0.5,0.5,1.0
2025-06-16,162411.SZ,华宝油气,0.5,0.5,1.0
2025-06-16,563300.SH,中证2000,0.5,0.5,1.0
2025-06-17,162411.SZ,华宝油气,0.5,0.5,1.0
2025-06-17,563300.SH,中证2000,0.5,0.5,1.0
2025-06-18,162411.SZ,华宝油气,0.5,0.5,1.0
2025-06-18,513100.SH,纳指,0.5,0.5,1.0
2025-06-19,162411.SZ,华宝油气,0.5,0.5,1.0
2025-06-19,513100.SH,纳指,0.5,0.5,1.0
2025-06-20,162411.SZ,华宝油气,0.5,0.5,1.0
2025-06-20,512890.SH,红利低波,0.5,0.5,1.0
2025-06-23,162411.SZ,华宝油气,0.5,0.5,1.0
2025-06-23,512890.SH,红利低波,0.5,0.5,1.0
2025-06-24,162411.SZ,华宝油气,0.5,0.5,1.0
2025-06-24,512890.SH,红利低波,0.5,0.5,1.0
2025-06-25,512890.SH,红利低波,0.5,0.5,1.0
2025-06-25,513520.SH,日经225,0.5,0.5,1.0
2025-06-26,512890.SH,红利低波,0.5,0.5,1.0
2025-06-26,159949.SZ,创业板50,0.5,0.5,1.0
2025-06-27,512890.SH,红利低波,0.5,0.5,1.0
2025-06-27,159949.SZ,创业板50,0.5,0.5,1.0
2025-06-30,513520.SH,日经225,0.5,0.5,1.0
2025-06-30,159949.SZ,创业板50,0.5,0.5,1.0
2025-07-01,513520.SH,日经225,0.5,0.5,1.0
2025-07-01,159949.SZ,创业板50,0.5,0.5,1.0
2025-07-02,159949.SZ,创业板50,0.5,0.5,1.0
2025-07-02,513520.SH,日经225,0.5,0.5,1.0
2025-07-03,159949.SZ,创业板50,0.5,0.5,1.0
2025-07-03,513520.SH,日经225,0.5,0.5,1.0
2025-07-04,159949.SZ,创业板50,0.5,0.5,1.0
2025-07-04,513520.SH,日经225,0.5,0.5,1.0
2025-07-07,159949.SZ,创业板50,0.5,0.5,1.0
2025-07-07,513520.SH,日经225,0.5,0.5,1.0
2025-07-08,159949.SZ,创业板50,0.5,0.5,1.0
2025-07-08,513520.SH,日经225,0.5,0.5,1.0
2025-07-09,159949.SZ,创业板50,0.5,0.5,1.0
2025-07-09,563300.SH,中证2000,0.5,0.5,1.0
2025-07-10,159949.SZ,创业板50,0.5,0.5,1.0
2025-07-10,563300.SH,中证2000,0.5,0.5,1.0
2025-07-11,159949.SZ,创业板50,0.5,0.5,1.0
2025-07-11,563300.SH,中证2000,0.5,0.5,1.0
2025-07-14,159949.SZ,创业板50,0.5,0.5,1.0
2025-07-14,563300.SH,中证2000,0.5,0.5,1.0
2025-07-15,159949.SZ,创业板50,0.5,0.5,1.0
2025-07-15,563300.SH,中证2000,0.5,0.5,1.0
2025-07-16,159949.SZ,创业板50,0.5,0.5,1.0
2025-07-16,563300.SH,中证2000,0.5,0.5,1.0
2025-07-17,159949.SZ,创业板50,0.5,0.5,1.0
2025-07-17,563300.SH,中证2000,0.5,0.5,1.0
2025-07-18,159949.SZ,创业板50,0.5,0.5,1.0
2025-07-18,563300.SH,中证2000,0.5,0.5,1.0
2025-07-21,159949.SZ,创业板50,0.5,0.5,1.0
2025-07-21,563300.SH,中证2000,0.5,0.5,1.0
2025-07-22,159949.SZ,创业板50,0.5,0.5,1.0
2025-07-22,563300.SH,中证2000,0.5,0.5,1.0
2025-07-23,159949.SZ,创业板50,0.5,0.5,1.0
2025-07-23,563300.SH,中证2000,0.5,0.5,1.0
2025-07-24,159949.SZ,创业板50,0.5,0.5,1.0
2025-07-24,563300.SH,中证2000,0.5,0.5,1.0
2025-07-25,159949.SZ,创业板50,0.5,0.5,1.0
2025-07-25,563300.SH,中证2000,0.5,0.5,1.0
2025-07-28,159949.SZ,创业板50,0.5,0.5,1.0
2025-07-28,563300.SH,中证2000,0.5,0.5,1.0
2025-07-29,159949.SZ,创业板50,0.5,0.5,1.0
2025-07-29,563300.SH,中证2000,0.5,0.5,1.0
2025-07-30,159949.SZ,创业板50,0.5,0.5,1.0
2025-07-30,563300.SH,中证2000,0.5,0.5,1.0
2025-07-31,159949.SZ,创业板50,0.5,0.5,1.0
2025-07-31,563300.SH,中证2000,0.5,0.5,1.0
2025-08-01,159949.SZ,创业板50,0.5,0.5,1.0
2025-08-01,563300.SH,中证2000,0.5,0.5,1.0
2025-08-04,159949.SZ,创业板50,0.5,0.5,1.0
2025-08-04,563300.SH,中证2000,0.5,0.5,1.0
2025-08-05,159949.SZ,创业板50,0.5,0.5,1.0
2025-08-05,563300.SH,中证2000,0.5,0.5,1.0
2025-08-06,159949.SZ,创业板50,0.5,0.5,1.0
2025-08-06,563300.SH,中证2000,0.5,0.5,1.0
2025-08-07,159949.SZ,创业板50,0.5,0.5,1.0
2025-08-07,563300.SH,中证2000,0.5,0.5,1.0
2025-08-08,159949.SZ,创业板50,0.5,0.5,1.0
2025-08-08,563300.SH,中证2000,0.5,0.5,1.0
2025-08-11,563300.SH,中证2000,0.5,0.5,1.0
2025-08-11,159949.SZ,创业板50,0.5,0.5,1.0
2025-08-12,159949.SZ,创业板50,0.5,0.5,1.0
2025-08-12,563300.SH,中证2000,0.5,0.5,1.0
2025-08-13,159949.SZ,创业板50,0.5,0.5,1.0
2025-08-13,563300.SH,中证2000,0.5,0.5,1.0
2025-08-14,159949.SZ,创业板50,0.5,0.5,1.0
2025-08-14,563300.SH,中证2000,0.5,0.5,1.0
2025-08-15,159949.SZ,创业板50,0.5,0.5,1.0
2025-08-15,563300.SH,中证2000,0.5,0.5,1.0
2025-08-18,159949.SZ,创业板50,0.5,0.5,1.0
2025-08-18,563300.SH,中证2000,0.5,0.5,1.0
2025-08-19,159949.SZ,创业板50,0.5,0.5,1.0
2025-08-19,563300.SH,中证2000,0.5,0.5,1.0
2025-08-20,159949.SZ,创业板50,0.5,0.5,1.0
2025-08-20,563300.SH,中证2000,0.5,0.5,1.0
2025-08-21,159949.SZ,创业板50,0.5,0.5,1.0
2025-08-21,563300.SH,中证2000,0.5,0.5,1.0
2025-08-22,159949.SZ,创业板50,0.5,0.5,1.0
2025-08-22,563300.SH,中证2000,0.5,0.5,1.0
2025-08-25,159949.SZ,创业板50,0.5,0.5,1.0
2025-08-25,588000.SH,科创50,0.5,0.5,1.0
2025-08-26,588000.SH,科创50,0.5,0.5,1.0
2025-08-26,159949.SZ,创业板50,0.5,0.5,1.0
2025-08-27,159949.SZ,创业板50,0.5,0.5,1.0
2025-08-27,588000.SH,科创50,0.5,0.5,1.0
2025-08-28,159949.SZ,创业板50,0.5,0.5,1.0
2025-08-28,588000.SH,科创50,0.5,0.5,1.0
2025-08-29,159949.SZ,创业板50,0.5,0.5,1.0
2025-08-29,588000.SH,科创50,0.5,0.5,1.0
2025-09-01,159949.SZ,创业板50,0.5,0.5,1.0
2025-09-01,588000.SH,科创50,0.5,0.5,1.0
2025-09-02,588000.SH,科创50,0.5,0.5,1.0
2025-09-02,159949.SZ,创业板50,0.5,0.5,1.0
2025-09-03,159949.SZ,创业板50,0.5,0.5,1.0
2025-09-03,588000.SH,科创50,0.5,0.5,1.0
2025-09-04,588000.SH,科创50,0.5,0.5,1.0
2025-09-04,159949.SZ,创业板50,0.5,0.5,1.0
2025-09-05,159949.SZ,创业板50,0.5,0.5,1.0
2025-09-05,588000.SH,科创50,0.5,0.5,1.0
2025-09-08,159949.SZ,创业板50,0.5,0.5,1.0
2025-09-08,588000.SH,科创50,0.5,0.5,1.0
2025-09-09,159949.SZ,创业板50,0.5,0.5,1.0
2025-09-09,588000.SH,科创50,0.5,0.5,1.0
2025-09-10,159949.SZ,创业板50,0.5,0.5,1.0
2025-09-10,588000.SH,科创50,0.5,0.5,1.0
2025-09-11,159949.SZ,创业板50,0.5,0.5,1.0
2025-09-11,588000.SH,科创50,0.5,0.5,1.0
2025-09-12,159949.SZ,创业板50,0.5,0.5,1.0
2025-09-12,588000.SH,科创50,0.5,0.5,1.0
2025-09-15,159949.SZ,创业板50,0.5,0.5,1.0
2025-09-15,588000.SH,科创50,0.5,0.5,1.0
2025-09-16,159949.SZ,创业板50,0.5,0.5,1.0
2025-09-16,588000.SH,科创50,0.5,0.5,1.0
2025-09-17,159949.SZ,创业板50,0.5,0.5,1.0
2025-09-17,588000.SH,科创50,0.5,0.5,1.0
2025-09-18,159949.SZ,创业板50,0.5,0.5,1.0
2025-09-18,588000.SH,科创50,0.5,0.5,1.0
2025-09-19,159949.SZ,创业板50,0.5,0.5,1.0
2025-09-19,588000.SH,科创50,0.5,0.5,1.0
2025-09-22,159949.SZ,创业板50,0.5,0.5,1.0
2025-09-22,588000.SH,科创50,0.5,0.5,1.0
2025-09-23,588000.SH,科创50,0.5,0.5,1.0
2025-09-23,159949.SZ,创业板50,0.5,0.5,1.0
2025-09-24,588000.SH,科创50,0.5,0.5,1.0
2025-09-24,159949.SZ,创业板50,0.5,0.5,1.0
2025-09-25,588000.SH,科创50,0.5,0.5,1.0
2025-09-25,159949.SZ,创业板50,0.5,0.5,1.0
2025-09-26,159949.SZ,创业板50,0.25,0.5,0.5
2025-09-26,588000.SH,科创50,0.25,0.5,0.5
2025-09-29,159949.SZ,创业板50,0.25,0.5,0.5
2025-09-29,588000.SH,科创50,0.25,0.5,0.5
2025-09-30,159949.SZ,创业板50,0.25,0.5,0.5
2025-09-30,588000.SH,科创50,0.25,0.5,0.5
2025-10-09,159949.SZ,创业板50,0.25,0.5,0.5
2025-10-09,588000.SH,科创50,0.25,0.5,0.5
2025-10-10,159949.SZ,创业板50,0.25,0.5,0.5
2025-10-10,588000.SH,科创50,0.25,0.5,0.5
2025-10-13,159949.SZ,创业板50,0.25,0.5,0.5
2025-10-13,513050.SH,中概互联网,0.25,0.5,0.5
2025-10-14,513050.SH,中概互联网,0.25,0.5,0.5
2025-10-14,588000.SH,科创50,0.25,0.5,0.5
2025-10-15,520830.SH,沙特,0.5,0.5,1.0
2025-10-15,513520.SH,日经225,0.5,0.5,1.0
2025-10-16,513520.SH,日经225,0.5,0.5,1.0
2025-10-16,520830.SH,沙特,0.5,0.5,1.0
2025-10-17,513520.SH,日经225,0.5,0.5,1.0
2025-10-17,520830.SH,沙特,0.5,0.5,1.0
2025-10-20,513520.SH,日经225,0.5,0.5,1.0
2025-10-20,520830.SH,沙特,0.5,0.5,1.0
2025-10-21,513520.SH,日经225,0.5,0.5,1.0
2025-10-21,520830.SH,沙特,0.5,0.5,1.0
2025-10-22,513520.SH,日经225,0.5,0.5,1.0
2025-10-22,520830.SH,沙特,0.5,0.5,1.0
2025-10-23,513520.SH,日经225,0.5,0.5,1.0
2025-10-23,520830.SH,沙特,0.5,0.5,1.0
2025-10-24,513520.SH,日经225,0.5,0.5,1.0
2025-10-24,520830.SH,沙特,0.5,0.5,1.0
2025-10-27,513520.SH,日经225,0.5,0.5,1.0
2025-10-27,520830.SH,沙特,0.5,0.5,1.0
2025-10-28,513520.SH,日经225,0.5,0.5,1.0
2025-10-28,513100.SH,纳指,0.5,0.5,1.0
2025-10-29,513520.SH,日经225,0.5,0.5,1.0
2025-10-29,513100.SH,纳指,0.5,0.5,1.0
2025-10-30,513520.SH,日经225,0.5,0.5,1.0
2025-10-30,513100.SH,纳指,0.5,0.5,1.0
2025-10-31,513520.SH,日经225,0.5,0.5,1.0
2025-10-31,513100.SH,纳指,0.5,0.5,1.0
2025-11-03,513520.SH,日经225,0.5,0.5,1.0
2025-11-03,513100.SH,纳指,0.5,0.5,1.0
2025-11-04,513520.SH,日经225,0.5,0.5,1.0
2025-11-04,513100.SH,纳指,0.5,0.5,1.0
2025-11-05,513520.SH,日经225,0.5,0.5,1.0
2025-11-05,513100.SH,纳指,0.5,0.5,1.0
2025-11-06,513520.SH,日经225,0.5,0.5,1.0
2025-11-06,513100.SH,纳指,0.5,0.5,1.0
2025-11-07,513520.SH,日经225,0.5,0.5,1.0
2025-11-07,513100.SH,纳指,0.5,0.5,1.0
2025-11-10,513520.SH,日经225,0.5,0.5,1.0
2025-11-10,513100.SH,纳指,0.5,0.5,1.0
2025-11-11,513520.SH,日经225,0.5,0.5,1.0
2025-11-11,513100.SH,纳指,0.5,0.5,1.0
2025-11-12,513520.SH,日经225,0.5,0.5,1.0
2025-11-12,513100.SH,纳指,0.5,0.5,1.0
2025-11-13,513520.SH,日经225,0.5,0.5,1.0
2025-11-13,513100.SH,纳指,0.5,0.5,1.0
2025-11-14,513520.SH,日经225,0.5,0.5,1.0
2025-11-14,513100.SH,纳指,0.5,0.5,1.0
2025-11-17,513520.SH,日经225,0.5,0.5,1.0
2025-11-17,512890.SH,红利低波,0.5,0.5,1.0
2025-11-18,512890.SH,红利低波,0.5,0.5,1.0
2025-11-18,563300.SH,中证2000,0.5,0.5,1.0
2025-11-19,563300.SH,中证2000,0.5,0.5,1.0
2025-11-19,512890.SH,红利低波,0.5,0.5,1.0
2025-11-20,512890.SH,红利低波,0.5,0.5,1.0
2025-11-20,511380.SH,可转债,0.5,0.5,1.0
2025-11-21,512890.SH,红利低波,0.5,0.5,1.0
2025-11-21,511380.SH,可转债,0.5,0.5,1.0
2025-11-24,512890.SH,红利低波,1.0,1.0,1.0
2025-11-25,512890.SH,红利低波,1.0,1.0,1.0
2025-11-26,512890.SH,红利低波,1.0,1.0,1.0
2025-11-28,162411.SZ,华宝油气,1.0,1.0,1.0
2025-12-02,162411.SZ,华宝油气,0.5,0.5,1.0
2025-12-02,563300.SH,中证2000,0.5,0.5,1.0
2025-12-03,162411.SZ,华宝油气,1.0,1.0,1.0
2025-12-04,162411.SZ,华宝油气,1.0,1.0,1.0
2025-12-05,162411.SZ,华宝油气,1.0,1.0,1.0
2025-12-08,162411.SZ,华宝油气,1.0,1.0,1.0
2025-12-09,162411.SZ,华宝油气,0.5,0.5,1.0
2025-12-09,563300.SH,中证2000,0.5,0.5,1.0
2025-12-10,162411.SZ,华宝油气,0.5,0.5,1.0
2025-12-10,159949.SZ,创业板50,0.5,0.5,1.0
2025-12-11,159949.SZ,创业板50,0.5,0.5,1.0
2025-12-11,518880.SH,黄金,0.5,0.5,1.0
2025-12-12,518880.SH,黄金,0.5,0.5,1.0
2025-12-12,162411.SZ,华宝油气,0.5,0.5,1.0
2025-12-15,518880.SH,黄金,0.5,0.5,1.0
2025-12-15,513030.SH,德国,0.5,0.5,1.0
2025-12-16,518880.SH,黄金,0.5,0.5,1.0
2025-12-16,513030.SH,德国,0.5,0.5,1.0
2025-12-17,518880.SH,黄金,0.5,0.5,1.0
2025-12-17,513030.SH,德国,0.5,0.5,1.0
2025-12-18,518880.SH,黄金,0.5,0.5,1.0
2025-12-18,159949.SZ,创业板50,0.5,0.5,1.0
2025-12-19,518880.SH,黄金,1.0,1.0,1.0
2025-12-22,518880.SH,黄金,0.5,0.5,1.0
2025-12-22,159949.SZ,创业板50,0.5,0.5,1.0
2025-12-23,518880.SH,黄金,0.5,0.5,1.0
2025-12-23,159949.SZ,创业板50,0.5,0.5,1.0
2025-12-24,518880.SH,黄金,0.5,0.5,1.0
2025-12-24,159949.SZ,创业板50,0.5,0.5,1.0
2025-12-25,518880.SH,黄金,0.5,0.5,1.0
2025-12-25,159949.SZ,创业板50,0.5,0.5,1.0
2025-12-26,159949.SZ,创业板50,0.5,0.5,1.0
2025-12-26,518880.SH,黄金,0.5,0.5,1.0
2025-12-29,159949.SZ,创业板50,0.5,0.5,1.0
2025-12-29,518880.SH,黄金,0.5,0.5,1.0
2025-12-30,159949.SZ,创业板50,0.5,0.5,1.0
2025-12-30,518880.SH,黄金,0.5,0.5,1.0
2025-12-31,159949.SZ,创业板50,0.5,0.5,1.0
2025-12-31,518880.SH,黄金,0.5,0.5,1.0
2026-01-05,159949.SZ,创业板50,0.5,0.5,1.0
2026-01-05,518880.SH,黄金,0.5,0.5,1.0
2026-01-06,159949.SZ,创业板50,0.5,0.5,1.0
2026-01-06,518880.SH,黄金,0.5,0.5,1.0
2026-01-07,159949.SZ,创业板50,0.5,0.5,1.0
2026-01-07,518880.SH,黄金,0.5,0.5,1.0
2026-01-08,159949.SZ,创业板50,0.5,0.5,1.0
2026-01-08,518880.SH,黄金,0.5,0.5,1.0
2026-01-09,159949.SZ,创业板50,0.5,0.5,1.0
2026-01-09,518880.SH,黄金,0.5,0.5,1.0
2026-01-12,159949.SZ,创业板50,0.5,0.5,1.0
2026-01-12,518880.SH,黄金,0.5,0.5,1.0
2026-01-13,159949.SZ,创业板50,0.5,0.5,1.0
2026-01-13,518880.SH,黄金,0.5,0.5,1.0
2026-01-14,518880.SH,黄金,0.5,0.5,1.0
2026-01-14,159949.SZ,创业板50,0.5,0.5,1.0
2026-01-15,518880.SH,黄金,0.5,0.5,1.0
2026-01-15,159949.SZ,创业板50,0.5,0.5,1.0
2026-01-16,518880.SH,黄金,0.5,0.5,1.0
2026-01-16,159949.SZ,创业板50,0.5,0.5,1.0
2026-01-19,518880.SH,黄金,0.5,0.5,1.0
2026-01-19,159949.SZ,创业板50,0.5,0.5,1.0
2026-01-20,518880.SH,黄金,0.5,0.5,1.0
2026-01-20,159949.SZ,创业板50,0.5,0.5,1.0
2026-01-21,518880.SH,黄金,1.0,1.0,1.0
2026-01-22,518880.SH,黄金,0.5,0.5,1.0
2026-01-22,520830.SH,沙特,0.5,0.5,1.0
2026-01-23,518880.SH,黄金,0.5,0.5,1.0
2026-01-23,159949.SZ,创业板50,0.5,0.5,1.0
2026-01-26,518880.SH,黄金,0.5,0.5,1.0
2026-01-26,159949.SZ,创业板50,0.5,0.5,1.0
2026-01-27,518880.SH,黄金,0.5,0.5,1.0
2026-01-27,520830.SH,沙特,0.5,0.5,1.0
2026-01-28,518880.SH,黄金,0.5,0.5,1.0
2026-01-28,520830.SH,沙特,0.5,0.5,1.0
2026-01-29,518880.SH,黄金,0.5,0.5,1.0
2026-01-29,520830.SH,沙特,0.5,0.5,1.0
2026-01-30,518880.SH,黄金,0.5,0.5,1.0
2026-01-30,520830.SH,沙特,0.5,0.5,1.0
2026-02-02,518880.SH,黄金,0.5,0.5,1.0
2026-02-02,520830.SH,沙特,0.5,0.5,1.0
2026-02-03,518880.SH,黄金,0.5,0.5,1.0
2026-02-03,159985.SZ,豆粕,0.5,0.5,1.0
2026-02-04,518880.SH,黄金,0.5,0.5,1.0
2026-02-04,563300.SH,中证2000,0.5,0.5,1.0
2026-02-05,518880.SH,黄金,0.5,0.5,1.0
2026-02-05,563300.SH,中证2000,0.5,0.5,1.0
2026-02-06,518880.SH,黄金,0.5,0.5,1.0
2026-02-06,162411.SZ,华宝油气,0.5,0.5,1.0
2026-02-09,162411.SZ,华宝油气,0.5,0.5,1.0
2026-02-09,518880.SH,黄金,0.5,0.5,1.0
2026-02-10,518880.SH,黄金,0.5,0.5,1.0
2026-02-10,162411.SZ,华宝油气,0.5,0.5,1.0
2026-02-11,162411.SZ,华宝油气,0.5,0.5,1.0
2026-02-11,518880.SH,黄金,0.5,0.5,1.0
2026-02-12,162411.SZ,华宝油气,0.5,0.5,1.0
2026-02-12,518880.SH,黄金,0.5,0.5,1.0
2026-02-13,518880.SH,黄金,0.5,0.5,1.0
2026-02-13,162411.SZ,华宝油气,0.5,0.5,1.0
2026-02-24,162411.SZ,华宝油气,0.5,0.5,1.0
2026-02-24,513520.SH,日经225,0.5,0.5,1.0
2026-02-25,162411.SZ,华宝油气,0.5,0.5,1.0
2026-02-25,513520.SH,日经225,0.5,0.5,1.0
2026-02-26,513520.SH,日经225,0.5,0.5,1.0
2026-02-26,162411.SZ,华宝油气,0.5,0.5,1.0
2026-02-27,162411.SZ,华宝油气,0.5,0.5,1.0
2026-02-27,513520.SH,日经225,0.5,0.5,1.0
2026-03-02,513520.SH,日经225,0.5,0.5,1.0
2026-03-02,162411.SZ,华宝油气,0.5,0.5,1.0
2026-03-03,162411.SZ,华宝油气,0.5,0.5,1.0
2026-03-03,513520.SH,日经225,0.5,0.5,1.0
2026-03-04,162411.SZ,华宝油气,0.5,0.5,1.0
2026-03-04,513520.SH,日经225,0.5,0.5,1.0
2026-03-05,162411.SZ,华宝油气,0.5,0.5,1.0
2026-03-05,159985.SZ,豆粕,0.5,0.5,1.0
2026-03-06,162411.SZ,华宝油气,0.5,0.5,1.0
2026-03-06,159985.SZ,豆粕,0.5,0.5,1.0
2026-03-09,162411.SZ,华宝油气,0.25,0.5,0.5
2026-03-09,159985.SZ,豆粕,0.25,0.5,0.5
2026-03-10,162411.SZ,华宝油气,0.5,0.5,1.0
2026-03-10,159985.SZ,豆粕,0.5,0.5,1.0
2026-03-11,162411.SZ,华宝油气,0.5,0.5,1.0
2026-03-11,159985.SZ,豆粕,0.5,0.5,1.0
2026-03-12,159985.SZ,豆粕,0.5,0.5,1.0
2026-03-12,162411.SZ,华宝油气,0.5,0.5,1.0
2026-03-13,159985.SZ,豆粕,0.5,0.5,1.0
2026-03-13,162411.SZ,华宝油气,0.5,0.5,1.0
2026-03-16,159985.SZ,豆粕,0.5,0.5,1.0
2026-03-16,512890.SH,红利低波,0.5,0.5,1.0
2026-03-17,159985.SZ,豆粕,0.5,0.5,1.0
2026-03-17,512890.SH,红利低波,0.5,0.5,1.0
2026-03-18,159985.SZ,豆粕,0.5,0.5,1.0
2026-03-18,162411.SZ,华宝油气,0.5,0.5,1.0
2026-03-19,162411.SZ,华宝油气,0.5,0.5,1.0
2026-03-19,159985.SZ,豆粕,0.5,0.5,1.0
2026-03-20,162411.SZ,华宝油气,0.5,0.5,1.0
2026-03-20,159985.SZ,豆粕,0.5,0.5,1.0
2026-03-23,162411.SZ,华宝油气,0.5,0.5,1.0
2026-03-23,159985.SZ,豆粕,0.5,0.5,1.0
2026-03-24,162411.SZ,华宝油气,0.5,0.5,1.0
2026-03-24,159985.SZ,豆粕,0.5,0.5,1.0
2026-03-25,162411.SZ,华宝油气,0.5,0.5,1.0
2026-03-25,159985.SZ,豆粕,0.5,0.5,1.0
2026-03-26,162411.SZ,华宝油气,0.25,0.5,0.5
2026-03-26,159985.SZ,豆粕,0.25,0.5,0.5
2026-03-27,162411.SZ,华宝油气,0.25,0.5,0.5
2026-03-27,159985.SZ,豆粕,0.25,0.5,0.5
2026-03-30,162411.SZ,华宝油气,0.25,0.5,0.5
2026-03-30,159985.SZ,豆粕,0.25,0.5,0.5
2026-03-31,162411.SZ,华宝油气,0.25,0.5,0.5
2026-03-31,159985.SZ,豆粕,0.25,0.5,0.5
2026-04-01,162411.SZ,华宝油气,0.25,0.5,0.5
2026-04-01,159985.SZ,豆粕,0.25,0.5,0.5
2026-04-02,162411.SZ,华宝油气,0.5,0.5,1.0
2026-04-02,512890.SH,红利低波,0.5,0.5,1.0
2026-04-03,162411.SZ,华宝油气,0.5,0.5,1.0
2026-04-03,512890.SH,红利低波,0.5,0.5,1.0
2026-04-07,162411.SZ,华宝油气,0.25,0.5,0.5
2026-04-07,512890.SH,红利低波,0.25,0.5,0.5
2026-04-08,162411.SZ,华宝油气,1.0,1.0,1.0
2026-04-09,159949.SZ,创业板50,0.5,0.5,1.0
2026-04-09,513100.SH,纳指,0.5,0.5,1.0
2026-04-10,513100.SH,纳指,0.25,0.5,0.5
2026-04-10,159949.SZ,创业板50,0.25,0.5,0.5
2026-04-13,159949.SZ,创业板50,0.5,0.5,1.0
2026-04-13,513100.SH,纳指,0.5,0.5,1.0
2026-04-14,159949.SZ,创业板50,0.5,0.5,1.0
2026-04-14,520830.SH,沙特,0.5,0.5,1.0
2026-04-15,159949.SZ,创业板50,0.5,0.5,1.0
2026-04-15,520830.SH,沙特,0.5,0.5,1.0
2026-04-16,159949.SZ,创业板50,0.5,0.5,1.0
2026-04-16,520830.SH,沙特,0.5,0.5,1.0
2026-04-17,159949.SZ,创业板50,0.5,0.5,1.0
2026-04-17,520830.SH,沙特,0.5,0.5,1.0
2026-04-20,159949.SZ,创业板50,0.5,0.5,1.0
2026-04-20,520830.SH,沙特,0.5,0.5,1.0
2026-04-21,159949.SZ,创业板50,0.5,0.5,1.0
2026-04-21,513100.SH,纳指,0.5,0.5,1.0
2026-04-22,159949.SZ,创业板50,0.5,0.5,1.0
2026-04-22,513100.SH,纳指,0.5,0.5,1.0
2026-04-23,159949.SZ,创业板50,0.5,0.5,1.0
2026-04-23,513100.SH,纳指,0.5,0.5,1.0
2026-04-24,159949.SZ,创业板50,0.5,0.5,1.0
2026-04-24,513100.SH,纳指,0.5,0.5,1.0
2026-04-27,159949.SZ,创业板50,0.5,0.5,1.0
2026-04-27,513100.SH,纳指,0.5,0.5,1.0
2026-04-28,513100.SH,纳指,0.5,0.5,1.0
2026-04-28,159949.SZ,创业板50,0.5,0.5,1.0
2026-04-29,513100.SH,纳指,0.5,0.5,1.0
2026-04-29,588000.SH,科创50,0.5,0.5,1.0
2026-04-30,588000.SH,科创50,0.5,0.5,1.0
2026-04-30,513100.SH,纳指,0.5,0.5,1.0
2026-05-06,588000.SH,科创50,0.5,0.5,1.0
2026-05-06,513100.SH,纳指,0.5,0.5,1.0
2026-05-07,588000.SH,科创50,0.5,0.5,1.0
2026-05-07,513100.SH,纳指,0.5,0.5,1.0
2026-05-08,588000.SH,科创50,0.5,0.5,1.0
2026-05-08,513100.SH,纳指,0.5,0.5,1.0
2026-05-11,588000.SH,科创50,0.5,0.5,1.0
2026-05-11,513100.SH,纳指,0.5,0.5,1.0
2026-05-12,588000.SH,科创50,0.5,0.5,1.0
2026-05-12,513100.SH,纳指,0.5,0.5,1.0
2026-05-13,588000.SH,科创50,0.5,0.5,1.0
2026-05-13,513100.SH,纳指,0.5,0.5,1.0
2026-05-14,588000.SH,科创50,0.5,0.5,1.0
2026-05-14,513100.SH,纳指,0.5,0.5,1.0
2026-05-15,588000.SH,科创50,0.5,0.5,1.0
2026-05-15,513100.SH,纳指,0.5,0.5,1.0
2026-05-18,588000.SH,科创50,0.5,0.5,1.0
2026-05-18,513100.SH,纳指,0.5,0.5,1.0
2026-05-19,588000.SH,科创50,0.5,0.5,1.0
2026-05-19,159949.SZ,创业板50,0.5,0.5,1.0
2026-05-20,588000.SH,科创50,0.5,0.5,1.0
2026-05-20,159949.SZ,创业板50,0.5,0.5,1.0
2026-05-21,588000.SH,科创50,0.5,0.5,1.0
2026-05-21,159949.SZ,创业板50,0.5,0.5,1.0
2026-05-22,588000.SH,科创50,0.5,0.5,1.0
2026-05-22,513100.SH,纳指,0.5,0.5,1.0
2026-05-25,588000.SH,科创50,0.5,0.5,1.0
2026-05-25,513100.SH,纳指,0.5,0.5,1.0
2026-05-26,588000.SH,科创50,0.5,0.5,1.0
2026-05-26,513100.SH,纳指,0.5,0.5,1.0
2026-05-27,588000.SH,科创50,0.5,0.5,1.0
2026-05-27,513100.SH,纳指,0.5,0.5,1.0
2026-05-28,588000.SH,科创50,0.5,0.5,1.0
2026-05-28,513100.SH,纳指,0.5,0.5,1.0
2026-05-29,588000.SH,科创50,0.5,0.5,1.0
2026-05-29,513100.SH,纳指,0.5,0.5,1.0
2026-06-01,588000.SH,科创50,0.5,0.5,1.0
2026-06-01,513100.SH,纳指,0.5,0.5,1.0
2026-06-02,513100.SH,纳指,0.5,0.5,1.0
2026-06-02,513520.SH,日经225,0.5,0.5,1.0
2026-06-03,513100.SH,纳指,0.5,0.5,1.0
2026-06-03,513520.SH,日经225,0.5,0.5,1.0
2026-06-04,513100.SH,纳指,0.5,0.5,1.0
2026-06-04,513520.SH,日经225,0.5,0.5,1.0
2026-06-05,513100.SH,纳指,0.5,0.5,1.0
2026-06-05,513520.SH,日经225,0.5,0.5,1.0
2026-06-08,513100.SH,纳指,0.5,0.5,1.0
2026-06-08,513520.SH,日经225,0.5,0.5,1.0
2026-06-09,513520.SH,日经225,0.25,0.5,0.5
2026-06-09,513100.SH,纳指,0.25,0.5,0.5
2026-06-10,513520.SH,日经225,0.5,0.5,1.0
2026-06-10,513100.SH,纳指,0.5,0.5,1.0
2026-06-11,513520.SH,日经225,0.25,0.5,0.5
2026-06-11,513100.SH,纳指,0.25,0.5,0.5
2026-06-12,513520.SH,日经225,0.25,0.5,0.5
2026-06-12,513100.SH,纳指,0.25,0.5,0.5
2026-06-15,513520.SH,日经225,0.25,0.5,0.5
2026-06-15,513100.SH,纳指,0.25,0.5,0.5
2026-06-16,513520.SH,日经225,0.5,0.5,1.0
2026-06-16,513100.SH,纳指,0.5,0.5,1.0
2026-06-17,513520.SH,日经225,0.5,0.5,1.0
2026-06-17,513100.SH,纳指,0.5,0.5,1.0
2026-06-18,513520.SH,日经225,0.5,0.5,1.0
2026-06-18,513100.SH,纳指,0.5,0.5,1.0
2026-06-22,513520.SH,日经225,0.5,0.5,1.0
2026-06-22,513100.SH,纳指,0.5,0.5,1.0
2026-06-23,513520.SH,日经225,0.5,0.5,1.0
2026-06-23,588000.SH,科创50,0.5,0.5,1.0
2026-06-24,513520.SH,日经225,0.5,0.5,1.0
2026-06-24,588000.SH,科创50,0.5,0.5,1.0
2026-06-25,513520.SH,日经225,0.5,0.5,1.0
2026-06-25,588000.SH,科创50,0.5,0.5,1.0
2026-06-26,513520.SH,日经225,0.5,0.5,1.0
2026-06-26,588000.SH,科创50,0.5,0.5,1.0
2026-06-29,513520.SH,日经225,0.5,0.5,1.0
2026-06-29,588000.SH,科创50,0.5,0.5,1.0
2026-06-30,513520.SH,日经225,0.5,0.5,1.0
2026-06-30,588000.SH,科创50,0.5,0.5,1.0
2026-07-01,513520.SH,日经225,0.5,0.5,1.0
2026-07-01,159949.SZ,创业板50,0.5,0.5,1.0
2026-07-02,513520.SH,日经225,0.5,0.5,1.0
2026-07-02,159949.SZ,创业板50,0.5,0.5,1.0
2026-07-03,513520.SH,日经225,0.25,0.5,0.5
2026-07-03,588000.SH,科创50,0.25,0.5,0.5
2026-07-06,513520.SH,日经225,0.5,0.5,1.0
2026-07-06,588000.SH,科创50,0.5,0.5,1.0
2026-07-07,588000.SH,科创50,0.5,0.5,1.0
2026-07-07,513520.SH,日经225,0.5,0.5,1.0
