date,signal_date,action,code,name,weight_before,weight_after,price,reason
2021-02-09,2021-02-08,BUY,162411.SZ,华宝油气,0.0,0.25,0.356,next_open_rebalance
2021-02-09,2021-02-08,BUY,513050.SH,中概互联网,0.0,0.25,2.47,next_open_rebalance
2021-02-25,2021-02-24,BUY,162411.SZ,华宝油气,0.25,0.5,0.401,next_open_rebalance
2021-02-25,2021-02-24,BUY,513050.SH,中概互联网,0.25,0.5,2.385,next_open_rebalance
2021-03-01,2021-02-26,BUY,512890.SH,红利低波,0.0,0.5,0.685,next_open_rebalance
2021-03-01,2021-02-26,SELL,513050.SH,中概互联网,0.5,0.0,2.31,next_open_rebalance
2021-03-26,2021-03-25,SELL,512890.SH,红利低波,0.5,0.0,0.695,next_open_rebalance
2021-03-26,2021-03-25,SELL,162411.SZ,华宝油气,0.5,0.0,0.395,next_open_rebalance
2021-03-26,2021-03-25,BUY,513030.SH,德国,0.0,1.0,1.171,next_open_rebalance
2021-03-30,2021-03-29,BUY,512890.SH,红利低波,0.0,0.5,0.704,next_open_rebalance
2021-03-30,2021-03-29,SELL,513030.SH,德国,1.0,0.5,1.188,next_open_rebalance
2021-04-12,2021-04-09,SELL,512890.SH,红利低波,0.5,0.0,0.713,next_open_rebalance
2021-04-12,2021-04-09,BUY,513100.SH,纳指,0.0,0.5,0.926,next_open_rebalance
2021-04-22,2021-04-21,BUY,159949.SZ,创业板50,0.0,0.5,1.247,next_open_rebalance
2021-04-22,2021-04-21,SELL,513100.SH,纳指,0.5,0.0,0.923,next_open_rebalance
2021-04-26,2021-04-23,SELL,159949.SZ,创业板50,0.5,0.25,1.29,next_open_rebalance
2021-04-26,2021-04-23,SELL,513030.SH,德国,0.5,0.25,1.238,next_open_rebalance
2021-04-27,2021-04-26,SELL,513030.SH,德国,0.25,0.0,1.248,next_open_rebalance
2021-04-27,2021-04-26,BUY,513100.SH,纳指,0.0,0.25,0.93,next_open_rebalance
2021-05-07,2021-05-06,SELL,513100.SH,纳指,0.25,0.0,0.905,next_open_rebalance
2021-05-07,2021-05-06,BUY,159985.SZ,豆粕,0.0,0.25,1.335,next_open_rebalance
2021-05-17,2021-05-14,BUY,512890.SH,红利低波,0.0,0.25,0.738,next_open_rebalance
2021-05-17,2021-05-14,SELL,159985.SZ,豆粕,0.25,0.0,1.284,next_open_rebalance
2021-05-21,2021-05-20,SELL,512890.SH,红利低波,0.25,0.0,0.733,next_open_rebalance
2021-05-21,2021-05-20,BUY,162411.SZ,华宝油气,0.0,0.25,0.415,next_open_rebalance
2021-06-17,2021-06-16,SELL,159949.SZ,创业板50,0.25,0.0,1.353,next_open_rebalance
2021-06-17,2021-06-16,BUY,588000.SH,科创50,0.0,0.25,1.455,next_open_rebalance
2021-06-22,2021-06-21,SELL,162411.SZ,华宝油气,0.25,0.0,0.457,next_open_rebalance
2021-06-22,2021-06-21,BUY,159949.SZ,创业板50,0.0,0.25,1.431,next_open_rebalance
2021-06-23,2021-06-22,SELL,159949.SZ,创业板50,0.25,0.0,1.438,next_open_rebalance
2021-06-23,2021-06-22,BUY,162411.SZ,华宝油气,0.0,0.25,0.464,next_open_rebalance
2021-07-08,2021-07-07,SELL,162411.SZ,华宝油气,0.25,0.0,0.448,next_open_rebalance
2021-07-08,2021-07-07,BUY,159949.SZ,创业板50,0.0,0.25,1.526,next_open_rebalance
2021-07-20,2021-07-19,BUY,159985.SZ,豆粕,0.0,0.25,1.323,next_open_rebalance
2021-07-20,2021-07-19,SELL,588000.SH,科创50,0.25,0.0,1.562,next_open_rebalance
2021-07-22,2021-07-21,SELL,159985.SZ,豆粕,0.25,0.0,1.31,next_open_rebalance
2021-07-22,2021-07-21,BUY,588000.SH,科创50,0.0,0.25,1.624,next_open_rebalance
2021-07-27,2021-07-26,SELL,159949.SZ,创业板50,0.25,0.0,1.491,next_open_rebalance
2021-07-27,2021-07-26,SELL,588000.SH,科创50,0.25,0.0,1.61,next_open_rebalance
2021-07-27,2021-07-26,BUY,511380.SH,可转债,0.0,0.5,10.771,next_open_rebalance
2021-07-29,2021-07-28,BUY,518880.SH,黄金,0.0,0.5,3.714,next_open_rebalance
2021-07-30,2021-07-29,BUY,159949.SZ,创业板50,0.0,0.5,1.537,next_open_rebalance
2021-07-30,2021-07-29,SELL,518880.SH,黄金,0.5,0.0,3.721,next_open_rebalance
2021-08-10,2021-08-09,SELL,159949.SZ,创业板50,0.5,0.0,1.524,next_open_rebalance
2021-08-10,2021-08-09,BUY,164824.SZ,印度,0.0,0.5,1.181,next_open_rebalance
2021-09-01,2021-08-31,BUY,512890.SH,红利低波,0.0,0.5,0.797,next_open_rebalance
2021-09-01,2021-08-31,SELL,511380.SH,可转债,0.5,0.0,11.15,next_open_rebalance
2021-09-09,2021-09-08,SELL,512890.SH,红利低波,0.5,0.25,0.846,next_open_rebalance
2021-09-09,2021-09-08,SELL,164824.SZ,印度,0.5,0.25,1.242,next_open_rebalance
2021-09-27,2021-09-24,BUY,162411.SZ,华宝油气,0.0,0.25,0.45,next_open_rebalance
2021-09-27,2021-09-24,SELL,164824.SZ,印度,0.25,0.0,1.289,next_open_rebalance
2021-09-28,2021-09-27,SELL,512890.SH,红利低波,0.25,0.0,0.824,next_open_rebalance
2021-09-28,2021-09-27,BUY,164824.SZ,印度,0.0,0.25,1.273,next_open_rebalance
2021-10-25,2021-10-22,BUY,159949.SZ,创业板50,0.0,0.25,1.458,next_open_rebalance
2021-10-25,2021-10-22,SELL,164824.SZ,印度,0.25,0.0,1.273,next_open_rebalance
2021-11-12,2021-11-11,SELL,162411.SZ,华宝油气,0.25,0.0,0.516,next_open_rebalance
2021-11-12,2021-11-11,BUY,518880.SH,黄金,0.0,0.25,3.73,next_open_rebalance
2021-11-18,2021-11-17,SELL,518880.SH,黄金,0.25,0.0,3.74,next_open_rebalance
2021-11-18,2021-11-17,BUY,588000.SH,科创50,0.0,0.25,1.485,next_open_rebalance
2021-12-06,2021-12-03,BUY,512890.SH,红利低波,0.0,0.25,0.775,next_open_rebalance
2021-12-06,2021-12-03,SELL,588000.SH,科创50,0.25,0.0,1.498,next_open_rebalance
2021-12-08,2021-12-07,BUY,512890.SH,红利低波,0.25,0.5,0.784,next_open_rebalance
2021-12-08,2021-12-07,SELL,159949.SZ,创业板50,0.25,0.0,1.501,next_open_rebalance
2021-12-09,2021-12-08,SELL,512890.SH,红利低波,0.5,0.25,0.783,next_open_rebalance
2021-12-09,2021-12-08,BUY,511380.SH,可转债,0.0,0.25,11.584,next_open_rebalance
2021-12-21,2021-12-20,BUY,159985.SZ,豆粕,0.0,0.25,1.211,next_open_rebalance
2021-12-21,2021-12-20,SELL,511380.SH,可转债,0.25,0.0,11.608,next_open_rebalance
2022-01-17,2022-01-14,BUY,162411.SZ,华宝油气,0.0,0.25,0.526,next_open_rebalance
2022-01-17,2022-01-14,SELL,159985.SZ,豆粕,0.25,0.0,1.22,next_open_rebalance
2022-01-26,2022-01-25,SELL,512890.SH,红利低波,0.25,0.0,0.8,next_open_rebalance
2022-01-26,2022-01-25,BUY,159985.SZ,豆粕,0.0,0.25,1.246,next_open_rebalance
2022-01-27,2022-01-26,SELL,159985.SZ,豆粕,0.25,0.0,1.278,next_open_rebalance
2022-01-27,2022-01-26,BUY,511380.SH,可转债,0.0,0.25,11.79,next_open_rebalance
2022-01-28,2022-01-27,BUY,159985.SZ,豆粕,0.0,0.25,1.287,next_open_rebalance
2022-01-28,2022-01-27,SELL,511380.SH,可转债,0.25,0.0,11.741,next_open_rebalance
2022-02-22,2022-02-21,SELL,162411.SZ,华宝油气,0.25,0.0,0.522,next_open_rebalance
2022-02-22,2022-02-21,BUY,518880.SH,黄金,0.0,0.25,3.792,next_open_rebalance
2022-03-04,2022-03-03,BUY,162411.SZ,华宝油气,0.0,0.25,0.576,next_open_rebalance
2022-03-04,2022-03-03,SELL,518880.SH,黄金,0.25,0.0,3.85,next_open_rebalance
2022-04-01,2022-03-31,BUY,162411.SZ,华宝油气,0.25,0.5,0.63,next_open_rebalance
2022-04-01,2022-03-31,SELL,159985.SZ,豆粕,0.25,0.0,1.548,next_open_rebalance
2022-04-06,2022-04-01,BUY,512890.SH,红利低波,0.0,0.25,0.855,next_open_rebalance
2022-04-06,2022-04-01,SELL,162411.SZ,华宝油气,0.5,0.25,0.638,next_open_rebalance
2022-04-22,2022-04-21,SELL,512890.SH,红利低波,0.25,0.0,0.82,next_open_rebalance
2022-04-22,2022-04-21,BUY,164824.SZ,印度,0.0,0.25,1.208,next_open_rebalance
2022-04-28,2022-04-27,SELL,162411.SZ,华宝油气,0.25,0.0,0.642,next_open_rebalance
2022-04-28,2022-04-27,BUY,164824.SZ,印度,0.25,0.5,1.238,next_open_rebalance
2022-05-05,2022-04-29,BUY,162411.SZ,华宝油气,0.0,0.25,0.7,next_open_rebalance
2022-05-05,2022-04-29,SELL,164824.SZ,印度,0.5,0.25,1.218,next_open_rebalance
2022-05-09,2022-05-06,BUY,518880.SH,黄金,0.0,0.25,3.942,next_open_rebalance
2022-05-09,2022-05-06,SELL,164824.SZ,印度,0.25,0.0,1.151,next_open_rebalance
2022-05-11,2022-05-10,SELL,162411.SZ,华宝油气,0.25,0.0,0.645,next_open_rebalance
2022-05-11,2022-05-10,BUY,518880.SH,黄金,0.25,0.5,3.873,next_open_rebalance
2022-05-16,2022-05-13,SELL,518880.SH,黄金,0.5,0.0,3.877,next_open_rebalance
2022-05-16,2022-05-13,BUY,159985.SZ,豆粕,0.0,0.5,1.636,next_open_rebalance
2022-05-17,2022-05-16,BUY,162411.SZ,华宝油气,0.0,0.25,0.685,next_open_rebalance
2022-05-17,2022-05-16,SELL,159985.SZ,豆粕,0.5,0.25,1.639,next_open_rebalance
2022-05-23,2022-05-20,SELL,162411.SZ,华宝油气,0.25,0.0,0.686,next_open_rebalance
2022-05-23,2022-05-20,BUY,513050.SH,中概互联网,0.0,0.25,1.03,next_open_rebalance
2022-05-24,2022-05-23,BUY,162411.SZ,华宝油气,0.0,0.25,0.702,next_open_rebalance
2022-05-24,2022-05-23,SELL,513050.SH,中概互联网,0.25,0.0,1.016,next_open_rebalance
2022-05-31,2022-05-30,SELL,159985.SZ,豆粕,0.25,0.0,1.657,next_open_rebalance
2022-05-31,2022-05-30,BUY,513050.SH,中概互联网,0.0,0.25,1.046,next_open_rebalance
2022-06-20,2022-06-17,SELL,162411.SZ,华宝油气,0.25,0.0,0.656,next_open_rebalance
2022-06-20,2022-06-17,BUY,159949.SZ,创业板50,0.0,0.25,1.175,next_open_rebalance
2022-07-12,2022-07-11,BUY,159949.SZ,创业板50,0.25,1.0,1.218,next_open_rebalance
2022-07-12,2022-07-11,SELL,513050.SH,中概互联网,0.25,0.0,1.111,next_open_rebalance
2022-07-19,2022-07-18,SELL,159949.SZ,创业板50,1.0,0.5,1.238,next_open_rebalance
2022-07-19,2022-07-18,BUY,164824.SZ,印度,0.0,0.5,1.123,next_open_rebalance
2022-07-22,2022-07-21,SELL,159949.SZ,创业板50,0.5,0.0,1.223,next_open_rebalance
2022-07-22,2022-07-21,BUY,588000.SH,科创50,0.0,0.5,1.148,next_open_rebalance
2022-07-25,2022-07-22,BUY,164824.SZ,印度,0.5,1.0,1.135,next_open_rebalance
2022-07-25,2022-07-22,SELL,588000.SH,科创50,0.5,0.0,1.136,next_open_rebalance
2022-07-27,2022-07-26,SELL,164824.SZ,印度,1.0,0.5,1.13,next_open_rebalance
2022-07-27,2022-07-26,BUY,511380.SH,可转债,0.0,0.5,11.712,next_open_rebalance
2022-08-01,2022-07-29,BUY,162411.SZ,华宝油气,0.0,0.5,0.685,next_open_rebalance
2022-08-01,2022-07-29,SELL,511380.SH,可转债,0.5,0.0,11.825,next_open_rebalance
2022-09-05,2022-09-02,SELL,162411.SZ,华宝油气,0.5,0.25,0.741,next_open_rebalance
2022-09-05,2022-09-02,SELL,164824.SZ,印度,0.5,0.25,1.214,next_open_rebalance
2022-09-20,2022-09-19,SELL,162411.SZ,华宝油气,0.25,0.0,0.711,next_open_rebalance
2022-09-20,2022-09-19,BUY,164824.SZ,印度,0.25,0.5,1.257,next_open_rebalance
2022-09-22,2022-09-21,BUY,512890.SH,红利低波,0.0,0.25,0.862,next_open_rebalance
2022-09-22,2022-09-21,SELL,164824.SZ,印度,0.5,0.25,1.233,next_open_rebalance
2022-09-23,2022-09-22,BUY,512890.SH,红利低波,0.25,0.5,0.855,next_open_rebalance
2022-09-23,2022-09-22,SELL,164824.SZ,印度,0.25,0.0,1.234,next_open_rebalance
2022-09-27,2022-09-26,SELL,512890.SH,红利低波,0.5,0.0,0.834,next_open_rebalance
2022-10-14,2022-10-13,BUY,162411.SZ,华宝油气,0.0,0.5,0.772,next_open_rebalance
2022-10-25,2022-10-24,SELL,162411.SZ,华宝油气,0.5,0.25,0.785,next_open_rebalance
2022-10-25,2022-10-24,BUY,513030.SH,德国,0.0,0.25,0.931,next_open_rebalance
2022-11-25,2022-11-24,SELL,162411.SZ,华宝油气,0.25,0.0,0.836,next_open_rebalance
2022-11-25,2022-11-24,BUY,164824.SZ,印度,0.0,0.25,1.299,next_open_rebalance
2022-11-30,2022-11-29,SELL,164824.SZ,印度,0.25,0.0,1.31,next_open_rebalance
2022-11-30,2022-11-29,BUY,513050.SH,中概互联网,0.0,0.25,0.978,next_open_rebalance
2022-12-19,2022-12-16,SELL,513030.SH,德国,0.25,0.0,1.028,next_open_rebalance
2022-12-19,2022-12-16,BUY,159985.SZ,豆粕,0.0,0.25,1.889,next_open_rebalance
2023-01-09,2023-01-06,BUY,159949.SZ,创业板50,0.0,0.25,1.07,next_open_rebalance
2023-01-09,2023-01-06,SELL,159985.SZ,豆粕,0.25,0.0,1.955,next_open_rebalance
2023-02-01,2023-01-31,BUY,159949.SZ,创业板50,0.25,0.5,1.145,next_open_rebalance
2023-02-01,2023-01-31,BUY,513050.SH,中概互联网,0.25,0.5,1.143,next_open_rebalance
2023-02-07,2023-02-06,BUY,513520.SH,日经225,0.0,0.5,1.069,next_open_rebalance
2023-02-07,2023-02-06,SELL,513050.SH,中概互联网,0.5,0.0,1.119,next_open_rebalance
2023-02-10,2023-02-09,SELL,513520.SH,日经225,0.5,0.0,1.071,next_open_rebalance
2023-02-10,2023-02-09,BUY,513050.SH,中概互联网,0.0,0.5,1.136,next_open_rebalance
2023-02-13,2023-02-10,BUY,513520.SH,日经225,0.0,0.5,1.062,next_open_rebalance
2023-02-13,2023-02-10,SELL,513050.SH,中概互联网,0.5,0.0,1.097,next_open_rebalance
2023-02-17,2023-02-16,SELL,159949.SZ,创业板50,0.5,0.0,1.092,next_open_rebalance
2023-02-17,2023-02-16,BUY,162411.SZ,华宝油气,0.0,0.5,0.716,next_open_rebalance
2023-02-20,2023-02-17,SELL,162411.SZ,华宝油气,0.5,0.0,0.695,next_open_rebalance
2023-02-20,2023-02-17,BUY,513520.SH,日经225,0.5,1.0,1.05,next_open_rebalance
2023-02-23,2023-02-22,SELL,513520.SH,日经225,1.0,0.0,1.041,next_open_rebalance
2023-03-01,2023-02-28,BUY,513030.SH,德国,0.0,1.0,1.121,next_open_rebalance
2023-03-03,2023-03-02,SELL,513030.SH,德国,1.0,0.0,1.12,next_open_rebalance
2023-03-07,2023-03-06,BUY,513030.SH,德国,0.0,0.5,1.151,next_open_rebalance
2023-03-07,2023-03-06,BUY,513100.SH,纳指,0.0,0.5,0.874,next_open_rebalance
2023-03-09,2023-03-08,BUY,513520.SH,日经225,0.0,0.5,1.081,next_open_rebalance
2023-03-09,2023-03-08,SELL,513100.SH,纳指,0.5,0.0,0.866,next_open_rebalance
2023-03-15,2023-03-14,BUY,512890.SH,红利低波,0.0,1.0,0.881,next_open_rebalance
2023-03-15,2023-03-14,SELL,513520.SH,日经225,0.5,0.0,1.052,next_open_rebalance
2023-03-15,2023-03-14,SELL,513030.SH,德国,0.5,0.0,1.116,next_open_rebalance
2023-03-20,2023-03-17,SELL,512890.SH,红利低波,1.0,0.5,0.896,next_open_rebalance
2023-03-20,2023-03-17,BUY,513100.SH,纳指,0.0,0.5,0.881,next_open_rebalance
2023-03-24,2023-03-23,BUY,512890.SH,红利低波,0.5,1.0,0.897,next_open_rebalance
2023-03-24,2023-03-23,SELL,513100.SH,纳指,0.5,0.0,0.888,next_open_rebalance
2023-03-27,2023-03-24,SELL,512890.SH,红利低波,1.0,0.5,0.891,next_open_rebalance
2023-03-27,2023-03-24,BUY,513100.SH,纳指,0.0,0.5,0.897,next_open_rebalance
2023-03-28,2023-03-27,SELL,512890.SH,红利低波,0.5,0.0,0.88,next_open_rebalance
2023-03-28,2023-03-27,BUY,513100.SH,纳指,0.5,1.0,0.891,next_open_rebalance
2023-04-04,2023-04-03,BUY,512890.SH,红利低波,0.0,0.5,0.896,next_open_rebalance
2023-04-04,2023-04-03,SELL,513100.SH,纳指,1.0,0.5,0.921,next_open_rebalance
2023-04-11,2023-04-10,SELL,512890.SH,红利低波,0.5,0.0,0.892,next_open_rebalance
2023-04-11,2023-04-10,BUY,513520.SH,日经225,0.0,0.5,1.095,next_open_rebalance
2023-04-18,2023-04-17,SELL,513520.SH,日经225,0.5,0.0,1.11,next_open_rebalance
2023-04-18,2023-04-17,BUY,513050.SH,中概互联网,0.0,0.5,1.073,next_open_rebalance
2023-04-19,2023-04-18,BUY,512890.SH,红利低波,0.0,0.5,0.932,next_open_rebalance
2023-04-19,2023-04-18,SELL,513050.SH,中概互联网,0.5,0.0,1.066,next_open_rebalance
2023-04-25,2023-04-24,BUY,513520.SH,日经225,0.0,0.5,1.118,next_open_rebalance
2023-04-25,2023-04-24,SELL,513100.SH,纳指,0.5,0.0,0.908,next_open_rebalance
2023-05-17,2023-05-16,SELL,512890.SH,红利低波,0.5,0.0,0.944,next_open_rebalance
2023-05-17,2023-05-16,BUY,513100.SH,纳指,0.0,0.5,0.954,next_open_rebalance
2023-05-22,2023-05-19,SELL,513520.SH,日经225,0.5,0.25,1.396,next_open_rebalance
2023-05-22,2023-05-19,SELL,513100.SH,纳指,0.5,0.25,0.985,next_open_rebalance
2023-05-23,2023-05-22,BUY,513520.SH,日经225,0.25,0.5,1.299,next_open_rebalance
2023-05-23,2023-05-22,BUY,513100.SH,纳指,0.25,0.5,0.993,next_open_rebalance
2023-06-27,2023-06-26,SELL,513520.SH,日经225,0.5,0.0,1.238,next_open_rebalance
2023-06-27,2023-06-26,BUY,159985.SZ,豆粕,0.0,0.5,1.9,next_open_rebalance
2023-07-31,2023-07-28,BUY,162411.SZ,华宝油气,0.0,0.5,0.763,next_open_rebalance
2023-07-31,2023-07-28,SELL,513100.SH,纳指,0.5,0.0,1.146,next_open_rebalance
2023-09-14,2023-09-13,BUY,518880.SH,黄金,0.0,0.5,4.566,next_open_rebalance
2023-09-14,2023-09-13,SELL,159985.SZ,豆粕,0.5,0.0,2.283,next_open_rebalance
2023-09-20,2023-09-19,SELL,162411.SZ,华宝油气,0.5,0.0,0.811,next_open_rebalance
2023-09-20,2023-09-19,BUY,518880.SH,黄金,0.5,1.0,4.574,next_open_rebalance
2023-10-09,2023-09-28,BUY,162411.SZ,华宝油气,0.0,1.0,0.803,next_open_rebalance
2023-10-09,2023-09-28,SELL,518880.SH,黄金,1.0,0.0,4.4,next_open_rebalance
2023-10-10,2023-10-09,SELL,162411.SZ,华宝油气,1.0,0.0,0.806,next_open_rebalance
2023-10-17,2023-10-16,BUY,512890.SH,红利低波,0.0,1.0,0.95,next_open_rebalance
2023-10-19,2023-10-18,SELL,512890.SH,红利低波,1.0,0.5,0.948,next_open_rebalance
2023-10-19,2023-10-18,BUY,162411.SZ,华宝油气,0.0,0.5,0.843,next_open_rebalance
2023-10-20,2023-10-19,SELL,512890.SH,红利低波,0.5,0.0,0.928,next_open_rebalance
2023-10-20,2023-10-19,BUY,162411.SZ,华宝油气,0.5,1.0,0.842,next_open_rebalance
2023-10-23,2023-10-20,SELL,162411.SZ,华宝油气,1.0,0.5,0.823,next_open_rebalance
2023-10-23,2023-10-20,BUY,518880.SH,黄金,0.0,0.5,4.57,next_open_rebalance
2023-10-25,2023-10-24,SELL,162411.SZ,华宝油气,0.5,0.0,0.8,next_open_rebalance
2023-10-25,2023-10-24,BUY,518880.SH,黄金,0.5,1.0,4.568,next_open_rebalance
2023-11-03,2023-11-02,SELL,518880.SH,黄金,1.0,0.5,4.605,next_open_rebalance
2023-11-03,2023-11-02,BUY,159985.SZ,豆粕,0.0,0.5,2.31,next_open_rebalance
2023-11-08,2023-11-07,BUY,563300.SH,中证2000,0.0,0.5,1.014,next_open_rebalance
2023-11-08,2023-11-07,SELL,518880.SH,黄金,0.5,0.0,4.561,next_open_rebalance
2023-11-21,2023-11-20,BUY,513030.SH,德国,0.0,0.5,1.22,next_open_rebalance
2023-11-21,2023-11-20,SELL,159985.SZ,豆粕,0.5,0.0,2.295,next_open_rebalance
2023-12-01,2023-11-30,SELL,563300.SH,中证2000,0.5,0.0,1.022,next_open_rebalance
2023-12-01,2023-11-30,BUY,513100.SH,纳指,0.0,0.5,1.148,next_open_rebalance
2023-12-08,2023-12-07,BUY,513520.SH,日经225,0.0,0.5,1.236,next_open_rebalance
2023-12-08,2023-12-07,SELL,513100.SH,纳指,0.5,0.0,1.156,next_open_rebalance
2024-01-04,2024-01-03,SELL,513030.SH,德国,0.5,0.0,1.255,next_open_rebalance
2024-01-04,2024-01-03,BUY,518880.SH,黄金,0.0,0.5,4.64,next_open_rebalance
2024-01-05,2024-01-04,SELL,518880.SH,黄金,0.5,0.0,4.659,next_open_rebalance
2024-01-05,2024-01-04,BUY,164824.SZ,印度,0.0,0.5,1.441,next_open_rebalance
2024-01-26,2024-01-25,BUY,512890.SH,红利低波,0.0,0.25,0.953,next_open_rebalance
2024-01-26,2024-01-25,SELL,513520.SH,日经225,0.5,0.25,1.392,next_open_rebalance
2024-01-26,2024-01-25,SELL,164824.SZ,印度,0.5,0.0,1.497,next_open_rebalance
2024-01-30,2024-01-29,BUY,512890.SH,红利低波,0.25,0.5,0.965,next_open_rebalance
2024-01-30,2024-01-29,BUY,513520.SH,日经225,0.25,0.5,1.46,next_open_rebalance
2024-01-31,2024-01-30,SELL,512890.SH,红利低波,0.5,0.0,0.957,next_open_rebalance
2024-01-31,2024-01-30,BUY,164824.SZ,印度,0.0,0.5,1.598,next_open_rebalance
2024-02-01,2024-01-31,BUY,512890.SH,红利低波,0.0,0.5,0.955,next_open_rebalance
2024-02-01,2024-01-31,SELL,513520.SH,日经225,0.5,0.0,1.435,next_open_rebalance
2024-02-02,2024-02-01,SELL,512890.SH,红利低波,0.5,0.25,0.946,next_open_rebalance
2024-02-02,2024-02-01,SELL,164824.SZ,印度,0.5,0.25,1.56,next_open_rebalance
2024-02-05,2024-02-02,BUY,512890.SH,红利低波,0.25,0.5,0.943,next_open_rebalance
2024-02-05,2024-02-02,BUY,164824.SZ,印度,0.25,0.5,1.566,next_open_rebalance
2024-02-07,2024-02-06,BUY,513100.SH,纳指,0.0,0.5,1.286,next_open_rebalance
2024-02-07,2024-02-06,SELL,164824.SZ,印度,0.5,0.0,1.521,next_open_rebalance
2024-03-11,2024-03-08,BUY,513520.SH,日经225,0.0,0.5,1.526,next_open_rebalance
2024-03-11,2024-03-08,SELL,513100.SH,纳指,0.5,0.0,1.317,next_open_rebalance
2024-03-13,2024-03-12,SELL,512890.SH,红利低波,0.5,0.0,0.991,next_open_rebalance
2024-03-13,2024-03-12,BUY,159985.SZ,豆粕,0.0,0.5,2.125,next_open_rebalance
2024-03-14,2024-03-13,SELL,513520.SH,日经225,0.5,0.0,1.54,next_open_rebalance
2024-03-14,2024-03-13,BUY,513050.SH,中概互联网,0.0,0.5,0.935,next_open_rebalance
2024-03-18,2024-03-15,BUY,563300.SH,中证2000,0.0,0.5,0.925,next_open_rebalance
2024-03-18,2024-03-15,SELL,513050.SH,中概互联网,0.5,0.0,0.913,next_open_rebalance
2024-03-28,2024-03-27,SELL,563300.SH,中证2000,0.5,0.25,0.878,next_open_rebalance
2024-03-28,2024-03-27,SELL,159985.SZ,豆粕,0.5,0.25,2.126,next_open_rebalance
2024-03-29,2024-03-28,SELL,563300.SH,中证2000,0.25,0.0,0.902,next_open_rebalance
2024-03-29,2024-03-28,BUY,518880.SH,黄金,0.0,0.5,5.1,next_open_rebalance
2024-03-29,2024-03-28,BUY,513030.SH,德国,0.0,0.5,1.404,next_open_rebalance
2024-03-29,2024-03-28,SELL,159985.SZ,豆粕,0.25,0.0,2.13,next_open_rebalance
2024-04-08,2024-04-03,BUY,563300.SH,中证2000,0.0,0.5,0.914,next_open_rebalance
2024-04-08,2024-04-03,SELL,513030.SH,德国,0.5,0.0,1.38,next_open_rebalance
2024-04-09,2024-04-08,SELL,563300.SH,中证2000,0.5,0.0,0.898,next_open_rebalance
2024-04-09,2024-04-08,BUY,513050.SH,中概互联网,0.0,0.5,0.935,next_open_rebalance
2024-04-16,2024-04-15,SELL,518880.SH,黄金,0.5,0.25,5.471,next_open_rebalance
2024-04-16,2024-04-15,SELL,513050.SH,中概互联网,0.5,0.25,0.924,next_open_rebalance
2024-04-17,2024-04-16,BUY,518880.SH,黄金,0.25,0.5,5.469,next_open_rebalance
2024-04-17,2024-04-16,BUY,159985.SZ,豆粕,0.0,0.5,2.143,next_open_rebalance
2024-04-17,2024-04-16,SELL,513050.SH,中概互联网,0.25,0.0,0.912,next_open_rebalance
2024-04-18,2024-04-17,SELL,159985.SZ,豆粕,0.5,0.0,2.129,next_open_rebalance
2024-04-18,2024-04-17,BUY,511380.SH,可转债,0.0,0.5,10.993,next_open_rebalance
2024-04-23,2024-04-22,SELL,518880.SH,黄金,0.5,0.25,5.325,next_open_rebalance
2024-04-23,2024-04-22,SELL,511380.SH,可转债,0.5,0.25,10.961,next_open_rebalance
2024-04-24,2024-04-23,SELL,518880.SH,黄金,0.25,0.0,5.281,next_open_rebalance
2024-04-24,2024-04-23,BUY,511380.SH,可转债,0.25,0.5,10.967,next_open_rebalance
2024-04-24,2024-04-23,BUY,513050.SH,中概互联网,0.0,0.5,0.977,next_open_rebalance
2024-04-29,2024-04-26,BUY,518880.SH,黄金,0.0,0.5,5.299,next_open_rebalance
2024-04-29,2024-04-26,SELL,511380.SH,可转债,0.5,0.0,11.067,next_open_rebalance
2024-04-30,2024-04-29,SELL,518880.SH,黄金,0.5,0.25,5.296,next_open_rebalance
2024-04-30,2024-04-29,SELL,513050.SH,中概互联网,0.5,0.25,1.022,next_open_rebalance
2024-05-07,2024-05-06,SELL,518880.SH,黄金,0.25,0.0,5.278,next_open_rebalance
2024-05-07,2024-05-06,BUY,159985.SZ,豆粕,0.0,0.5,2.305,next_open_rebalance
2024-05-07,2024-05-06,BUY,513050.SH,中概互联网,0.25,0.5,1.076,next_open_rebalance
2024-05-30,2024-05-29,BUY,513100.SH,纳指,0.0,0.25,1.364,next_open_rebalance
2024-05-30,2024-05-29,SELL,159985.SZ,豆粕,0.5,0.0,2.252,next_open_rebalance
2024-05-30,2024-05-29,SELL,513050.SH,中概互联网,0.5,0.25,1.059,next_open_rebalance
2024-06-04,2024-06-03,BUY,513030.SH,德国,0.0,0.5,1.407,next_open_rebalance
2024-06-04,2024-06-03,BUY,513100.SH,纳指,0.25,0.5,1.359,next_open_rebalance
2024-06-04,2024-06-03,SELL,513050.SH,中概互联网,0.25,0.0,1.061,next_open_rebalance
2024-06-05,2024-06-04,SELL,513030.SH,德国,0.5,0.25,1.395,next_open_rebalance
2024-06-05,2024-06-04,SELL,513100.SH,纳指,0.5,0.25,1.364,next_open_rebalance
2024-06-07,2024-06-06,BUY,513030.SH,德国,0.25,0.5,1.411,next_open_rebalance
2024-06-07,2024-06-06,BUY,513100.SH,纳指,0.25,0.5,1.392,next_open_rebalance
2024-06-12,2024-06-11,SELL,513030.SH,德国,0.5,0.0,1.374,next_open_rebalance
2024-06-12,2024-06-11,BUY,513100.SH,纳指,0.5,1.0,1.408,next_open_rebalance
2024-06-27,2024-06-26,BUY,513520.SH,日经225,0.0,0.5,1.408,next_open_rebalance
2024-06-27,2024-06-26,SELL,513100.SH,纳指,1.0,0.5,1.45,next_open_rebalance
2024-07-19,2024-07-18,BUY,518880.SH,黄金,0.0,0.5,5.458,next_open_rebalance
2024-07-19,2024-07-18,SELL,513100.SH,纳指,0.5,0.0,1.477,next_open_rebalance
2024-07-22,2024-07-19,SELL,513520.SH,日经225,0.5,0.25,1.459,next_open_rebalance
2024-07-22,2024-07-19,SELL,518880.SH,黄金,0.5,0.25,5.427,next_open_rebalance
2024-07-26,2024-07-25,BUY,513520.SH,日经225,0.25,0.5,1.42,next_open_rebalance
2024-07-26,2024-07-25,SELL,518880.SH,黄金,0.25,0.0,5.312,next_open_rebalance
2024-07-29,2024-07-26,SELL,513520.SH,日经225,0.5,0.0,1.462,next_open_rebalance
2024-07-31,2024-07-30,BUY,164824.SZ,印度,0.0,1.0,1.682,next_open_rebalance
2024-08-01,2024-07-31,BUY,518880.SH,黄金,0.0,0.5,5.501,next_open_rebalance
2024-08-01,2024-07-31,SELL,164824.SZ,印度,1.0,0.5,1.69,next_open_rebalance
2024-08-02,2024-08-01,SELL,164824.SZ,印度,0.5,0.0,1.644,next_open_rebalance
2024-08-02,2024-08-01,BUY,588000.SH,科创50,0.0,0.5,0.767,next_open_rebalance
2024-08-06,2024-08-05,SELL,518880.SH,黄金,0.5,0.0,5.35,next_open_rebalance
2024-08-06,2024-08-05,SELL,588000.SH,科创50,0.5,0.0,0.747,next_open_rebalance
2024-08-15,2024-08-14,BUY,563300.SH,中证2000,0.0,1.0,0.765,next_open_rebalance
2024-08-19,2024-08-16,SELL,563300.SH,中证2000,1.0,0.0,0.775,next_open_rebalance
2024-08-19,2024-08-16,BUY,513520.SH,日经225,0.0,0.5,1.488,next_open_rebalance
2024-08-19,2024-08-16,BUY,518880.SH,黄金,0.0,0.5,5.502,next_open_rebalance
2024-08-20,2024-08-19,SELL,513520.SH,日经225,0.5,0.0,1.495,next_open_rebalance
2024-08-20,2024-08-19,BUY,518880.SH,黄金,0.5,1.0,5.512,next_open_rebalance
2024-08-23,2024-08-22,BUY,513520.SH,日经225,0.0,0.5,1.496,next_open_rebalance
2024-08-23,2024-08-22,SELL,518880.SH,黄金,1.0,0.5,5.504,next_open_rebalance
2024-09-03,2024-09-02,SELL,513520.SH,日经225,0.5,0.0,1.49,next_open_rebalance
2024-09-03,2024-09-02,BUY,518880.SH,黄金,0.5,1.0,5.486,next_open_rebalance
2024-09-04,2024-09-03,SELL,518880.SH,黄金,1.0,0.5,5.479,next_open_rebalance
2024-09-04,2024-09-03,BUY,513100.SH,纳指,0.0,0.5,1.374,next_open_rebalance
2024-09-05,2024-09-04,SELL,513100.SH,纳指,0.5,0.0,1.366,next_open_rebalance
2024-09-06,2024-09-05,BUY,518880.SH,黄金,0.5,1.0,5.51,next_open_rebalance
2024-09-10,2024-09-09,SELL,518880.SH,黄金,1.0,0.0,5.512,next_open_rebalance
2024-09-11,2024-09-10,BUY,518880.SH,黄金,0.0,1.0,5.536,next_open_rebalance
2024-09-19,2024-09-18,SELL,518880.SH,黄金,1.0,0.5,5.591,next_open_rebalance
2024-09-19,2024-09-18,BUY,513030.SH,德国,0.0,0.5,1.415,next_open_rebalance
2024-09-26,2024-09-25,BUY,159949.SZ,创业板50,0.0,0.5,0.719,next_open_rebalance
2024-09-26,2024-09-25,SELL,513030.SH,德国,0.5,0.0,1.412,next_open_rebalance
2024-09-30,2024-09-27,SELL,518880.SH,黄金,0.5,0.0,5.644,next_open_rebalance
2024-09-30,2024-09-27,BUY,513050.SH,中概互联网,0.0,0.5,1.281,next_open_rebalance
2024-10-31,2024-10-30,SELL,159949.SZ,创业板50,0.5,0.25,0.957,next_open_rebalance
2024-10-31,2024-10-30,SELL,513050.SH,中概互联网,0.5,0.25,1.218,next_open_rebalance
2024-11-05,2024-11-04,SELL,159949.SZ,创业板50,0.25,0.0,0.977,next_open_rebalance
2024-11-05,2024-11-04,BUY,518880.SH,黄金,0.0,1.0,6.003,next_open_rebalance
2024-11-05,2024-11-04,SELL,513050.SH,中概互联网,0.25,0.0,1.216,next_open_rebalance
2024-11-07,2024-11-06,BUY,563300.SH,中证2000,0.0,0.5,1.036,next_open_rebalance
2024-11-07,2024-11-06,SELL,518880.SH,黄金,1.0,0.5,5.865,next_open_rebalance
2024-11-08,2024-11-07,SELL,518880.SH,黄金,0.5,0.0,5.925,next_open_rebalance
2024-11-08,2024-11-07,BUY,588000.SH,科创50,0.0,0.5,1.109,next_open_rebalance
2024-11-13,2024-11-12,BUY,513100.SH,纳指,0.0,0.5,1.53,next_open_rebalance
2024-11-13,2024-11-12,SELL,588000.SH,科创50,0.5,0.0,1.095,next_open_rebalance
2024-11-19,2024-11-18,SELL,563300.SH,中证2000,0.5,0.25,1.003,next_open_rebalance
2024-11-19,2024-11-18,SELL,513100.SH,纳指,0.5,0.25,1.496,next_open_rebalance
2024-11-20,2024-11-19,BUY,563300.SH,中证2000,0.25,0.5,1.024,next_open_rebalance
2024-11-20,2024-11-19,SELL,513100.SH,纳指,0.25,0.0,1.517,next_open_rebalance
2024-11-20,2024-11-19,BUY,588000.SH,科创50,0.0,0.5,1.045,next_open_rebalance
2024-11-25,2024-11-22,SELL,563300.SH,中证2000,0.5,0.25,1.023,next_open_rebalance
2024-11-25,2024-11-22,BUY,162411.SZ,华宝油气,0.0,0.25,0.825,next_open_rebalance
2024-11-25,2024-11-22,SELL,588000.SH,科创50,0.5,0.0,1.021,next_open_rebalance
2024-11-26,2024-11-25,BUY,563300.SH,中证2000,0.25,0.5,1.039,next_open_rebalance
2024-11-26,2024-11-25,BUY,162411.SZ,华宝油气,0.25,0.5,0.808,next_open_rebalance
2024-11-27,2024-11-26,SELL,162411.SZ,华宝油气,0.5,0.25,0.806,next_open_rebalance
2024-11-27,2024-11-26,SELL,563300.SH,中证2000,0.5,0.25,1.025,next_open_rebalance
2024-11-28,2024-11-27,BUY,162411.SZ,华宝油气,0.25,0.5,0.809,next_open_rebalance
2024-11-28,2024-11-27,BUY,563300.SH,中证2000,0.25,0.5,1.054,next_open_rebalance
2024-12-06,2024-12-05,SELL,162411.SZ,华宝油气,0.5,0.0,0.774,next_open_rebalance
2024-12-06,2024-12-05,BUY,513100.SH,纳指,0.0,0.5,1.581,next_open_rebalance
2024-12-18,2024-12-17,BUY,512890.SH,红利低波,0.0,0.5,1.117,next_open_rebalance
2024-12-18,2024-12-17,SELL,563300.SH,中证2000,0.5,0.0,1.072,next_open_rebalance
2024-12-23,2024-12-20,SELL,512890.SH,红利低波,0.5,0.0,1.101,next_open_rebalance
2024-12-23,2024-12-20,BUY,563300.SH,中证2000,0.0,0.5,1.095,next_open_rebalance
2024-12-24,2024-12-23,SELL,563300.SH,中证2000,0.5,0.0,1.05,next_open_rebalance
2024-12-24,2024-12-23,BUY,513520.SH,日经225,0.0,0.5,1.43,next_open_rebalance
2024-12-25,2024-12-24,SELL,513520.SH,日经225,0.5,0.0,1.433,next_open_rebalance
2024-12-25,2024-12-24,BUY,511380.SH,可转债,0.0,0.5,11.653,next_open_rebalance
2024-12-30,2024-12-27,BUY,513520.SH,日经225,0.0,0.5,1.469,next_open_rebalance
2024-12-30,2024-12-27,SELL,511380.SH,可转债,0.5,0.0,11.7,next_open_rebalance
2025-01-02,2024-12-31,BUY,512890.SH,红利低波,0.0,0.5,1.121,next_open_rebalance
2025-01-02,2024-12-31,SELL,513520.SH,日经225,0.5,0.0,1.461,next_open_rebalance
2025-01-03,2025-01-02,SELL,512890.SH,红利低波,0.5,0.0,1.101,next_open_rebalance
2025-01-03,2025-01-02,BUY,513520.SH,日经225,0.0,0.5,1.476,next_open_rebalance
2025-01-06,2025-01-03,SELL,513520.SH,日经225,0.5,0.25,1.479,next_open_rebalance
2025-01-06,2025-01-03,SELL,513100.SH,纳指,0.5,0.25,1.66,next_open_rebalance
2025-01-07,2025-01-06,BUY,513520.SH,日经225,0.25,0.5,1.498,next_open_rebalance
2025-01-07,2025-01-06,BUY,513100.SH,纳指,0.25,0.5,1.687,next_open_rebalance
2025-01-09,2025-01-08,BUY,520830.SH,沙特,0.0,0.5,1.081,next_open_rebalance
2025-01-09,2025-01-08,SELL,513100.SH,纳指,0.5,0.0,1.64,next_open_rebalance
2025-01-14,2025-01-13,SELL,513520.SH,日经225,0.5,0.0,1.458,next_open_rebalance
2025-01-14,2025-01-13,BUY,518880.SH,黄金,0.0,0.5,6.07,next_open_rebalance
2025-01-16,2025-01-15,BUY,513030.SH,德国,0.0,0.5,1.644,next_open_rebalance
2025-01-16,2025-01-15,SELL,518880.SH,黄金,0.5,0.0,6.139,next_open_rebalance
2025-01-24,2025-01-23,BUY,513520.SH,日经225,0.0,0.5,1.57,next_open_rebalance
2025-01-24,2025-01-23,SELL,513030.SH,德国,0.5,0.0,1.869,next_open_rebalance
2025-01-24,2025-01-23,SELL,520830.SH,沙特,0.5,0.0,1.32,next_open_rebalance
2025-01-24,2025-01-23,BUY,518880.SH,黄金,0.0,0.5,6.209,next_open_rebalance
2025-01-27,2025-01-24,SELL,513520.SH,日经225,0.5,0.0,1.528,next_open_rebalance
2025-01-27,2025-01-24,BUY,520830.SH,沙特,0.0,0.5,1.3,next_open_rebalance
2025-02-05,2025-01-27,BUY,513030.SH,德国,0.0,0.5,1.66,next_open_rebalance
2025-02-05,2025-01-27,SELL,518880.SH,黄金,0.5,0.0,6.4,next_open_rebalance
2025-02-06,2025-02-05,SELL,513030.SH,德国,0.5,0.25,1.626,next_open_rebalance
2025-02-06,2025-02-05,SELL,520830.SH,沙特,0.5,0.25,1.117,next_open_rebalance
2025-02-07,2025-02-06,BUY,513030.SH,德国,0.25,0.5,1.673,next_open_rebalance
2025-02-07,2025-02-06,BUY,520830.SH,沙特,0.25,0.5,1.17,next_open_rebalance
2025-02-11,2025-02-10,SELL,520830.SH,沙特,0.5,0.0,1.13,next_open_rebalance
2025-02-11,2025-02-10,BUY,518880.SH,黄金,0.0,0.5,6.628,next_open_rebalance
2025-02-18,2025-02-17,SELL,513030.SH,德国,0.5,0.25,1.65,next_open_rebalance
2025-02-18,2025-02-17,BUY,513050.SH,中概互联网,0.0,0.25,1.445,next_open_rebalance
2025-02-18,2025-02-17,SELL,518880.SH,黄金,0.5,0.0,6.5,next_open_rebalance
2025-02-19,2025-02-18,BUY,513030.SH,德国,0.25,0.5,1.736,next_open_rebalance
2025-02-19,2025-02-18,BUY,513050.SH,中概互联网,0.25,0.5,1.458,next_open_rebalance
2025-02-24,2025-02-21,SELL,513030.SH,德国,0.5,0.0,1.683,next_open_rebalance
2025-02-24,2025-02-21,BUY,518880.SH,黄金,0.0,0.5,6.549,next_open_rebalance
2025-02-26,2025-02-25,SELL,518880.SH,黄金,0.5,0.0,6.562,next_open_rebalance
2025-02-26,2025-02-25,BUY,513030.SH,德国,0.0,0.5,1.709,next_open_rebalance
2025-02-27,2025-02-26,SELL,513030.SH,德国,0.5,0.25,1.711,next_open_rebalance
2025-02-27,2025-02-26,SELL,513050.SH,中概互联网,0.5,0.25,1.526,next_open_rebalance
2025-03-03,2025-02-28,SELL,513030.SH,德国,0.25,0.0,1.66,next_open_rebalance
2025-03-03,2025-02-28,BUY,513050.SH,中概互联网,0.25,1.0,1.443,next_open_rebalance
2025-03-05,2025-03-04,BUY,513030.SH,德国,0.0,0.5,1.671,next_open_rebalance
2025-03-05,2025-03-04,SELL,513050.SH,中概互联网,1.0,0.5,1.461,next_open_rebalance
2025-03-06,2025-03-05,SELL,513030.SH,德国,0.5,0.0,1.725,next_open_rebalance
2025-03-06,2025-03-05,BUY,518880.SH,黄金,0.0,0.5,6.53,next_open_rebalance
2025-03-07,2025-03-06,SELL,518880.SH,黄金,0.5,0.25,6.506,next_open_rebalance
2025-03-07,2025-03-06,SELL,513050.SH,中概互联网,0.5,0.25,1.565,next_open_rebalance
2025-03-10,2025-03-07,BUY,159338.SZ,中证A500,0.0,0.5,0.969,next_open_rebalance
2025-03-10,2025-03-07,SELL,518880.SH,黄金,0.25,0.0,6.531,next_open_rebalance
2025-03-10,2025-03-07,BUY,513050.SH,中概互联网,0.25,0.5,1.553,next_open_rebalance
2025-03-14,2025-03-13,SELL,159338.SZ,中证A500,0.5,0.0,0.962,next_open_rebalance
2025-03-14,2025-03-13,BUY,513030.SH,德国,0.0,0.25,1.725,next_open_rebalance
2025-03-14,2025-03-13,SELL,513050.SH,中概互联网,0.5,0.25,1.5,next_open_rebalance
2025-03-17,2025-03-14,BUY,513030.SH,德国,0.25,0.5,1.751,next_open_rebalance
2025-03-17,2025-03-14,BUY,513050.SH,中概互联网,0.25,0.5,1.548,next_open_rebalance
2025-03-24,2025-03-21,BUY,518880.SH,黄金,0.0,0.5,6.77,next_open_rebalance
2025-03-24,2025-03-21,SELL,513050.SH,中概互联网,0.5,0.0,1.505,next_open_rebalance
2025-03-31,2025-03-28,SELL,518880.SH,黄金,0.5,0.25,6.942,next_open_rebalance
2025-03-31,2025-03-28,SELL,513030.SH,德国,0.5,0.25,1.738,next_open_rebalance
2025-04-01,2025-03-31,BUY,512890.SH,红利低波,0.0,0.5,1.111,next_open_rebalance
2025-04-01,2025-03-31,BUY,518880.SH,黄金,0.25,0.5,7.065,next_open_rebalance
2025-04-01,2025-03-31,SELL,513030.SH,德国,0.25,0.0,1.705,next_open_rebalance
2025-04-08,2025-04-07,SELL,512890.SH,红利低波,0.5,0.0,1.065,next_open_rebalance
2025-04-08,2025-04-07,BUY,518880.SH,黄金,0.5,1.0,6.878,next_open_rebalance
2025-04-11,2025-04-10,SELL,518880.SH,黄金,1.0,0.5,7.34,next_open_rebalance
2025-04-11,2025-04-10,BUY,164824.SZ,印度,0.0,0.5,1.427,next_open_rebalance
2025-05-12,2025-05-09,BUY,512890.SH,红利低波,0.0,0.5,1.132,next_open_rebalance
2025-05-12,2025-05-09,SELL,164824.SZ,印度,0.5,0.0,1.495,next_open_rebalance
2025-05-13,2025-05-12,SELL,518880.SH,黄金,0.5,0.0,7.291,next_open_rebalance
2025-05-13,2025-05-12,BUY,164824.SZ,印度,0.0,0.5,1.527,next_open_rebalance
2025-05-23,2025-05-22,BUY,512890.SH,红利低波,0.5,1.0,1.159,next_open_rebalance
2025-05-23,2025-05-22,SELL,164824.SZ,印度,0.5,0.0,1.505,next_open_rebalance
2025-05-26,2025-05-23,SELL,512890.SH,红利低波,1.0,0.5,1.15,next_open_rebalance
2025-05-26,2025-05-23,BUY,164824.SZ,印度,0.0,0.5,1.522,next_open_rebalance
2025-05-27,2025-05-26,SELL,512890.SH,红利低波,0.5,0.0,1.148,next_open_rebalance
2025-05-27,2025-05-26,BUY,563300.SH,中证2000,0.0,0.5,1.09,next_open_rebalance
2025-06-04,2025-06-03,BUY,512890.SH,红利低波,0.0,0.5,1.168,next_open_rebalance
2025-06-04,2025-06-03,SELL,164824.SZ,印度,0.5,0.0,1.511,next_open_rebalance
2025-06-05,2025-06-04,SELL,512890.SH,红利低波,0.5,0.0,1.174,next_open_rebalance
2025-06-05,2025-06-04,BUY,162411.SZ,华宝油气,0.0,0.5,0.681,next_open_rebalance
2025-06-06,2025-06-05,BUY,159949.SZ,创业板50,0.0,0.5,0.907,next_open_rebalance
2025-06-06,2025-06-05,SELL,162411.SZ,华宝油气,0.5,0.0,0.68,next_open_rebalance
2025-06-11,2025-06-10,SELL,159949.SZ,创业板50,0.5,0.0,0.901,next_open_rebalance
2025-06-11,2025-06-10,BUY,162411.SZ,华宝油气,0.0,0.5,0.708,next_open_rebalance
2025-06-18,2025-06-17,BUY,513100.SH,纳指,0.0,0.5,1.568,next_open_rebalance
2025-06-18,2025-06-17,SELL,563300.SH,中证2000,0.5,0.0,1.114,next_open_rebalance
2025-06-20,2025-06-19,BUY,512890.SH,红利低波,0.0,0.5,1.177,next_open_rebalance
2025-06-20,2025-06-19,SELL,513100.SH,纳指,0.5,0.0,1.559,next_open_rebalance
2025-06-25,2025-06-24,SELL,162411.SZ,华宝油气,0.5,0.0,0.72,next_open_rebalance
2025-06-25,2025-06-24,BUY,513520.SH,日经225,0.0,0.5,1.482,next_open_rebalance
2025-06-26,2025-06-25,SELL,513520.SH,日经225,0.5,0.0,1.502,next_open_rebalance
2025-06-26,2025-06-25,BUY,159949.SZ,创业板50,0.0,0.5,0.954,next_open_rebalance
2025-06-30,2025-06-27,SELL,512890.SH,红利低波,0.5,0.0,1.184,next_open_rebalance
2025-06-30,2025-06-27,BUY,513520.SH,日经225,0.0,0.5,1.569,next_open_rebalance
2025-07-09,2025-07-08,SELL,513520.SH,日经225,0.5,0.0,1.505,next_open_rebalance
2025-07-09,2025-07-08,BUY,563300.SH,中证2000,0.0,0.5,1.171,next_open_rebalance
2025-08-25,2025-08-22,BUY,588000.SH,科创50,0.0,0.5,1.343,next_open_rebalance
2025-08-25,2025-08-22,SELL,563300.SH,中证2000,0.5,0.0,1.336,next_open_rebalance
2025-09-26,2025-09-25,SELL,159949.SZ,创业板50,0.5,0.25,1.524,next_open_rebalance
2025-09-26,2025-09-25,SELL,588000.SH,科创50,0.5,0.25,1.538,next_open_rebalance
2025-10-13,2025-10-10,SELL,588000.SH,科创50,0.25,0.0,1.47,next_open_rebalance
2025-10-13,2025-10-10,BUY,513050.SH,中概互联网,0.0,0.25,1.619,next_open_rebalance
2025-10-14,2025-10-13,SELL,159949.SZ,创业板50,0.25,0.0,1.465,next_open_rebalance
2025-10-14,2025-10-13,BUY,588000.SH,科创50,0.0,0.25,1.56,next_open_rebalance
2025-10-15,2025-10-14,BUY,513520.SH,日经225,0.0,0.5,1.734,next_open_rebalance
2025-10-15,2025-10-14,BUY,520830.SH,沙特,0.0,0.5,0.987,next_open_rebalance
2025-10-15,2025-10-14,SELL,588000.SH,科创50,0.25,0.0,1.479,next_open_rebalance
2025-10-15,2025-10-14,SELL,513050.SH,中概互联网,0.25,0.0,1.62,next_open_rebalance
2025-10-28,2025-10-27,SELL,520830.SH,沙特,0.5,0.0,0.984,next_open_rebalance
2025-10-28,2025-10-27,BUY,513100.SH,纳指,0.0,0.5,1.976,next_open_rebalance
2025-11-17,2025-11-14,BUY,512890.SH,红利低波,0.0,0.5,1.234,next_open_rebalance
2025-11-17,2025-11-14,SELL,513100.SH,纳指,0.5,0.0,1.941,next_open_rebalance
2025-11-18,2025-11-17,SELL,513520.SH,日经225,0.5,0.0,1.843,next_open_rebalance
2025-11-18,2025-11-17,BUY,563300.SH,中证2000,0.0,0.5,1.342,next_open_rebalance
2025-11-20,2025-11-19,SELL,563300.SH,中证2000,0.5,0.0,1.316,next_open_rebalance
2025-11-20,2025-11-19,BUY,511380.SH,可转债,0.0,0.5,13.67,next_open_rebalance
2025-11-24,2025-11-21,BUY,512890.SH,红利低波,0.5,1.0,1.212,next_open_rebalance
2025-11-24,2025-11-21,SELL,511380.SH,可转债,0.5,0.0,13.5,next_open_rebalance
2025-11-27,2025-11-26,SELL,512890.SH,红利低波,1.0,0.0,1.201,next_open_rebalance
2025-11-28,2025-11-27,BUY,162411.SZ,华宝油气,0.0,1.0,0.732,next_open_rebalance
2025-12-01,2025-11-28,SELL,162411.SZ,华宝油气,1.0,0.0,0.741,next_open_rebalance
2025-12-02,2025-12-01,BUY,162411.SZ,华宝油气,0.0,0.5,0.745,next_open_rebalance
2025-12-02,2025-12-01,BUY,563300.SH,中证2000,0.0,0.5,1.321,next_open_rebalance
2025-12-03,2025-12-02,BUY,162411.SZ,华宝油气,0.5,1.0,0.74,next_open_rebalance
2025-12-03,2025-12-02,SELL,563300.SH,中证2000,0.5,0.0,1.318,next_open_rebalance
2025-12-09,2025-12-08,SELL,162411.SZ,华宝油气,1.0,0.5,0.743,next_open_rebalance
2025-12-09,2025-12-08,BUY,563300.SH,中证2000,0.0,0.5,1.338,next_open_rebalance
2025-12-10,2025-12-09,BUY,159949.SZ,创业板50,0.0,0.5,1.535,next_open_rebalance
2025-12-10,2025-12-09,SELL,563300.SH,中证2000,0.5,0.0,1.33,next_open_rebalance
2025-12-11,2025-12-10,SELL,162411.SZ,华宝油气,0.5,0.0,0.744,next_open_rebalance
2025-12-11,2025-12-10,BUY,518880.SH,黄金,0.0,0.5,9.157,next_open_rebalance
2025-12-12,2025-12-11,BUY,162411.SZ,华宝油气,0.0,0.5,0.734,next_open_rebalance
2025-12-12,2025-12-11,SELL,159949.SZ,创业板50,0.5,0.0,1.511,next_open_rebalance
2025-12-15,2025-12-12,SELL,162411.SZ,华宝油气,0.5,0.0,0.729,next_open_rebalance
2025-12-15,2025-12-12,BUY,513030.SH,德国,0.0,0.5,1.865,next_open_rebalance
2025-12-18,2025-12-17,BUY,159949.SZ,创业板50,0.0,0.5,1.501,next_open_rebalance
2025-12-18,2025-12-17,SELL,513030.SH,德国,0.5,0.0,1.837,next_open_rebalance
2025-12-19,2025-12-18,SELL,159949.SZ,创业板50,0.5,0.0,1.493,next_open_rebalance
2025-12-19,2025-12-18,BUY,518880.SH,黄金,0.5,1.0,9.29,next_open_rebalance
2025-12-22,2025-12-19,BUY,159949.SZ,创业板50,0.0,0.5,1.501,next_open_rebalance
2025-12-22,2025-12-19,SELL,518880.SH,黄金,1.0,0.5,9.38,next_open_rebalance
2026-01-21,2026-01-20,SELL,159949.SZ,创业板50,0.5,0.0,1.523,next_open_rebalance
2026-01-21,2026-01-20,BUY,518880.SH,黄金,0.5,1.0,10.365,next_open_rebalance
2026-01-22,2026-01-21,SELL,518880.SH,黄金,1.0,0.5,10.29,next_open_rebalance
2026-01-22,2026-01-21,BUY,520830.SH,沙特,0.0,0.5,0.92,next_open_rebalance
2026-01-23,2026-01-22,BUY,159949.SZ,创业板50,0.0,0.5,1.56,next_open_rebalance
2026-01-23,2026-01-22,SELL,520830.SH,沙特,0.5,0.0,0.933,next_open_rebalance
2026-01-27,2026-01-26,SELL,159949.SZ,创业板50,0.5,0.0,1.547,next_open_rebalance
2026-01-27,2026-01-26,BUY,520830.SH,沙特,0.0,0.5,0.946,next_open_rebalance
2026-02-03,2026-02-02,SELL,520830.SH,沙特,0.5,0.0,0.944,next_open_rebalance
2026-02-03,2026-02-02,BUY,159985.SZ,豆粕,0.0,0.5,1.971,next_open_rebalance
2026-02-04,2026-02-03,BUY,563300.SH,中证2000,0.0,0.5,1.489,next_open_rebalance
2026-02-04,2026-02-03,SELL,159985.SZ,豆粕,0.5,0.0,1.972,next_open_rebalance
2026-02-06,2026-02-05,BUY,162411.SZ,华宝油气,0.0,0.5,0.767,next_open_rebalance
2026-02-06,2026-02-05,SELL,563300.SH,中证2000,0.5,0.0,1.458,next_open_rebalance
2026-02-24,2026-02-13,BUY,513520.SH,日经225,0.0,0.5,2.111,next_open_rebalance
2026-02-24,2026-02-13,SELL,518880.SH,黄金,0.5,0.0,10.92,next_open_rebalance
2026-03-05,2026-03-04,SELL,513520.SH,日经225,0.5,0.0,1.98,next_open_rebalance
2026-03-05,2026-03-04,BUY,159985.SZ,豆粕,0.0,0.5,2.11,next_open_rebalance
2026-03-09,2026-03-06,SELL,162411.SZ,华宝油气,0.5,0.25,0.963,next_open_rebalance
2026-03-09,2026-03-06,SELL,159985.SZ,豆粕,0.5,0.25,2.28,next_open_rebalance
2026-03-10,2026-03-09,BUY,162411.SZ,华宝油气,0.25,0.5,0.855,next_open_rebalance
2026-03-10,2026-03-09,BUY,159985.SZ,豆粕,0.25,0.5,2.133,next_open_rebalance
2026-03-16,2026-03-13,BUY,512890.SH,红利低波,0.0,0.5,1.205,next_open_rebalance
2026-03-16,2026-03-13,SELL,162411.SZ,华宝油气,0.5,0.0,0.891,next_open_rebalance
2026-03-18,2026-03-17,SELL,512890.SH,红利低波,0.5,0.0,1.21,next_open_rebalance
2026-03-18,2026-03-17,BUY,162411.SZ,华宝油气,0.0,0.5,0.903,next_open_rebalance
2026-03-26,2026-03-25,SELL,162411.SZ,华宝油气,0.5,0.25,0.969,next_open_rebalance
2026-03-26,2026-03-25,SELL,159985.SZ,豆粕,0.5,0.25,2.181,next_open_rebalance
2026-04-02,2026-04-01,BUY,512890.SH,红利低波,0.0,0.5,1.196,next_open_rebalance
2026-04-02,2026-04-01,BUY,162411.SZ,华宝油气,0.25,0.5,1.007,next_open_rebalance
2026-04-02,2026-04-01,SELL,159985.SZ,豆粕,0.25,0.0,2.044,next_open_rebalance
2026-04-07,2026-04-03,SELL,512890.SH,红利低波,0.5,0.25,1.188,next_open_rebalance
2026-04-07,2026-04-03,SELL,162411.SZ,华宝油气,0.5,0.25,1.014,next_open_rebalance
2026-04-08,2026-04-07,SELL,512890.SH,红利低波,0.25,0.0,1.18,next_open_rebalance
2026-04-08,2026-04-07,BUY,162411.SZ,华宝油气,0.25,1.0,0.914,next_open_rebalance
2026-04-09,2026-04-08,SELL,162411.SZ,华宝油气,1.0,0.0,0.933,next_open_rebalance
2026-04-09,2026-04-08,BUY,159949.SZ,创业板50,0.0,0.5,1.57,next_open_rebalance
2026-04-09,2026-04-08,BUY,513100.SH,纳指,0.0,0.5,1.833,next_open_rebalance
2026-04-10,2026-04-09,SELL,159949.SZ,创业板50,0.5,0.25,1.583,next_open_rebalance
2026-04-10,2026-04-09,SELL,513100.SH,纳指,0.5,0.25,1.824,next_open_rebalance
2026-04-13,2026-04-10,BUY,159949.SZ,创业板50,0.25,0.5,1.632,next_open_rebalance
2026-04-13,2026-04-10,BUY,513100.SH,纳指,0.25,0.5,1.8,next_open_rebalance
2026-04-14,2026-04-13,BUY,520830.SH,沙特,0.0,0.5,0.94,next_open_rebalance
2026-04-14,2026-04-13,SELL,513100.SH,纳指,0.5,0.0,1.833,next_open_rebalance
2026-04-21,2026-04-20,BUY,513100.SH,纳指,0.0,0.5,1.893,next_open_rebalance
2026-04-21,2026-04-20,SELL,520830.SH,沙特,0.5,0.0,0.937,next_open_rebalance
2026-04-29,2026-04-28,SELL,159949.SZ,创业板50,0.5,0.0,1.71,next_open_rebalance
2026-04-29,2026-04-28,BUY,588000.SH,科创50,0.0,0.5,1.555,next_open_rebalance
2026-05-19,2026-05-18,BUY,159949.SZ,创业板50,0.0,0.5,1.877,next_open_rebalance
2026-05-19,2026-05-18,SELL,513100.SH,纳指,0.5,0.0,2.058,next_open_rebalance
2026-05-22,2026-05-21,SELL,159949.SZ,创业板50,0.5,0.0,1.858,next_open_rebalance
2026-05-22,2026-05-21,BUY,513100.SH,纳指,0.0,0.5,2.12,next_open_rebalance
2026-06-02,2026-06-01,BUY,513520.SH,日经225,0.0,0.5,2.31,next_open_rebalance
2026-06-02,2026-06-01,SELL,588000.SH,科创50,0.5,0.0,1.756,next_open_rebalance
2026-06-09,2026-06-08,SELL,513520.SH,日经225,0.5,0.25,2.272,next_open_rebalance
2026-06-09,2026-06-08,SELL,513100.SH,纳指,0.5,0.25,2.15,next_open_rebalance
2026-06-10,2026-06-09,BUY,513520.SH,日经225,0.25,0.5,2.332,next_open_rebalance
2026-06-10,2026-06-09,BUY,513100.SH,纳指,0.25,0.5,2.156,next_open_rebalance
2026-06-11,2026-06-10,SELL,513520.SH,日经225,0.5,0.25,2.243,next_open_rebalance
2026-06-11,2026-06-10,SELL,513100.SH,纳指,0.5,0.25,2.123,next_open_rebalance
2026-06-16,2026-06-15,BUY,513520.SH,日经225,0.25,0.5,2.419,next_open_rebalance
2026-06-16,2026-06-15,BUY,513100.SH,纳指,0.25,0.5,2.264,next_open_rebalance
2026-06-23,2026-06-22,SELL,513100.SH,纳指,0.5,0.0,2.22,next_open_rebalance
2026-06-23,2026-06-22,BUY,588000.SH,科创50,0.0,0.5,2.04,next_open_rebalance
2026-07-01,2026-06-30,BUY,159949.SZ,创业板50,0.0,0.5,2.086,next_open_rebalance
2026-07-01,2026-06-30,SELL,588000.SH,科创50,0.5,0.0,2.346,next_open_rebalance
2026-07-03,2026-07-02,SELL,159949.SZ,创业板50,0.5,0.0,1.895,next_open_rebalance
2026-07-03,2026-07-02,SELL,513520.SH,日经225,0.5,0.25,2.406,next_open_rebalance
2026-07-03,2026-07-02,BUY,588000.SH,科创50,0.0,0.25,2.089,next_open_rebalance
2026-07-06,2026-07-03,BUY,513520.SH,日经225,0.25,0.5,2.423,next_open_rebalance
2026-07-06,2026-07-03,BUY,588000.SH,科创50,0.25,0.5,2.133,next_open_rebalance
