lookback,source,label_date,signal_date,expected_codes,expected_names,target_codes,target_names,exact,hit_ratio,expected_buy_codes,expected_sell_codes,actual_buy_signal_codes,actual_sell_signal_codes,signal_hit,signal_total,action_buy_codes,action_sell_codes,action_hit,action_total,watch_ret_trend_signal,note
20,docx,2026-06-26,2026-06-26,513520.SH|588000.SH,日经225|科创50,513520.SH|164824.SZ,日经225|印度,False,0.5,,,,,0,0,164824.SZ,588000.SH,0,0,科创50:9.84/↗/-; 华宝油气:-5.70/↘/-; 印度:2.51/↗/-; 豆粕:-3.69/↘/-; 日经225:16.06/↗/-,parsed doc_labels.csv
20,docx,2026-06-23,2026-06-23,513520.SH|159949.SZ,日经225|创业板50,513520.SH|588000.SH,日经225|科创50,False,0.5,,,,511380.SH|513100.SH,0,0,,,0,0,科创50:1.25/↗/-; 华宝油气:-6.58/↘/-; 印度:-0.08/-/-; 豆粕:-3.02/↘/-; 日经225:10.77/↗/-,parsed doc_labels.csv
20,docx,2026-06-22,2026-06-22,513520.SH|588000.SH,日经225|科创50,513520.SH|513100.SH,日经225|纳指,False,0.5,,,,513030.SH,0,0,,,0,0,科创50:8.96/↗/-; 华宝油气:-11.50/↘/-; 印度:1.80/↗/-; 豆粕:-4.56/↘/-; 日经225:22.23/↗/-,parsed doc_labels.csv
20,docx,2026-06-18,2026-06-18,513100.SH|513520.SH,纳指|日经225,513520.SH|513100.SH,日经225|纳指,True,1.0,,,563300.SH,,0,0,,,0,0,科创50:8.44/↗/-; 华宝油气:-11.63/↘/-; 印度:3.54/↗/-; 豆粕:-3.93/↘/-; 日经225:22.01/↗/-,parsed doc_labels.csv
20,docx,2026-06-17,2026-06-17,513100.SH|513520.SH,纳指|日经225,513520.SH|513100.SH,日经225|纳指,True,1.0,,,,520830.SH,0,0,,,0,0,科创50:0.41/↗/-; 华宝油气:-12.91/↘/-; 印度:4.54/↗/-; 豆粕:-3.57/↘/-; 日经225:20.89/↗/-,parsed doc_labels.csv
20,docx,2026-06-16,2026-06-16,513100.SH|513520.SH,纳指|日经225,513520.SH|513100.SH,日经225|纳指,True,1.0,,,,512890.SH,0,0,,,0,0,科创50:-0.86/-/-; 华宝油气:-10.58/↘/-; 印度:3.23/↗/-; 豆粕:-5.04/↘/-; 日经225:19.86/↗/-,parsed doc_labels.csv
20,docx,2026-06-15,2026-06-15,513100.SH|513520.SH,纳指|日经225,513520.SH|513100.SH,日经225|纳指,True,1.0,,,159338.SZ|159949.SZ|164824.SZ|511380.SH|513030.SH|588000.SH,,0,0,,,0,0,科创50:2.27/↗/0615_B; 华宝油气:-9.34/↘/-; 印度:2.53/↗/0615_B; 豆粕:-3.59/↘/-; 日经225:19.11/↗/-,parsed doc_labels.csv
20,docx,2026-06-12,2026-06-12,513100.SH|513520.SH,纳指|日经225,513520.SH|513100.SH,日经225|纳指,True,1.0,,,512890.SH|520830.SH,,0,0,,,0,0,科创50:-1.73/↘/-; 华宝油气:-3.69/↘/-; 印度:-1.10/↘/-; 豆粕:-3.45/↘/-; 日经225:9.93/↗/-,parsed doc_labels.csv
20,docx,2026-06-11,2026-06-11,513100.SH|513520.SH,纳指|日经225,513520.SH|513100.SH,日经225|纳指,True,1.0,,,,,0,0,,,0,0,科创50:-3.25/↘/-; 华宝油气:0.23/-/-; 印度:-2.41/↘/-; 豆粕:-5.78/↘/-; 日经225:6.12/↗/-,parsed doc_labels.csv
20,docx,2026-06-09,2026-06-09,513100.SH|513520.SH,纳指|日经225,513520.SH|513100.SH,日经225|纳指,True,1.0,,,159949.SZ,162411.SZ,0,0,,,0,0,科创50:-3.36/↘/-; 华宝油气:-2.02/↘/0609_S; 印度:-2.11/↘/-; 豆粕:-8.12/↘/-; 日经225:10.22/↗/-,parsed doc_labels.csv
20,docx,2026-06-08,2026-06-08,513100.SH|513520.SH,纳指|日经225,513520.SH|162411.SZ,日经225|华宝油气,False,0.5,,,,159949.SZ|588000.SH,0,0,162411.SZ,513100.SH,0,0,科创50:-7.07/↘/0608_S; 华宝油气:2.82/↗/-; 印度:-3.61/↘/-; 豆粕:-7.99/↘/-; 日经225:3.96/↗/-,parsed doc_labels.csv
20,docx,2026-06-05,2026-06-05,513100.SH|513520.SH,纳指|日经225,513100.SH|513520.SH,纳指|日经225,True,1.0,,,162411.SZ,,0,0,,,0,0,科创50:2.08/-/-; 华宝油气:1.83/↗/0605_B; 印度:-3.72/↘/-; 豆粕:-6.25/↘/-; 日经225:6.07/↗/-,parsed doc_labels.csv
20,docx,2026-06-04,2026-06-04,513100.SH|513520.SH,纳指|日经225,513100.SH|513520.SH,纳指|日经225,True,1.0,,,,159338.SZ|513030.SH,0,0,,,0,0,科创50:3.56/-/-; 华宝油气:0.00/-/-; 印度:-4.17/↘/-; 豆粕:-4.83/↘/-; 日经225:7.99/↗/-,parsed doc_labels.csv
20,docx,2026-06-03,2026-06-03,513100.SH|513520.SH,纳指|日经225,513100.SH|513520.SH,纳指|日经225,True,1.0,,,,513050.SH,0,0,513520.SH,588000.SH,0,0,科创50:4.53/-/-; 华宝油气:-4.82/-/-; 印度:-3.68/↘/-; 豆粕:-4.86/↘/-; 日经225:13.05/↗/-,parsed doc_labels.csv
20,docx,2026-06-02,2026-06-02,513100.SH|588000.SH,纳指|科创50,513100.SH|513520.SH,纳指|日经225,False,0.5,,,513050.SH,563300.SH,0,0,513520.SH,588000.SH,0,0,科创50:7.68/-/-; 华宝油气:-6.12/↘/-; 印度:-2.62/↘/-; 豆粕:-5.37/↘/-; 日经225:15.46/↗/-,parsed doc_labels.csv
20,docx,2026-06-01,2026-06-01,513100.SH|588000.SH,纳指|科创50,513100.SH|513520.SH,纳指|日经225,False,0.5,,,,,0,0,513520.SH,588000.SH,0,0,科创50:11.37/-/-; 华宝油气:-4.53/↘/-; 印度:-3.78/↘/-; 豆粕:-4.25/↘/-; 日经225:15.15/↗/-,parsed doc_labels.csv
20,docx,2026-05-29,2026-05-29,513100.SH|588000.SH,纳指|科创50,513100.SH|588000.SH,纳指|科创50,True,1.0,,,,,0,0,,,0,0,科创50:17.60/↗/-; 华宝油气:-5.10/↘/-; 印度:-1.61/↘/-; 豆粕:-3.80/↘/-; 日经225:10.59/↗/-,parsed doc_labels.csv
20,docx,2026-05-28,2026-05-28,513100.SH|588000.SH,纳指|科创50,159949.SZ|588000.SH,创业板50|科创50,False,0.5,,,,,0,0,588000.SH,513100.SH,0,0,科创50:22.06/↗/-; 华宝油气:-3.37/↘/-; 印度:-2.82/↘/-; 豆粕:-3.16/↘/-; 日经225:6.10/↗/-,parsed doc_labels.csv
20,docx,2026-05-27,2026-05-27,513100.SH|159949.SZ,纳指|创业板50,513100.SH|588000.SH,纳指|科创50,False,0.5,,,,,0,0,588000.SH,513520.SH,0,0,科创50:24.82/↗/-; 华宝油气:-3.79/↘/-; 印度:-1.38/↘/-; 豆粕:-2.68/↘/-; 日经225:8.82/↗/-,parsed doc_labels.csv
20,docx,2026-05-26,2026-05-26,513100.SH|513520.SH,纳指|日经225,588000.SH|513100.SH,科创50|纳指,False,0.5,,,513030.SH,162411.SZ,0,0,,,0,0,科创50:30.50/↗/-; 华宝油气:-2.01/↘/0526_S; 印度:-1.82/-/-; 豆粕:-4.45/↘/-; 日经225:9.24/↗/-,parsed doc_labels.csv
20,docx,2026-05-25,2026-05-25,513100.SH|588000.SH,纳指|科创50,513100.SH|513520.SH,纳指|日经225,False,0.5,,,,,0,0,513520.SH,588000.SH,0,0,科创50:30.67/↗/-; 华宝油气:0.46/-/-; 印度:-2.71/-/-; 豆粕:-5.21/↘/-; 日经225:8.50/↗/-,parsed doc_labels.csv
20,docx,2026-05-22,2026-05-22,513100.SH|588000.SH,纳指|科创50,513100.SH|588000.SH,纳指|科创50,True,1.0,,,,,0,0,588000.SH,159949.SZ,0,0,科创50:25.47/↗/-; 华宝油气:6.10/↗/-; 印度:-4.99/↘/-; 豆粕:-2.02/↘/-; 日经225:5.02/↗/-,parsed doc_labels.csv
20,docx,2026-05-21,2026-05-21,159949.SZ|513100.SH,创业板50|纳指,513100.SH|588000.SH,纳指|科创50,False,0.5,,,,,0,0,588000.SH,159949.SZ,0,0,科创50:21.81/↗/-; 华宝油气:5.99/↗/-; 印度:-5.08/↘/-; 豆粕:-0.24/↘/-; 日经225:2.68/-/-,parsed doc_labels.csv
20,docx,2026-05-20,2026-05-20,159949.SZ|513100.SH,创业板50|纳指,159949.SZ|513100.SH,创业板50|纳指,True,1.0,,,,511380.SH,0,0,513100.SH,588000.SH,0,0,科创50:28.82/↗/-; 华宝油气:6.12/↗/-; 印度:-5.35/↘/-; 豆粕:0.43/-/-; 日经225:0.49/-/-,parsed doc_labels.csv
20,docx,2026-05-19,2026-05-19,159949.SZ|588000.SH,创业板50|科创50,588000.SH|159949.SZ,科创50|创业板50,True,1.0,,,,,0,0,,,0,0,科创50:24.90/↗/-; 华宝油气:6.44/↗/-; 印度:-3.57/↘/-; 豆粕:0.52/-/-; 日经225:0.20/-/-,parsed doc_labels.csv
20,docx,2026-05-18,2026-05-18,159949.SZ|588000.SH,创业板50|科创50,159949.SZ|588000.SH,创业板50|科创50,True,1.0,,,162411.SZ,,0,0,588000.SH,513100.SH,0,0,科创50:21.66/↗/-; 华宝油气:7.38/↗/0518_B; 印度:-3.95/↘/-; 豆粕:-0.24/↘/-; 日经225:3.52/-/-,parsed doc_labels.csv
20,docx,2026-05-15,2026-05-15,159949.SZ|513100.SH,创业板50|纳指,513100.SH|588000.SH,纳指|科创50,False,0.5,,,,159985.SZ|513030.SH,0,0,588000.SH,159949.SZ,0,0,科创50:20.82/↗/-; 华宝油气:-0.45/-/-; 印度:-2.45/↘/-; 豆粕:-1.04/↘/0515_S; 日经225:4.77/↗/-,parsed doc_labels.csv
20,docx,2026-05-14,2026-05-14,159949.SZ|513100.SH,创业板50|纳指,513100.SH|588000.SH,纳指|科创50,False,0.5,,,,,0,0,588000.SH,159949.SZ,0,0,科创50:25.35/↗/-; 华宝油气:-4.76/↘/-; 印度:-0.70/↘/-; 豆粕:0.75/↗/-; 日经225:9.09/↗/-,parsed doc_labels.csv
20,docx,2026-05-13,2026-05-13,159949.SZ|513100.SH,创业板50|纳指,159949.SZ|588000.SH,创业板50|科创50,False,0.5,,,,,0,0,588000.SH,513100.SH,0,0,科创50:29.78/↗/-; 华宝油气:-2.10/↘/-; 印度:-2.44/↘/-; 豆粕:3.79/↗/-; 日经225:10.48/↗/-,parsed doc_labels.csv
20,docx,2026-05-12,2026-05-12,159949.SZ|513100.SH,创业板50|纳指,159949.SZ|588000.SH,创业板50|科创50,False,0.5,,,,,0,0,588000.SH,513100.SH,0,0,科创50:28.34/↗/-; 华宝油气:-5.00/-/-; 印度:-1.16/↘/-; 豆粕:3.86/↗/-; 日经225:10.74/↗/-,parsed doc_labels.csv
20,docx,2026-05-11,2026-05-11,513100.SH|159949.SZ,纳指|创业板50,159949.SZ|588000.SH,创业板50|科创50,False,0.5,,,,164824.SZ|513050.SH,0,0,588000.SH,513100.SH,0,0,科创50:27.09/↗/-; 华宝油气:-1.88/↘/-; 印度:-0.76/↘/0511_S; 豆粕:6.03/↗/-; 日经225:9.37/↗/-,parsed doc_labels.csv
20,docx,2026-05-08,2026-05-08,159949.SZ|513100.SH,创业板50|纳指,588000.SH|159949.SZ,科创50|创业板50,False,0.5,,,,,0,0,,,0,0,科创50:28.69/↗/-; 华宝油气:-12.32/↘/-; 印度:4.61/↗/-; 豆粕:4.28/↗/-; 日经225:17.85/↗/-,parsed doc_labels.csv
20,docx,2026-05-07,2026-05-07,588000.SH|159949.SZ,科创50|创业板50,159949.SZ|513520.SH,创业板50|日经225,False,0.5,,,513050.SH,,0,0,513520.SH,588000.SH,0,0,科创50:33.61/↗/-; 华宝油气:-9.53/↘/-; 印度:5.77/↗/-; 豆粕:3.60/↗/-; 日经225:19.27/↗/-,parsed doc_labels.csv
20,docx,2026-05-06,2026-05-06,588000.SH|159949.SZ,科创50|创业板50,159949.SZ|513100.SH,创业板50|纳指,False,0.5,,,,,0,0,513100.SH,588000.SH,0,0,科创50:31.13/↗/-; 华宝油气:-8.34/-/-; 印度:6.02/-/-; 豆粕:3.85/↗/-; 日经225:15.14/↗/-,parsed doc_labels.csv
20,manual_july,2026-07-03,2026-07-02,513520.SH|588000.SH,日经225|科创50,588000.SH|164824.SZ,科创50|印度,False,0.5,164824.SZ,159338.SZ|159949.SZ|563300.SH,159985.SZ,159338.SZ|159949.SZ,2,4,164824.SZ,513520.SH,1,4,科创50:16.24/↗/-; 华宝油气:-8.77/↘/-; 印度:3.82/↗/-; 豆粕:0.58/↗/0702_B; 日经225:0.21/-/-,manual_object_signals_2026-07.csv
20,manual_july,2026-07-06,2026-07-03,513520.SH|588000.SH,日经225|科创50,588000.SH|513520.SH,科创50|日经225,True,1.0,,,159338.SZ|511380.SH|513030.SH,,0,0,,,0,0,科创50:14.74/↗/-; 华宝油气:-8.07/↘/-; 印度:4.03/↗/-; 豆粕:1.77/↗/-; 日经225:3.82/↗/-,manual_object_signals_2026-07.csv
20,manual_july,2026-07-07,2026-07-06,513520.SH|588000.SH,日经225|科创50,588000.SH|513520.SH,科创50|日经225,True,1.0,159985.SZ,,,,0,1,,,0,1,科创50:20.02/↗/-; 华宝油气:-7.97/↘/-; 印度:3.95/↗/-; 豆粕:5.77/↗/-; 日经225:7.86/↗/-,manual_object_signals_2026-07.csv
20,manual_july,2026-07-08,2026-07-07,513520.SH|588000.SH,日经225|科创50,588000.SH|159985.SZ,科创50|豆粕,False,0.5,513030.SH,,,,0,1,159985.SZ,513520.SH,0,1,科创50:26.32/↗/-; 华宝油气:-9.97/↘/-; 印度:5.34/↗/-; 豆粕:8.04/↗/-; 日经225:7.97/-/-,manual_object_signals_2026-07.csv
20,manual_july,2026-07-09,2026-07-08,588000.SH|164824.SZ,科创50|印度,588000.SH|159985.SZ,科创50|豆粕,False,0.5,,513030.SH,,159338.SZ|511380.SH|513520.SH|563300.SH,0,1,159985.SZ,513520.SH,0,1,科创50:22.22/↗/-; 华宝油气:-3.77/-/-; 印度:4.15/↗/-; 豆粕:10.10/↗/-; 日经225:-0.38/↘/0708_S,manual_object_signals_2026-07.csv
20,manual_july,2026-07-10,2026-07-09,164824.SZ,印度,159985.SZ|513030.SH,豆粕|德国,False,0.0,,,,,0,0,159985.SZ|513030.SH,588000.SH|164824.SZ,0,0,科创50:33.49/↗/-; 华宝油气:-1.05/-/-; 印度:1.81/-/-; 豆粕:7.58/↗/-; 日经225:4.22/-/-,manual_object_signals_2026-07.csv
20,manual_july,2026-07-13,2026-07-10,164824.SZ|588000.SH,印度|科创50,588000.SH|159985.SZ,科创50|豆粕,False,0.5,,,513050.SH,,0,0,588000.SH|159985.SZ,164824.SZ,0,0,科创50:25.80/↗/-; 华宝油气:-4.76/-/-; 印度:3.59/-/-; 豆粕:6.14/↗/-; 日经225:3.95/-/-,manual_object_signals_2026-07.csv
20,manual_user_0715,2026-07-15,2026-07-14,588000.SH|162411.SZ,科创50|华宝油气,588000.SH|162411.SZ,科创50|华宝油气,True,1.0,162411.SZ,164824.SZ,162411.SZ,164824.SZ,2,2,162411.SZ,164824.SZ,2,2,科创50:13.07/-/-; 华宝油气:4.62/↗/0714_B; 印度:-0.69/↘/0714_S; 日经225:-6.53/↘/-,user-provided 7/15 distilled-object target
23,docx,2026-06-26,2026-06-26,513520.SH|588000.SH,日经225|科创50,513520.SH|159949.SZ,日经225|创业板50,False,0.5,,,,,0,0,159949.SZ,588000.SH,0,0,科创50:6.76/↗/-; 华宝油气:-6.35/↘/-; 印度:0.85/↗/-; 豆粕:-2.38/↘/-; 日经225:14.17/↗/-,parsed doc_labels.csv
23,docx,2026-06-23,2026-06-23,513520.SH|159949.SZ,日经225|创业板50,513520.SH|588000.SH,日经225|科创50,False,0.5,,,,513100.SH,0,0,,,0,0,科创50:4.76/↗/-; 华宝油气:-13.66/↘/-; 印度:2.95/-/-; 豆粕:-5.18/↘/-; 日经225:20.30/↗/-,parsed doc_labels.csv
23,docx,2026-06-22,2026-06-22,513520.SH|588000.SH,日经225|科创50,513520.SH|513100.SH,日经225|纳指,False,0.5,,,,,0,0,,,0,0,科创50:9.89/↗/-; 华宝油气:-13.61/↘/-; 印度:2.20/↗/-; 豆粕:-6.27/↘/-; 日经225:27.18/↗/-,parsed doc_labels.csv
23,docx,2026-06-18,2026-06-18,513100.SH|513520.SH,纳指|日经225,513520.SH|513100.SH,日经225|纳指,True,1.0,,,,,0,0,,,0,0,科创50:11.87/↗/-; 华宝油气:-12.67/↘/-; 印度:4.20/↗/-; 豆粕:-4.21/↘/-; 日经225:22.96/↗/-,parsed doc_labels.csv
23,docx,2026-06-17,2026-06-17,513100.SH|513520.SH,纳指|日经225,513520.SH|513100.SH,日经225|纳指,True,1.0,,,159338.SZ|588000.SH,,0,0,,,0,0,科创50:8.51/↗/0617_B; 华宝油气:-8.72/↘/-; 印度:2.98/↗/-; 豆粕:-2.92/↘/-; 日经225:17.94/↗/-,parsed doc_labels.csv
23,docx,2026-06-16,2026-06-16,513100.SH|513520.SH,纳指|日经225,513520.SH|513100.SH,日经225|纳指,True,1.0,,,,513030.SH,0,0,,,0,0,科创50:2.20/-/-; 华宝油气:-5.91/↘/-; 印度:2.10/↗/-; 豆粕:-6.02/↘/-; 日经225:15.63/↗/-,parsed doc_labels.csv
23,docx,2026-06-15,2026-06-15,513100.SH|513520.SH,纳指|日经225,513520.SH|513100.SH,日经225|纳指,True,1.0,,,159949.SZ|164824.SZ|513030.SH,,0,0,,,0,0,科创50:-1.13/↗/-; 华宝油气:-4.85/↘/-; 印度:1.41/↗/0615_B; 豆粕:-6.66/↘/-; 日经225:13.91/↗/-,parsed doc_labels.csv
23,docx,2026-06-12,2026-06-12,513100.SH|513520.SH,纳指|日经225,513520.SH|513100.SH,日经225|纳指,True,1.0,,,,,0,0,,,0,0,科创50:-3.30/↘/-; 华宝油气:-3.58/↘/-; 印度:-1.56/↘/-; 豆粕:-6.40/↘/-; 日经225:7.40/↗/-,parsed doc_labels.csv
23,docx,2026-06-11,2026-06-11,513100.SH|513520.SH,纳指|日经225,513520.SH|513100.SH,日经225|纳指,True,1.0,,,,,0,0,,,0,0,科创50:-3.04/↘/-; 华宝油气:-0.68/-/-; 印度:-3.69/↘/-; 豆粕:-6.65/↘/-; 日经225:4.98/↗/-,parsed doc_labels.csv
23,docx,2026-06-09,2026-06-09,513100.SH|513520.SH,纳指|日经225,513520.SH|513100.SH,日经225|纳指,True,1.0,,,159949.SZ,,0,0,,,0,0,科创50:-0.79/↘/-; 华宝油气:-1.91/↘/-; 印度:-4.93/↘/-; 豆粕:-7.13/↘/-; 日经225:7.94/↗/-,parsed doc_labels.csv
23,docx,2026-06-08,2026-06-08,513100.SH|513520.SH,纳指|日经225,513520.SH|513100.SH,日经225|纳指,True,1.0,,,,159949.SZ|588000.SH,0,0,,,0,0,科创50:-3.50/↘/0608_S; 华宝油气:-2.25/↗/-; 印度:-3.76/↘/-; 豆粕:-7.78/↘/-; 日经225:5.93/↗/-,parsed doc_labels.csv
23,docx,2026-06-05,2026-06-05,513100.SH|513520.SH,纳指|日经225,513520.SH|513100.SH,日经225|纳指,True,1.0,,,,,0,0,,,0,0,科创50:6.59/-/-; 华宝油气:-4.40/↗/-; 印度:-2.39/↘/-; 豆粕:-7.08/↘/-; 日经225:13.87/↗/-,parsed doc_labels.csv
23,docx,2026-06-04,2026-06-04,513100.SH|513520.SH,纳指|日经225,513520.SH|513100.SH,日经225|纳指,True,1.0,,,,159338.SZ|513030.SH,0,0,,,0,0,科创50:16.32/-/-; 华宝油气:-1.55/-/-; 印度:-4.46/↘/-; 豆粕:-6.28/↘/-; 日经225:16.08/↗/-,parsed doc_labels.csv
23,docx,2026-06-03,2026-06-03,513100.SH|513520.SH,纳指|日经225,513100.SH|159949.SZ,纳指|创业板50,False,0.5,,,,,0,0,159949.SZ,588000.SH,0,0,科创50:16.26/-/-; 华宝油气:-1.44/-/-; 印度:-3.83/↘/-; 豆粕:-4.86/↘/-; 日经225:16.76/↗/-,parsed doc_labels.csv
23,docx,2026-06-02,2026-06-02,513100.SH|588000.SH,纳指|科创50,513100.SH|513520.SH,纳指|日经225,False,0.5,,,,563300.SH,0,0,513520.SH,588000.SH,0,0,科创50:11.94/-/-; 华宝油气:-1.69/↘/-; 印度:-3.51/↘/-; 豆粕:-4.93/↘/-; 日经225:13.38/↗/-,parsed doc_labels.csv
23,docx,2026-06-01,2026-06-01,513100.SH|588000.SH,纳指|科创50,513100.SH|513520.SH,纳指|日经225,False,0.5,,,,,0,0,513520.SH,588000.SH,0,0,科创50:14.57/-/-; 华宝油气:-3.57/↘/-; 印度:-2.38/↘/-; 豆粕:-2.45/↘/-; 日经225:15.60/↗/-,parsed doc_labels.csv
23,docx,2026-05-29,2026-05-29,513100.SH|588000.SH,纳指|科创50,588000.SH|513100.SH,科创50|纳指,True,1.0,,,,,0,0,,,0,0,科创50:22.28/↗/-; 华宝油气:-4.46/↘/-; 印度:-2.43/↘/-; 豆粕:-3.66/↘/-; 日经225:12.07/↗/-,parsed doc_labels.csv
23,docx,2026-05-28,2026-05-28,513100.SH|588000.SH,纳指|科创50,513100.SH|588000.SH,纳指|科创50,True,1.0,,,,,0,0,588000.SH,159949.SZ,0,0,科创50:27.01/↗/-; 华宝油气:-0.23/↘/-; 印度:-4.29/↘/-; 豆粕:-3.92/↘/-; 日经225:6.73/↗/-,parsed doc_labels.csv
23,docx,2026-05-27,2026-05-27,513100.SH|159949.SZ,纳指|创业板50,513100.SH|588000.SH,纳指|科创50,False,0.5,,,,,0,0,588000.SH,513520.SH,0,0,科创50:27.06/↗/-; 华宝油气:1.29/↘/-; 印度:-4.17/↘/-; 豆粕:-2.77/↘/-; 日经225:8.23/↗/-,parsed doc_labels.csv
23,docx,2026-05-26,2026-05-26,513100.SH|513520.SH,纳指|日经225,588000.SH|513100.SH,科创50|纳指,False,0.5,,,513030.SH,,0,0,,,0,0,科创50:28.88/↗/-; 华宝油气:1.15/↘/-; 印度:-3.51/-/-; 豆粕:-1.48/↘/-; 日经225:8.97/↗/-,parsed doc_labels.csv
23,docx,2026-05-25,2026-05-25,513100.SH|588000.SH,纳指|科创50,513100.SH|513520.SH,纳指|日经225,False,0.5,,,,162411.SZ,0,0,513520.SH,588000.SH,0,0,科创50:33.29/↗/-; 华宝油气:-1.93/-/0525_S; 印度:-2.49/-/-; 豆粕:-1.81/↘/-; 日经225:9.14/↗/-,parsed doc_labels.csv
23,docx,2026-05-22,2026-05-22,513100.SH|588000.SH,纳指|科创50,513100.SH|588000.SH,纳指|科创50,True,1.0,,,159338.SZ|513520.SH|563300.SH,,0,0,588000.SH,159949.SZ,0,0,科创50:25.97/↗/-; 华宝油气:3.91/↗/-; 印度:-3.19/↘/-; 豆粕:-1.28/↘/-; 日经225:4.25/↗/0522_B,parsed doc_labels.csv
23,docx,2026-05-21,2026-05-21,159949.SZ|513100.SH,创业板50|纳指,513100.SH|588000.SH,纳指|科创50,False,0.5,,,,,0,0,588000.SH,159949.SZ,0,0,科创50:25.51/↗/-; 华宝油气:6.11/↗/-; 印度:-3.35/↘/-; 豆粕:-0.52/↘/-; 日经225:4.33/-/-,parsed doc_labels.csv
23,docx,2026-05-20,2026-05-20,159949.SZ|513100.SH,创业板50|纳指,159949.SZ|513100.SH,创业板50|纳指,True,1.0,,,,511380.SH,0,0,513100.SH,588000.SH,0,0,科创50:30.56/↗/-; 华宝油气:4.34/↗/-; 印度:-3.90/↘/-; 豆粕:-0.38/-/-; 日经225:2.21/-/-,parsed doc_labels.csv
23,docx,2026-05-19,2026-05-19,159949.SZ|588000.SH,创业板50|科创50,588000.SH|159949.SZ,科创50|创业板50,True,1.0,,,511380.SH,,0,0,,,0,0,科创50:29.21/↗/-; 华宝油气:0.22/↗/-; 印度:-1.78/↘/-; 豆粕:-0.28/-/-; 日经225:5.24/-/-,parsed doc_labels.csv
23,docx,2026-05-18,2026-05-18,159949.SZ|588000.SH,创业板50|科创50,159949.SZ|588000.SH,创业板50|科创50,True,1.0,,,162411.SZ,,0,0,588000.SH,513100.SH,0,0,科创50:25.47/↗/-; 华宝油气:2.76/↗/0518_B; 印度:-3.51/↘/-; 豆粕:0.48/↘/-; 日经225:5.65/-/-,parsed doc_labels.csv
23,docx,2026-05-15,2026-05-15,159949.SZ|513100.SH,创业板50|纳指,159949.SZ|588000.SH,创业板50|科创50,False,0.5,,,,,0,0,588000.SH,513100.SH,0,0,科创50:26.29/↗/-; 华宝油气:-4.89/-/-; 印度:-1.62/↘/-; 豆粕:0.67/↘/-; 日经225:8.20/↗/-,parsed doc_labels.csv
23,docx,2026-05-14,2026-05-14,159949.SZ|513100.SH,创业板50|纳指,159949.SZ|588000.SH,创业板50|科创50,False,0.5,,,,,0,0,588000.SH,513100.SH,0,0,科创50:27.37/↗/-; 华宝油气:-2.76/↘/-; 印度:-2.06/↘/-; 豆粕:5.05/↗/-; 日经225:8.20/↗/-,parsed doc_labels.csv
23,docx,2026-05-13,2026-05-13,159949.SZ|513100.SH,创业板50|纳指,159949.SZ|588000.SH,创业板50|科创50,False,0.5,,,,,0,0,588000.SH,513100.SH,0,0,科创50:38.97/↗/-; 华宝油气:-11.12/↘/-; 印度:1.51/↘/-; 豆粕:5.16/↗/-; 日经225:17.36/↗/-,parsed doc_labels.csv
23,docx,2026-05-12,2026-05-12,159949.SZ|513100.SH,创业板50|纳指,159949.SZ|588000.SH,创业板50|科创50,False,0.5,,,,,0,0,588000.SH,513100.SH,0,0,科创50:37.16/↗/-; 华宝油气:-9.43/-/-; 印度:2.73/↘/-; 豆粕:4.71/↗/-; 日经225:16.80/↗/-,parsed doc_labels.csv
23,docx,2026-05-11,2026-05-11,513100.SH|159949.SZ,纳指|创业板50,159949.SZ|588000.SH,创业板50|科创50,False,0.5,,,,164824.SZ|513050.SH,0,0,588000.SH,513100.SH,0,0,科创50:36.17/↗/-; 华宝油气:-12.86/↘/-; 印度:5.86/↘/0511_S; 豆粕:4.09/↗/-; 日经225:17.32/↗/-,parsed doc_labels.csv
23,docx,2026-05-08,2026-05-08,159949.SZ|513100.SH,创业板50|纳指,588000.SH|159949.SZ,科创50|创业板50,False,0.5,,,,,0,0,,,0,0,科创50:26.15/↗/-; 华宝油气:-11.26/↘/-; 印度:4.94/↗/-; 豆粕:5.00/↗/-; 日经225:14.35/↗/-,parsed doc_labels.csv
23,docx,2026-05-07,2026-05-07,588000.SH|159949.SZ,科创50|创业板50,159949.SZ|513100.SH,创业板50|纳指,False,0.5,,,164824.SZ|513050.SH,,0,0,513100.SH,588000.SH,0,0,科创50:33.61/↗/-; 华宝油气:-18.54/↘/-; 印度:7.85/↗/0507_B; 豆粕:3.00/↗/-; 日经225:20.25/↗/-,parsed doc_labels.csv
23,docx,2026-05-06,2026-05-06,588000.SH|159949.SZ,科创50|创业板50,159949.SZ|513100.SH,创业板50|纳指,False,0.5,,,,,0,0,513100.SH,588000.SH,0,0,科创50:28.33/↗/-; 华宝油气:-18.21/-/-; 印度:5.85/-/-; 豆粕:1.12/↗/-; 日经225:15.33/↗/-,parsed doc_labels.csv
23,manual_july,2026-07-03,2026-07-02,513520.SH|588000.SH,日经225|科创50,588000.SH|513520.SH,科创50|日经225,True,1.0,164824.SZ,159338.SZ|159949.SZ|563300.SH,,159338.SZ|159949.SZ,2,4,,,0,4,科创50:14.91/↗/-; 华宝油气:-5.26/↘/-; 印度:1.48/↗/-; 豆粕:-0.53/↗/-; 日经225:5.81/-/-,manual_object_signals_2026-07.csv
23,manual_july,2026-07-06,2026-07-03,513520.SH|588000.SH,日经225|科创50,588000.SH|513520.SH,科创50|日经225,True,1.0,,,159338.SZ,,0,0,,,0,0,科创50:19.84/↗/-; 华宝油气:-5.20/↘/-; 印度:3.30/↗/-; 豆粕:-0.39/↗/-; 日经225:4.67/↗/-,manual_object_signals_2026-07.csv
23,manual_july,2026-07-07,2026-07-06,513520.SH|588000.SH,日经225|科创50,588000.SH|513520.SH,科创50|日经225,True,1.0,159985.SZ,,,,0,1,,,0,1,科创50:18.81/↗/-; 华宝油气:-6.29/↘/-; 印度:4.19/↗/-; 豆粕:3.86/↗/-; 日经225:6.37/↗/-,manual_object_signals_2026-07.csv
23,manual_july,2026-07-08,2026-07-07,513520.SH|588000.SH,日经225|科创50,588000.SH|164824.SZ,科创50|印度,False,0.5,513030.SH,,,159338.SZ|563300.SH,0,1,164824.SZ,513520.SH,0,1,科创50:16.62/↗/-; 华宝油气:-7.54/↘/-; 印度:5.26/↗/-; 豆粕:4.72/↗/-; 日经225:1.18/-/-,manual_object_signals_2026-07.csv
23,manual_july,2026-07-09,2026-07-08,588000.SH|164824.SZ,科创50|印度,588000.SH|164824.SZ,科创50|印度,True,1.0,,513030.SH,,513520.SH,0,1,164824.SZ,513520.SH,0,1,科创50:17.09/↗/-; 华宝油气:-5.61/-/-; 印度:3.32/↗/-; 豆粕:7.44/↗/-; 日经225:-0.42/↘/0708_S,manual_object_signals_2026-07.csv
23,manual_july,2026-07-10,2026-07-09,164824.SZ,印度,164824.SZ,印度,True,1.0,,,,,0,0,,588000.SH,0,0,科创50:32.05/↗/-; 华宝油气:-4.71/-/-; 印度:2.05/-/-; 豆粕:7.37/↗/-; 日经225:2.40/-/-,manual_object_signals_2026-07.csv
23,manual_july,2026-07-13,2026-07-10,164824.SZ|588000.SH,印度|科创50,164824.SZ|588000.SH,印度|科创50,True,1.0,,,,,0,0,588000.SH,,0,0,科创50:31.25/↗/-; 华宝油气:-8.00/-/-; 印度:3.51/-/-; 豆粕:7.68/↗/-; 日经225:4.97/-/-,manual_object_signals_2026-07.csv
23,manual_user_0715,2026-07-15,2026-07-14,588000.SH|162411.SZ,科创50|华宝油气,588000.SH|162411.SZ,科创50|华宝油气,True,1.0,162411.SZ,164824.SZ,162411.SZ,164824.SZ,2,2,162411.SZ,164824.SZ,2,2,科创50:19.55/-/-; 华宝油气:2.91/↗/0714_B; 印度:1.26/↘/0714_S; 日经225:1.73/↘/-,user-provided 7/15 distilled-object target
