date,broad_valid,yesterday_holdings_raw,target_holdings_raw,yesterday_holdings,target_holdings,yesterday_holding_items,target_holding_items,added_names,removed_names,add_position_signal,position_state,current_drawdown_pct,control_drawdown_pct,buy_signals,sell_signals
2026-06-26,True,"['日经225', '科创50']","['日经225', '科创50']","[""日经225"",""科创50""]","[""日经225"",""科创50""]","[{""raw"":""日经225"",""clean_name"":""日经225"",""change"":""""},{""raw"":""科创50"",""clean_name"":""科创50"",""change"":""""}]","[{""raw"":""日经225"",""clean_name"":""日经225"",""change"":""""},{""raw"":""科创50"",""clean_name"":""科创50"",""change"":""""}]",[],[],False,half,0.0,0.0,"[{""code"":""159338.SZ"",""name"":""中证A500""}]",[]
2026-06-23,True,"['日经225', '科创50↓']","['日经225', '创业板50↑']","[""日经225"",""科创50""]","[""日经225"",""创业板50""]","[{""raw"":""日经225"",""clean_name"":""日经225"",""change"":""""},{""raw"":""科创50↓"",""clean_name"":""科创50"",""change"":""removed""}]","[{""raw"":""日经225"",""clean_name"":""日经225"",""change"":""""},{""raw"":""创业板50↑"",""clean_name"":""创业板50"",""change"":""added""}]","[""创业板50""]","[""科创50""]",False,full,0.0,0.0,"[{""code"":""159338.SZ"",""name"":""中证A500""}]","[{""code"":""164824.SZ"",""name"":""印度""}]"
2026-06-22,True,"['日经225', '纳指↓']","['日经225', '科创50↑']","[""日经225"",""纳指""]","[""日经225"",""科创50""]","[{""raw"":""日经225"",""clean_name"":""日经225"",""change"":""""},{""raw"":""纳指↓"",""clean_name"":""纳指"",""change"":""removed""}]","[{""raw"":""日经225"",""clean_name"":""日经225"",""change"":""""},{""raw"":""科创50↑"",""clean_name"":""科创50"",""change"":""added""}]","[""科创50""]","[""纳指""]",False,full,0.0,0.0,[],[]
2026-06-18,True,"['日经225', '纳指']","['纳指', '日经225']","[""日经225"",""纳指""]","[""纳指"",""日经225""]","[{""raw"":""日经225"",""clean_name"":""日经225"",""change"":""""},{""raw"":""纳指"",""clean_name"":""纳指"",""change"":""""}]","[{""raw"":""纳指"",""clean_name"":""纳指"",""change"":""""},{""raw"":""日经225"",""clean_name"":""日经225"",""change"":""""}]",[],[],False,full,-0.62,0.0,"[{""code"":""588000.SH"",""name"":""科创50""}]",[]
2026-06-17,True,"['日经225', '纳指']","['纳指', '日经225']","[""日经225"",""纳指""]","[""纳指"",""日经225""]","[{""raw"":""日经225"",""clean_name"":""日经225"",""change"":""""},{""raw"":""纳指"",""clean_name"":""纳指"",""change"":""""}]","[{""raw"":""纳指"",""clean_name"":""纳指"",""change"":""""},{""raw"":""日经225"",""clean_name"":""日经225"",""change"":""""}]",[],[],False,full,-0.86,0.0,"[{""code"":""164824.SZ"",""name"":""印度""}]","[{""code"":""588000.SH"",""name"":""科创50""}]"
2026-06-16,True,"['日经225', '纳指']","['纳指', '日经225']","[""日经225"",""纳指""]","[""纳指"",""日经225""]","[{""raw"":""日经225"",""clean_name"":""日经225"",""change"":""""},{""raw"":""纳指"",""clean_name"":""纳指"",""change"":""""}]","[{""raw"":""纳指"",""clean_name"":""纳指"",""change"":""""},{""raw"":""日经225"",""clean_name"":""日经225"",""change"":""""}]",[],[],False,full,-1.89,0.0,"[{""code"":""159949.SZ"",""name"":""创业板50""},{""code"":""588000.SH"",""name"":""科创50""}]",[]
2026-06-15,True,"['日经225', '纳指']","['纳指', '日经225']","[""日经225"",""纳指""]","[""纳指"",""日经225""]","[{""raw"":""日经225"",""clean_name"":""日经225"",""change"":""""},{""raw"":""纳指"",""clean_name"":""纳指"",""change"":""""}]","[{""raw"":""纳指"",""clean_name"":""纳指"",""change"":""""},{""raw"":""日经225"",""clean_name"":""日经225"",""change"":""""}]",[],[],True,full,-6.81,-2.32,[],[]
2026-06-12,True,"['日经225', '纳指']","['纳指', '日经225']","[""日经225"",""纳指""]","[""纳指"",""日经225""]","[{""raw"":""日经225"",""clean_name"":""日经225"",""change"":""""},{""raw"":""纳指"",""clean_name"":""纳指"",""change"":""""}]","[{""raw"":""纳指"",""clean_name"":""纳指"",""change"":""""},{""raw"":""日经225"",""clean_name"":""日经225"",""change"":""""}]",[],[],True,full,-8.24,-3.82,[],"[{""code"":""159949.SZ"",""name"":""创业板50""}]"
2026-06-11,True,"['日经225', '纳指']","['纳指', '日经225']","[""日经225"",""纳指""]","[""纳指"",""日经225""]","[{""raw"":""日经225"",""clean_name"":""日经225"",""change"":""""},{""raw"":""纳指"",""clean_name"":""纳指"",""change"":""""}]","[{""raw"":""纳指"",""clean_name"":""纳指"",""change"":""""},{""raw"":""日经225"",""clean_name"":""日经225"",""change"":""""}]",[],[],True,full,-8.18,-3.76,[],[]
2026-06-10,False,,,[],[],[],[],[],[],False,unknown,,,[],[]
2026-06-09,True,"['日经225', '纳指']","['纳指', '日经225']","[""日经225"",""纳指""]","[""纳指"",""日经225""]","[{""raw"":""日经225"",""clean_name"":""日经225"",""change"":""""},{""raw"":""纳指"",""clean_name"":""纳指"",""change"":""""}]","[{""raw"":""纳指"",""clean_name"":""纳指"",""change"":""""},{""raw"":""日经225"",""clean_name"":""日经225"",""change"":""""}]",[],[],True,full,-8.91,-4.53,[],"[{""code"":""588000.SH"",""name"":""科创50""}]"
2026-06-08,True,"['日经225', '纳指']","['纳指', '日经225']","[""日经225"",""纳指""]","[""纳指"",""日经225""]","[{""raw"":""日经225"",""clean_name"":""日经225"",""change"":""""},{""raw"":""纳指"",""clean_name"":""纳指"",""change"":""""}]","[{""raw"":""纳指"",""clean_name"":""纳指"",""change"":""""},{""raw"":""日经225"",""clean_name"":""日经225"",""change"":""""}]",[],[],True,full,-4.86,-2.45,[],[]
2026-06-05,True,"['日经225', '纳指']","['纳指', '日经225']","[""日经225"",""纳指""]","[""纳指"",""日经225""]","[{""raw"":""日经225"",""clean_name"":""日经225"",""change"":""""},{""raw"":""纳指"",""clean_name"":""纳指"",""change"":""""}]","[{""raw"":""纳指"",""clean_name"":""纳指"",""change"":""""},{""raw"":""日经225"",""clean_name"":""日经225"",""change"":""""}]",[],[],False,half,-2.47,-1.24,[],[]
2026-06-04,True,"['纳指', '日经225']","['纳指', '日经225']","[""纳指"",""日经225""]","[""纳指"",""日经225""]","[{""raw"":""纳指"",""clean_name"":""纳指"",""change"":""""},{""raw"":""日经225"",""clean_name"":""日经225"",""change"":""""}]","[{""raw"":""纳指"",""clean_name"":""纳指"",""change"":""""},{""raw"":""日经225"",""clean_name"":""日经225"",""change"":""""}]",[],[],False,half,-1.14,-0.57,[],[]
2026-06-03,True,"['纳指', '科创50↓']","['纳指', '日经225↑']","[""纳指"",""科创50""]","[""纳指"",""日经225""]","[{""raw"":""纳指"",""clean_name"":""纳指"",""change"":""""},{""raw"":""科创50↓"",""clean_name"":""科创50"",""change"":""removed""}]","[{""raw"":""纳指"",""clean_name"":""纳指"",""change"":""""},{""raw"":""日经225↑"",""clean_name"":""日经225"",""change"":""added""}]","[""日经225""]","[""科创50""]",False,half,-1.49,-0.74,[],[]
2026-06-02,True,"['纳指', '科创50']","['纳指', '科创50']","[""纳指"",""科创50""]","[""纳指"",""科创50""]","[{""raw"":""纳指"",""clean_name"":""纳指"",""change"":""""},{""raw"":""科创50"",""clean_name"":""科创50"",""change"":""""}]","[{""raw"":""纳指"",""clean_name"":""纳指"",""change"":""""},{""raw"":""科创50"",""clean_name"":""科创50"",""change"":""""}]",[],[],False,half,-1.44,-0.72,[],"[{""code"":""159338.SZ"",""name"":""中证A500""}]"
2026-06-01,True,"['科创50', '纳指']","['纳指', '科创50']","[""科创50"",""纳指""]","[""纳指"",""科创50""]","[{""raw"":""科创50"",""clean_name"":""科创50"",""change"":""""},{""raw"":""纳指"",""clean_name"":""纳指"",""change"":""""}]","[{""raw"":""纳指"",""clean_name"":""纳指"",""change"":""""},{""raw"":""科创50"",""clean_name"":""科创50"",""change"":""""}]",[],[],False,half,-1.07,-0.53,[],"[{""code"":""563300.SH"",""name"":""中证2000""}]"
2026-05-29,True,"['科创50', '纳指']","['纳指', '科创50']","[""科创50"",""纳指""]","[""纳指"",""科创50""]","[{""raw"":""科创50"",""clean_name"":""科创50"",""change"":""""},{""raw"":""纳指"",""clean_name"":""纳指"",""change"":""""}]","[{""raw"":""纳指"",""clean_name"":""纳指"",""change"":""""},{""raw"":""科创50"",""clean_name"":""科创50"",""change"":""""}]",[],[],False,half,0.0,0.0,[],[]
2026-05-28,True,"['纳指', '创业板50↓']","['纳指', '科创50↑']","[""纳指"",""创业板50""]","[""纳指"",""科创50""]","[{""raw"":""纳指"",""clean_name"":""纳指"",""change"":""""},{""raw"":""创业板50↓"",""clean_name"":""创业板50"",""change"":""removed""}]","[{""raw"":""纳指"",""clean_name"":""纳指"",""change"":""""},{""raw"":""科创50↑"",""clean_name"":""科创50"",""change"":""added""}]","[""科创50""]","[""创业板50""]",False,half,-0.73,-0.36,[],"[{""code"":""513030.SH"",""name"":""德国""}]"
2026-05-27,True,"['纳指', '日经225↓']","['纳指', '创业板50↑']","[""纳指"",""日经225""]","[""纳指"",""创业板50""]","[{""raw"":""纳指"",""clean_name"":""纳指"",""change"":""""},{""raw"":""日经225↓"",""clean_name"":""日经225"",""change"":""removed""}]","[{""raw"":""纳指"",""clean_name"":""纳指"",""change"":""""},{""raw"":""创业板50↑"",""clean_name"":""创业板50"",""change"":""added""}]","[""创业板50""]","[""日经225""]",False,half,-1.71,-0.85,"[{""code"":""513030.SH"",""name"":""德国""}]",[]
2026-05-26,True,"['科创50↓', '纳指']","['纳指', '日经225↑']","[""科创50"",""纳指""]","[""纳指"",""日经225""]","[{""raw"":""科创50↓"",""clean_name"":""科创50"",""change"":""removed""},{""raw"":""纳指"",""clean_name"":""纳指"",""change"":""""}]","[{""raw"":""纳指"",""clean_name"":""纳指"",""change"":""""},{""raw"":""日经225↑"",""clean_name"":""日经225"",""change"":""added""}]","[""日经225""]","[""科创50""]",False,half,0.0,0.0,[],[]
2026-05-25,True,"['科创50', '纳指']","['纳指', '科创50']","[""科创50"",""纳指""]","[""纳指"",""科创50""]","[{""raw"":""科创50"",""clean_name"":""科创50"",""change"":""""},{""raw"":""纳指"",""clean_name"":""纳指"",""change"":""""}]","[{""raw"":""纳指"",""clean_name"":""纳指"",""change"":""""},{""raw"":""科创50"",""clean_name"":""科创50"",""change"":""""}]",[],[],False,half,0.0,0.0,[],"[{""code"":""162411.SZ"",""name"":""华宝油气""}]"
2026-05-22,True,"['纳指', '创业板50↓']","['纳指', '科创50↑']","[""纳指"",""创业板50""]","[""纳指"",""科创50""]","[{""raw"":""纳指"",""clean_name"":""纳指"",""change"":""""},{""raw"":""创业板50↓"",""clean_name"":""创业板50"",""change"":""removed""}]","[{""raw"":""纳指"",""clean_name"":""纳指"",""change"":""""},{""raw"":""科创50↑"",""clean_name"":""科创50"",""change"":""added""}]","[""科创50""]","[""创业板50""]",False,half,-0.25,-0.13,[],[]
2026-05-21,True,"['创业板50', '纳指']","['创业板50', '纳指']","[""创业板50"",""纳指""]","[""创业板50"",""纳指""]","[{""raw"":""创业板50"",""clean_name"":""创业板50"",""change"":""""},{""raw"":""纳指"",""clean_name"":""纳指"",""change"":""""}]","[{""raw"":""创业板50"",""clean_name"":""创业板50"",""change"":""""},{""raw"":""纳指"",""clean_name"":""纳指"",""change"":""""}]",[],[],False,half,0.0,0.0,"[{""code"":""162411.SZ"",""name"":""华宝油气""}]","[{""code"":""511380.SH"",""name"":""可转债""}]"
2026-05-20,True,"['科创50↓', '创业板50']","['创业板50', '纳指↑']","[""科创50"",""创业板50""]","[""创业板50"",""纳指""]","[{""raw"":""科创50↓"",""clean_name"":""科创50"",""change"":""removed""},{""raw"":""创业板50"",""clean_name"":""创业板50"",""change"":""""}]","[{""raw"":""创业板50"",""clean_name"":""创业板50"",""change"":""""},{""raw"":""纳指↑"",""clean_name"":""纳指"",""change"":""added""}]","[""纳指""]","[""科创50""]",False,half,-1.42,-0.7,"[{""code"":""511380.SH"",""name"":""可转债""}]",[]
2026-05-19,True,"['科创50', '创业板50']","['创业板50', '科创50']","[""科创50"",""创业板50""]","[""创业板50"",""科创50""]","[{""raw"":""科创50"",""clean_name"":""科创50"",""change"":""""},{""raw"":""创业板50"",""clean_name"":""创业板50"",""change"":""""}]","[{""raw"":""创业板50"",""clean_name"":""创业板50"",""change"":""""},{""raw"":""科创50"",""clean_name"":""科创50"",""change"":""""}]",[],[],False,half,-2.96,-1.49,[],[]
2026-05-18,True,"['创业板50', '纳指↓']","['创业板50', '科创50↑']","[""创业板50"",""纳指""]","[""创业板50"",""科创50""]","[{""raw"":""创业板50"",""clean_name"":""创业板50"",""change"":""""},{""raw"":""纳指↓"",""clean_name"":""纳指"",""change"":""removed""}]","[{""raw"":""创业板50"",""clean_name"":""创业板50"",""change"":""""},{""raw"":""科创50↑"",""clean_name"":""科创50"",""change"":""added""}]","[""科创50""]","[""纳指""]",False,half,-1.56,-0.78,[],"[{""code"":""511380.SH"",""name"":""可转债""},{""code"":""513030.SH"",""name"":""德国""},{""code"":""159985.SZ"",""name"":""豆粕""}]"
2026-05-15,True,"['创业板50', '纳指']","['创业板50', '纳指']","[""创业板50"",""纳指""]","[""创业板50"",""纳指""]","[{""raw"":""创业板50"",""clean_name"":""创业板50"",""change"":""""},{""raw"":""纳指"",""clean_name"":""纳指"",""change"":""""}]","[{""raw"":""创业板50"",""clean_name"":""创业板50"",""change"":""""},{""raw"":""纳指"",""clean_name"":""纳指"",""change"":""""}]",[],[],False,half,-0.79,-0.39,[],[]
2026-05-14,True,"['创业板50', '纳指']","['创业板50', '纳指']","[""创业板50"",""纳指""]","[""创业板50"",""纳指""]","[{""raw"":""创业板50"",""clean_name"":""创业板50"",""change"":""""},{""raw"":""纳指"",""clean_name"":""纳指"",""change"":""""}]","[{""raw"":""创业板50"",""clean_name"":""创业板50"",""change"":""""},{""raw"":""纳指"",""clean_name"":""纳指"",""change"":""""}]",[],[],False,half,0.0,0.0,[],[]
2026-05-13,True,"['创业板50', '纳指']","['创业板50', '纳指']","[""创业板50"",""纳指""]","[""创业板50"",""纳指""]","[{""raw"":""创业板50"",""clean_name"":""创业板50"",""change"":""""},{""raw"":""纳指"",""clean_name"":""纳指"",""change"":""""}]","[{""raw"":""创业板50"",""clean_name"":""创业板50"",""change"":""""},{""raw"":""纳指"",""clean_name"":""纳指"",""change"":""""}]",[],[],False,half,-0.63,-0.31,[],"[{""code"":""164824.SZ"",""name"":""印度""}]"
2026-05-12,True,"['创业板50', '纳指']","['创业板50', '纳指']","[""创业板50"",""纳指""]","[""创业板50"",""纳指""]","[{""raw"":""创业板50"",""clean_name"":""创业板50"",""change"":""""},{""raw"":""纳指"",""clean_name"":""纳指"",""change"":""""}]","[{""raw"":""创业板50"",""clean_name"":""创业板50"",""change"":""""},{""raw"":""纳指"",""clean_name"":""纳指"",""change"":""""}]",[],[],False,half,0.0,0.0,[],"[{""code"":""513050.SH"",""name"":""中概互联网""}]"
2026-05-11,True,"['纳指', '创业板50']","['纳指', '创业板50']","[""纳指"",""创业板50""]","[""纳指"",""创业板50""]","[{""raw"":""纳指"",""clean_name"":""纳指"",""change"":""""},{""raw"":""创业板50"",""clean_name"":""创业板50"",""change"":""""}]","[{""raw"":""纳指"",""clean_name"":""纳指"",""change"":""""},{""raw"":""创业板50"",""clean_name"":""创业板50"",""change"":""""}]",[],[],False,half,-1.66,-0.83,"[{""code"":""159985.SZ"",""name"":""豆粕""}]",[]
2026-05-08,True,"['科创50↓', '创业板50']","['创业板50', '纳指↑']","[""科创50"",""创业板50""]","[""创业板50"",""纳指""]","[{""raw"":""科创50↓"",""clean_name"":""科创50"",""change"":""removed""},{""raw"":""创业板50"",""clean_name"":""创业板50"",""change"":""""}]","[{""raw"":""创业板50"",""clean_name"":""创业板50"",""change"":""""},{""raw"":""纳指↑"",""clean_name"":""纳指"",""change"":""added""}]","[""纳指""]","[""科创50""]",False,half,0.0,0.0,"[{""code"":""513050.SH"",""name"":""中概互联网""}]",[]
2026-05-07,True,"['科创50', '创业板50']","['科创50', '创业板50']","[""科创50"",""创业板50""]","[""科创50"",""创业板50""]","[{""raw"":""科创50"",""clean_name"":""科创50"",""change"":""""},{""raw"":""创业板50"",""clean_name"":""创业板50"",""change"":""""}]","[{""raw"":""科创50"",""clean_name"":""科创50"",""change"":""""},{""raw"":""创业板50"",""clean_name"":""创业板50"",""change"":""""}]",[],[],False,half,0.0,0.0,[],[]
2026-05-06,True,"['科创50', '创业板50']","['科创50', '创业板50']","[""科创50"",""创业板50""]","[""科创50"",""创业板50""]","[{""raw"":""科创50"",""clean_name"":""科创50"",""change"":""""},{""raw"":""创业板50"",""clean_name"":""创业板50"",""change"":""""}]","[{""raw"":""科创50"",""clean_name"":""科创50"",""change"":""""},{""raw"":""创业板50"",""clean_name"":""创业板50"",""change"":""""}]",[],[],False,half,0.0,0.0,[],[]
