date,row_order,module,mark,name_raw,name,code_if_found,pb,suffix_flags,ret20_pct,bias_pct,trend,market_signal,convex,nav_like,last_signal,profit_pct,latest_signal,raw_line
2026-06-26,1,broad,√√√,日经225,日经225,513520.SH,1.06,,22.4,9.5,↗,-,↘,1.6,0415_B,28.5,-,"√√√日经225PB1.06:[22.4, 9.5, '↗', '-', '↘', 1.6, '0415_B', 28.5, '-']"
2026-06-26,2,broad,√√√,科创50,科创50,588000.SH,1.0,,14.9,16.3,↗,★,↗,1.9,0618_B,5.9,-,"√√√科创50PB1.0:[14.9, 16.3, '↗', '★', '↗', 1.9, '0618_B', 5.9, '-']"
2026-06-26,3,broad,×××,创业板50,创业板50,159949.SZ,1.0,,10.6,7.1,↗,★,↘,1.8,0616_B,5.1,-,"×××创业板50PB1.0:[10.6, 7.1, '↗', '★', '↘', 1.8, '0616_B', 5.1, '-']"
2026-06-26,4,broad,×××,纳指,纳指,513100.SH,1.09,,4.6,-0.2,-,-,↘,2.1,0415_B,17.4,-,"×××纳指PB1.09:[4.6, -0.2, '-', '-', '↘', 2.1, '0415_B', 17.4, '-']"
2026-06-26,5,broad,×××,中证A500,中证A500,159338.SZ,1.0,,3.7,4.2,↗,★,↗,1.2,0624_S,-0.0,0626_B,"×××中证A500PB1.0:[3.7, 4.2, '↗', '★', '↗', 1.2, '0624_S', -0.0, '0626_B']"
2026-06-26,6,broad,×××,印度,印度,164824.SZ,0.99,,3.1,2.7,↗,★,↗,1.0,0625_B,,-,"×××印度PB0.99:[3.1, 2.7, '↗', '★', '↗', 1.0, '0625_B', '-', '-']"
2026-06-26,7,broad,×××,中证2000,中证2000,563300.SH,1.0,,-0.3,2.5,-,●,↗,1.6,0601_S,-4.1,-,"×××中证2000PB1.0:[-0.3, 2.5, '-', '●', '↗', 1.6, '0601_S', -4.1, '-']"
2026-06-26,8,broad,×××,沙特,沙特,520830.SH,0.99,,-0.5,0.0,-,●,↘,0.8,0427_S,2.1,-,"×××沙特PB0.99:[-0.5, 0.0, '-', '●', '↘', 0.8, '0427_S', 2.1, '-']"
2026-06-26,9,broad,×××,可转债,可转债,511380.SH,1.0,_X,-1.8,-0.8,-,●,↘,1.1,0521_S,1.7,-,"×××可转债PB1.0_X:[-1.8, -0.8, '-', '●', '↘', 1.1, '0521_S', 1.7, '-']"
2026-06-26,10,broad,×××,德国,德国,513030.SH,0.99,,-2.5,-1.9,↘,●,↘,0.7,0528_S,4.4,-,"×××德国PB0.99:[-2.5, -1.9, '↘', '●', '↘', 0.7, '0528_S', 4.4, '-']"
2026-06-26,11,broad,×××,豆粕,豆粕,159985.SZ,1.02,_X★,-4.2,-1.2,↘,●,↗,1.5,0518_S,5.9,-,"×××豆粕PB1.02_X★:[-4.2, -1.2, '↘', '●', '↗', 1.5, '0518_S', 5.9, '-']"
2026-06-26,12,broad,×××,红利低波,红利低波,512890.SH,1.0,★,-6.2,-5.5,↘,●,↘,1.1,0323_S,7.8,-,"×××红利低波PB1.0★:[-6.2, -5.5, '↘', '●', '↘', 1.1, '0323_S', 7.8, '-']"
2026-06-26,13,broad,×××,华宝油气,华宝油气,162411.SZ,0.98,★,-11.6,-6.8,↘,●,↗,1.5,0525_S,9.6,-,"×××华宝油气PB0.98★:[-11.6, -6.8, '↘', '●', '↗', 1.5, '0525_S', 9.6, '-']"
2026-06-26,14,broad,×××,黄金,黄金,518880.SH,1.0,★,-12.1,-7.3,↘,●,↘,1.4,0309_S,24.4,-,"×××黄金PB1.0★:[-12.1, -7.3, '↘', '●', '↘', 1.4, '0309_S', 24.4, '-']"
2026-06-26,15,broad,×××,中概互联网,中概互联网,513050.SH,1.0,★,-16.0,-10.0,↘,●,↘,1.0,0512_S,19.5,-,"×××中概互联网PB1.0★:[-16.0, -10.0, '↘', '●', '↘', 1.0, '0512_S', 19.5, '-']"
2026-06-23,1,broad,√√√,日经225,日经225,513520.SH,1.05,,23.5,11.3,↗,-,↗,1.6,0415_B,28.3,-,"√√√日经225PB1.05:[23.5, 11.3, '↗', '-', '↗', 1.6, '0415_B', 28.3, '-']"
2026-06-23,2,broad,××√,创业板50,创业板50,159949.SZ,1.0,,11.5,7.9,↗,★,↗,1.8,0616_B,5.0,-,"××√创业板50PB1.0:[11.5, 7.9, '↗', '★', '↗', 1.8, '0616_B', 5.0, '-']"
2026-06-23,3,broad,×√×,科创50,科创50,588000.SH,1.0,,10.3,11.1,↗,★,↗,1.8,0618_B,0.0,-,"×√×科创50PB1.0:[10.3, 11.1, '↗', '★', '↗', 1.8, '0618_B', 0.0, '-']"
2026-06-23,4,broad,√××,纳指,纳指,513100.SH,1.12,,7.8,1.6,↗,-,↘,2.2,0415_B,19.4,-,"√××纳指PB1.12:[7.8, 1.6, '↗', '-', '↘', 2.2, '0415_B', 19.4, '-']"
2026-06-23,5,broad,×××,中证A500,中证A500,159338.SZ,1.0,,3.7,4.6,↗,★,↗,1.2,0602_S,-3.7,0623_B,"×××中证A500PB1.0:[3.7, 4.6, '↗', '★', '↗', 1.2, '0602_S', -3.7, '0623_B']"
2026-06-23,6,broad,×××,印度,印度,164824.SZ,1.0,,1.8,1.5,-,●,↗,1.0,0617_B,-1.4,0623_S,"×××印度PB1.0:[1.8, 1.5, '-', '●', '↗', 1.0, '0617_B', -1.4, '0623_S']"
2026-06-23,7,broad,×××,中证2000,中证2000,563300.SH,1.0,,0.3,4.0,-,●,↗,1.6,0601_S,-5.5,-,"×××中证2000PB1.0:[0.3, 4.0, '-', '●', '↗', 1.6, '0601_S', -5.5, '-']"
2026-06-23,8,broad,×××,德国,德国,513030.SH,1.0,,-0.2,-0.7,-,●,↗,0.7,0528_S,2.5,-,"×××德国PB1.0:[-0.2, -0.7, '-', '●', '↗', 0.7, '0528_S', 2.5, '-']"
2026-06-23,9,broad,×××,沙特,沙特,520830.SH,0.99,,-0.5,0.1,-,●,↘,0.8,0427_S,1.9,-,"×××沙特PB0.99:[-0.5, 0.1, '-', '●', '↘', 0.8, '0427_S', 1.9, '-']"
2026-06-23,10,broad,×××,可转债,可转债,511380.SH,1.0,_X,-1.4,0.1,-,●,↘,1.1,0521_S,0.7,-,"×××可转债PB1.0_X:[-1.4, 0.1, '-', '●', '↘', 1.1, '0521_S', 0.7, '-']"
2026-06-23,11,broad,×××,红利低波,红利低波,512890.SH,1.0,★,-4.4,-3.7,↘,●,↘,1.1,0323_S,5.4,-,"×××红利低波PB1.0★:[-4.4, -3.7, '↘', '●', '↘', 1.1, '0323_S', 5.4, '-']"
2026-06-23,12,broad,×××,豆粕,豆粕,159985.SZ,1.02,_X★,-5.7,-2.1,↘,●,↘,1.5,0518_S,6.3,-,"×××豆粕PB1.02_X★:[-5.7, -2.1, '↘', '●', '↘', 1.5, '0518_S', 6.3, '-']"
2026-06-23,13,broad,×××,黄金,黄金,518880.SH,1.0,★,-8.9,-4.0,↘,●,↘,1.4,0309_S,20.4,-,"×××黄金PB1.0★:[-8.9, -4.0, '↘', '●', '↘', 1.4, '0309_S', 20.4, '-']"
2026-06-23,14,broad,×××,华宝油气,华宝油气,162411.SZ,0.99,★,-11.5,-7.1,↘,●,↘,1.5,0525_S,8.9,-,"×××华宝油气PB0.99★:[-11.5, -7.1, '↘', '●', '↘', 1.5, '0525_S', 8.9, '-']"
2026-06-23,15,broad,×××,中概互联网,中概互联网,513050.SH,0.99,★,-13.0,-6.7,↘,●,↘,1.0,0512_S,14.7,-,"×××中概互联网PB0.99★:[-13.0, -6.7, '↘', '●', '↘', 1.0, '0512_S', 14.7, '-']"
2026-06-22,1,broad,√√√,日经225,日经225,513520.SH,1.06,,19.7,8.5,↗,-,↗,1.6,0415_B,23.9,-,"√√√日经225PB1.06:[19.7, 8.5, '↗', '-', '↗', 1.6, '0415_B', 23.9, '-']"
2026-06-22,2,broad,××√,科创50,科创50,588000.SH,1.0,,9.3,9.5,↗,★,↗,1.8,0618_B,,-,"××√科创50PB1.0:[9.3, 9.5, '↗', '★', '↗', 1.8, '0618_B', '-', '-']"
2026-06-22,3,broad,×××,创业板50,创业板50,159949.SZ,1.0,,8.9,5.7,↗,★,↗,1.8,0616_B,2.3,-,"×××创业板50PB1.0:[8.9, 5.7, '↗', '★', '↗', 1.8, '0616_B', 2.3, '-']"
2026-06-22,4,broad,√√×,纳指,纳指,513100.SH,1.11,,8.7,2.4,↗,-,↗,2.2,0415_B,19.9,-,"√√×纳指PB1.11:[8.7, 2.4, '↗', '-', '↗', 2.2, '0415_B', 19.9, '-']"
2026-06-22,5,broad,×××,印度,印度,164824.SZ,1.0,,3.2,3.0,↗,★,↗,1.0,0617_B,0.0,-,"×××印度PB1.0:[3.2, 3.0, '↗', '★', '↗', 1.0, '0617_B', 0.0, '-']"
2026-06-22,6,broad,×××,中证A500,中证A500,159338.SZ,1.0,,1.3,2.6,-,●,↗,1.2,0602_S,-1.4,-,"×××中证A500PB1.0:[1.3, 2.6, '-', '●', '↗', 1.2, '0602_S', -1.4, '-']"
2026-06-22,7,broad,×××,德国,德国,513030.SH,1.0,,-0.0,-0.6,-,●,↗,0.7,0528_S,2.4,-,"×××德国PB1.0:[-0.0, -0.6, '-', '●', '↗', 0.7, '0528_S', 2.4, '-']"
2026-06-22,8,broad,×××,沙特,沙特,520830.SH,0.99,,-0.3,0.3,-,●,↗,0.8,0427_S,1.7,-,"×××沙特PB0.99:[-0.3, 0.3, '-', '●', '↗', 0.8, '0427_S', 1.7, '-']"
2026-06-22,9,broad,×××,中证2000,中证2000,563300.SH,1.0,,-0.6,3.2,-,●,↗,1.6,0601_S,-4.6,-,"×××中证2000PB1.0:[-0.6, 3.2, '-', '●', '↗', 1.6, '0601_S', -4.6, '-']"
2026-06-22,10,broad,×××,可转债,可转债,511380.SH,1.0,_X,-1.4,0.3,-,●,↗,1.1,0521_S,0.5,-,"×××可转债PB1.0_X:[-1.4, 0.3, '-', '●', '↗', 1.1, '0521_S', 0.5, '-']"
2026-06-22,11,broad,×××,红利低波,红利低波,512890.SH,1.0,★,-4.6,-3.8,↘,●,↘,1.1,0323_S,5.3,-,"×××红利低波PB1.0★:[-4.6, -3.8, '↘', '●', '↘', 1.1, '0323_S', 5.3, '-']"
2026-06-22,12,broad,×××,豆粕,豆粕,159985.SZ,1.02,_X★,-5.5,-1.6,↘,●,↗,1.5,0518_S,5.6,-,"×××豆粕PB1.02_X★:[-5.5, -1.6, '↘', '●', '↗', 1.5, '0518_S', 5.6, '-']"
2026-06-22,13,broad,×××,黄金,黄金,518880.SH,1.0,★,-7.3,-2.4,↘,●,↗,1.4,0309_S,18.7,-,"×××黄金PB1.0★:[-7.3, -2.4, '↘', '●', '↗', 1.4, '0309_S', 18.7, '-']"
2026-06-22,14,broad,×××,华宝油气,华宝油气,162411.SZ,0.99,★,-10.3,-6.2,↘,●,↘,1.5,0525_S,7.4,-,"×××华宝油气PB0.99★:[-10.3, -6.2, '↘', '●', '↘', 1.5, '0525_S', 7.4, '-']"
2026-06-22,15,broad,×××,中概互联网,中概互联网,513050.SH,0.99,★,-13.4,-7.0,↘,●,↘,1.0,0512_S,14.6,-,"×××中概互联网PB0.99★:[-13.4, -7.0, '↘', '●', '↘', 1.0, '0512_S', 14.6, '-']"
2026-06-18,1,broad,√√√,日经225,日经225,513520.SH,1.05,,16.5,6.7,↗,★,↗,1.5,0415_B,20.7,-,"√√√日经225PB1.05:[16.5, 6.7, '↗', '★', '↗', 1.5, '0415_B', 20.7, '-']"
2026-06-18,2,broad,√√√,纳指,纳指,513100.SH,1.08,,9.4,3.1,↗,-,↗,2.2,0415_B,20.3,-,"√√√纳指PB1.08:[9.4, 3.1, '↗', '-', '↗', 2.2, '0415_B', 20.3, '-']"
2026-06-18,3,broad,×××,创业板50,创业板50,159949.SZ,1.0,,6.9,4.0,↗,★,↗,1.8,0616_B,0.0,-,"×××创业板50PB1.0:[6.9, 4.0, '↗', '★', '↗', 1.8, '0616_B', 0.0, '-']"
2026-06-18,4,broad,×××,科创50,科创50,588000.SH,1.0,,6.0,5.7,↗,★,↗,1.8,0617_S,,0618_B,"×××科创50PB1.0:[6.0, 5.7, '↗', '★', '↗', 1.8, '0617_S', '-', '0618_B']"
2026-06-18,5,broad,×××,印度,印度,164824.SZ,0.99,,2.6,2.9,↗,★,↗,1.0,0617_B,,-,"×××印度PB0.99:[2.6, 2.9, '↗', '★', '↗', 1.0, '0617_B', '-', '-']"
2026-06-18,6,broad,×××,中证A500,中证A500,159338.SZ,1.0,,0.6,2.0,-,●,↗,1.2,0602_S,-0.7,-,"×××中证A500PB1.0:[0.6, 2.0, '-', '●', '↗', 1.2, '0602_S', -0.7, '-']"
2026-06-18,7,broad,×××,德国,德国,513030.SH,1.01,,-0.0,-0.4,-,●,↗,0.7,0528_S,2.2,-,"×××德国PB1.01:[-0.0, -0.4, '-', '●', '↗', 0.7, '0528_S', 2.2, '-']"
2026-06-18,8,broad,×××,沙特,沙特,520830.SH,1.0,,-0.1,0.5,-,●,↗,0.8,0427_S,1.5,-,"×××沙特PB1.0:[-0.1, 0.5, '-', '●', '↗', 0.8, '0427_S', 1.5, '-']"
2026-06-18,9,broad,×××,可转债,可转债,511380.SH,1.0,_X,-1.0,0.9,-,●,↗,1.1,0521_S,-0.2,-,"×××可转债PB1.0_X:[-1.0, 0.9, '-', '●', '↗', 1.1, '0521_S', -0.2, '-']"
2026-06-18,10,broad,×××,中证2000,中证2000,563300.SH,1.0,,-1.4,2.6,-,●,↗,1.6,0601_S,-3.9,-,"×××中证2000PB1.0:[-1.4, 2.6, '-', '●', '↗', 1.6, '0601_S', -3.9, '-']"
2026-06-18,11,broad,×××,红利低波,红利低波,512890.SH,1.0,★,-2.6,-1.8,↘,●,↘,1.1,0323_S,3.2,-,"×××红利低波PB1.0★:[-2.6, -1.8, '↘', '●', '↘', 1.1, '0323_S', 3.2, '-']"
2026-06-18,12,broad,×××,豆粕,豆粕,159985.SZ,1.03,_X,-4.6,-0.6,↘,●,↗,1.5,0518_S,4.4,-,"×××豆粕PB1.03_X:[-4.6, -0.6, '↘', '●', '↗', 1.5, '0518_S', 4.4, '-']"
2026-06-18,13,broad,×××,黄金,黄金,518880.SH,1.0,,-7.2,-2.1,↘,●,↗,1.4,0309_S,18.3,-,"×××黄金PB1.0:[-7.2, -2.1, '↘', '●', '↗', 1.4, '0309_S', 18.3, '-']"
2026-06-18,14,broad,×××,华宝油气,华宝油气,162411.SZ,1.01,★,-9.6,-6.4,↘,●,↘,1.5,0525_S,7.1,-,"×××华宝油气PB1.01★:[-9.6, -6.4, '↘', '●', '↘', 1.5, '0525_S', 7.1, '-']"
2026-06-18,15,broad,×××,中概互联网,中概互联网,513050.SH,0.99,★,-11.9,-5.3,↘,●,↘,1.0,0512_S,12.5,-,"×××中概互联网PB0.99★:[-11.9, -5.3, '↘', '●', '↘', 1.0, '0512_S', 12.5, '-']"
2026-06-17,1,broad,√√√,日经225,日经225,513520.SH,1.04,,15.7,7.6,↗,★,↗,1.5,0415_B,20.5,-,"√√√日经225PB1.04:[15.7, 7.6, '↗', '★', '↗', 1.5, '0415_B', 20.5, '-']"
2026-06-17,2,broad,√√√,纳指,纳指,513100.SH,1.06,,9.2,3.2,↗,-,↗,2.2,0415_B,19.8,-,"√√√纳指PB1.06:[9.2, 3.2, '↗', '-', '↗', 2.2, '0415_B', 19.8, '-']"
2026-06-17,3,broad,×××,创业板50,创业板50,159949.SZ,1.0,,5.5,3.0,↗,★,↗,1.7,0616_B,,-,"×××创业板50PB1.0:[5.5, 3.0, '↗', '★', '↗', 1.7, '0616_B', '-', '-']"
2026-06-17,4,broad,×××,印度,印度,164824.SZ,0.98,,2.1,3.0,↗,★,↗,1.0,0513_S,-2.1,0617_B,"×××印度PB0.98:[2.1, 3.0, '↗', '★', '↗', 1.0, '0513_S', -2.1, '0617_B']"
2026-06-17,5,broad,×××,科创50,科创50,588000.SH,1.0,,2.0,1.1,-,●,↗,1.8,0616_B,,0617_S,"×××科创50PB1.0:[2.0, 1.1, '-', '●', '↗', 1.8, '0616_B', '-', '0617_S']"
2026-06-17,6,broad,×××,沙特,沙特,520830.SH,1.0,,-0.2,0.4,-,●,↗,0.8,0427_S,1.6,-,"×××沙特PB1.0:[-0.2, 0.4, '-', '●', '↗', 0.8, '0427_S', 1.6, '-']"
2026-06-17,7,broad,×××,德国,德国,513030.SH,0.99,,-0.6,-0.4,-,●,↗,0.7,0528_S,2.2,-,"×××德国PB0.99:[-0.6, -0.4, '-', '●', '↗', 0.7, '0528_S', 2.2, '-']"
2026-06-17,8,broad,×××,可转债,可转债,511380.SH,1.0,_X,-0.9,1.3,-,●,↗,1.1,0521_S,-0.6,-,"×××可转债PB1.0_X:[-0.9, 1.3, '-', '●', '↗', 1.1, '0521_S', -0.6, '-']"
2026-06-17,9,broad,×××,中证A500,中证A500,159338.SZ,1.0,,-1.0,0.7,-,●,↗,1.2,0602_S,0.6,-,"×××中证A500PB1.0:[-1.0, 0.7, '-', '●', '↗', 1.2, '0602_S', 0.6, '-']"
2026-06-17,10,broad,×××,中证2000,中证2000,563300.SH,1.0,,-1.9,2.2,-,●,↗,1.6,0601_S,-3.6,-,"×××中证2000PB1.0:[-1.9, 2.2, '-', '●', '↗', 1.6, '0601_S', -3.6, '-']"
2026-06-17,11,broad,×××,红利低波,红利低波,512890.SH,1.0,★,-2.3,-1.5,↘,●,↘,1.1,0323_S,2.8,-,"×××红利低波PB1.0★:[-2.3, -1.5, '↘', '●', '↘', 1.1, '0323_S', 2.8, '-']"
2026-06-17,12,broad,×××,豆粕,豆粕,159985.SZ,1.03,_X★,-5.4,-1.4,↘,●,↗,1.5,0518_S,5.0,-,"×××豆粕PB1.03_X★:[-5.4, -1.4, '↘', '●', '↗', 1.5, '0518_S', 5.0, '-']"
2026-06-17,13,broad,×××,黄金,黄金,518880.SH,1.0,★,-7.7,-2.5,↘,●,↗,1.4,0309_S,18.4,-,"×××黄金PB1.0★:[-7.7, -2.5, '↘', '●', '↗', 1.4, '0309_S', 18.4, '-']"
2026-06-17,14,broad,×××,华宝油气,华宝油气,162411.SZ,0.99,★,-8.0,-5.7,↘,●,↘,1.5,0525_S,5.7,-,"×××华宝油气PB0.99★:[-8.0, -5.7, '↘', '●', '↘', 1.5, '0525_S', 5.7, '-']"
2026-06-17,15,broad,×××,中概互联网,中概互联网,513050.SH,0.98,★,-12.2,-5.5,↘,●,↘,1.0,0512_S,12.2,-,"×××中概互联网PB0.98★:[-12.2, -5.5, '↘', '●', '↘', 1.0, '0512_S', 12.2, '-']"
2026-06-16,1,broad,√√√,日经225,日经225,513520.SH,1.05,,13.9,7.2,↗,-,↗,1.5,0415_B,19.1,-,"√√√日经225PB1.05:[13.9, 7.2, '↗', '-', '↗', 1.5, '0415_B', 19.1, '-']"
2026-06-16,2,broad,√√√,纳指,纳指,513100.SH,1.05,,8.4,2.9,↗,★,↘,2.2,0415_B,18.8,-,"√√√纳指PB1.05:[8.4, 2.9, '↗', '★', '↘', 2.2, '0415_B', 18.8, '-']"
2026-06-16,3,broad,×××,创业板50,创业板50,159949.SZ,1.0,,4.4,1.7,↗,-,↘,1.7,0612_S,-0.0,0616_B,"×××创业板50PB1.0:[4.4, 1.7, '↗', '-', '↘', 1.7, '0612_S', -0.0, '0616_B']"
2026-06-16,4,broad,×××,科创50,科创50,588000.SH,1.0,,2.4,0.5,↗,-,↘,1.7,0609_S,-5.7,0616_B,"×××科创50PB1.0:[2.4, 0.5, '↗', '-', '↘', 1.7, '0609_S', -5.7, '0616_B']"
2026-06-16,5,broad,×××,印度,印度,164824.SZ,0.99,,0.5,1.9,-,●,↗,1.0,0513_S,-0.9,-,"×××印度PB0.99:[0.5, 1.9, '-', '●', '↗', 1.0, '0513_S', -0.9, '-']"
2026-06-16,6,broad,×××,德国,德国,513030.SH,1.0,,0.2,0.8,-,●,↗,0.7,0528_S,1.1,-,"×××德国PB1.0:[0.2, 0.8, '-', '●', '↗', 0.7, '0528_S', 1.1, '-']"
2026-06-16,7,broad,×××,沙特,沙特,520830.SH,0.99,,0.1,0.7,-,●,↗,0.8,0427_S,1.3,-,"×××沙特PB0.99:[0.1, 0.7, '-', '●', '↗', 0.8, '0427_S', 1.3, '-']"
2026-06-16,8,broad,×××,红利低波,红利低波,512890.SH,1.0,,-1.1,-0.2,-,●,↗,1.1,0323_S,1.4,-,"×××红利低波PB1.0:[-1.1, -0.2, '-', '●', '↗', 1.1, '0323_S', 1.4, '-']"
2026-06-16,9,broad,×××,中证A500,中证A500,159338.SZ,1.0,,-1.2,0.5,-,●,↗,1.2,0602_S,0.8,-,"×××中证A500PB1.0:[-1.2, 0.5, '-', '●', '↗', 1.2, '0602_S', 0.8, '-']"
2026-06-16,10,broad,×××,可转债,可转债,511380.SH,1.0,_X,-1.4,0.8,-,●,↗,1.1,0521_S,-0.2,-,"×××可转债PB1.0_X:[-1.4, 0.8, '-', '●', '↗', 1.1, '0521_S', -0.2, '-']"
2026-06-16,11,broad,×××,中证2000,中证2000,563300.SH,1.0,,-3.0,0.6,-,●,↘,1.6,0601_S,-2.1,-,"×××中证2000PB1.0:[-3.0, 0.6, '-', '●', '↘', 1.6, '0601_S', -2.1, '-']"
2026-06-16,12,broad,×××,豆粕,豆粕,159985.SZ,1.03,_X★,-5.6,-1.6,↘,●,↗,1.5,0518_S,4.9,-,"×××豆粕PB1.03_X★:[-5.6, -1.6, '↘', '●', '↗', 1.5, '0518_S', 4.9, '-']"
2026-06-16,13,broad,×××,华宝油气,华宝油气,162411.SZ,1.02,★,-6.2,-4.4,↘,●,↘,1.5,0525_S,3.9,-,"×××华宝油气PB1.02★:[-6.2, -4.4, '↘', '●', '↘', 1.5, '0525_S', 3.9, '-']"
2026-06-16,14,broad,×××,黄金,黄金,518880.SH,1.0,★,-8.3,-3.0,↘,●,↘,1.4,0309_S,18.6,-,"×××黄金PB1.0★:[-8.3, -3.0, '↘', '●', '↘', 1.4, '0309_S', 18.6, '-']"
2026-06-16,15,broad,×××,中概互联网,中概互联网,513050.SH,0.99,★,-10.1,-3.8,↘,●,↘,1.0,0512_S,10.0,-,"×××中概互联网PB0.99★:[-10.1, -3.8, '↘', '●', '↘', 1.0, '0512_S', 10.0, '-']"
2026-06-15,1,broad,√√√,日经225,日经225,513520.SH,1.05,,8.0,2.3,↗,★,↘,1.4,0415_B,12.8,-,"√√√日经225PB1.05:[8.0, 2.3, '↗', '★', '↘', 1.4, '0415_B', 12.8, '-']"
2026-06-15,2,broad,√√√,纳指,纳指,513100.SH,1.09,,3.8,-1.5,-,-,↘,2.2,0415_B,13.2,-,"√√√纳指PB1.09:[3.8, -1.5, '-', '-', '↘', 2.2, '0415_B', 13.2, '-']"
2026-06-15,3,broad,×××,红利低波,红利低波,512890.SH,1.0,,-0.3,0.7,-,●,↗,1.0,0323_S,0.5,-,"×××红利低波PB1.0:[-0.3, 0.7, '-', '●', '↗', 1.0, '0323_S', 0.5, '-']"
2026-06-15,4,broad,×××,创业板50,创业板50,159949.SZ,1.0,,-0.4,-3.4,-,●,↘,1.7,0612_S,,-,"×××创业板50PB1.0:[-0.4, -3.4, '-', '●', '↘', 1.7, '0612_S', '-', '-']"
2026-06-15,5,broad,×××,沙特,沙特,520830.SH,0.99,,-0.5,0.5,-,●,↗,0.8,0427_S,1.6,-,"×××沙特PB0.99:[-0.5, 0.5, '-', '●', '↗', 0.8, '0427_S', 1.6, '-']"
2026-06-15,6,broad,×××,科创50,科创50,588000.SH,1.0,,-1.3,-4.2,-,●,↘,1.8,0609_S,-0.7,-,"×××科创50PB1.0:[-1.3, -4.2, '-', '●', '↘', 1.8, '0609_S', -0.7, '-']"
2026-06-15,7,broad,×××,印度,印度,164824.SZ,1.0,,-2.4,-0.6,↘,●,↗,1.0,0513_S,1.8,-,"×××印度PB1.0:[-2.4, -0.6, '↘', '●', '↗', 1.0, '0513_S', 1.8, '-']"
2026-06-15,8,broad,×××,德国,德国,513030.SH,1.01,,-2.9,-1.9,↘,●,↘,0.7,0528_S,4.0,-,"×××德国PB1.01:[-2.9, -1.9, '↘', '●', '↘', 0.7, '0528_S', 4.0, '-']"
2026-06-15,9,broad,×××,可转债,可转债,511380.SH,1.0,_X,-3.0,-0.8,↘,●,↗,1.1,0521_S,1.4,-,"×××可转债PB1.0_X:[-3.0, -0.8, '↘', '●', '↗', 1.1, '0521_S', 1.4, '-']"
2026-06-15,10,broad,×××,中证A500,中证A500,159338.SZ,1.0,,-3.3,-1.8,↘,●,↘,1.2,0602_S,3.1,-,"×××中证A500PB1.0:[-3.3, -1.8, '↘', '●', '↘', 1.2, '0602_S', 3.1, '-']"
2026-06-15,11,broad,×××,华宝油气,华宝油气,162411.SZ,0.97,★,-4.4,-2.9,↘,●,↘,1.5,0525_S,1.9,-,"×××华宝油气PB0.97★:[-4.4, -2.9, '↘', '●', '↘', 1.5, '0525_S', 1.9, '-']"
2026-06-15,12,broad,×××,豆粕,豆粕,159985.SZ,1.03,_X★,-5.8,-1.7,↘,●,↗,1.5,0518_S,4.9,-,"×××豆粕PB1.03_X★:[-5.8, -1.7, '↘', '●', '↗', 1.5, '0518_S', 4.9, '-']"
2026-06-15,13,broad,×××,中证2000,中证2000,563300.SH,1.0,,-6.2,-3.3,↘,●,↘,1.6,0601_S,1.7,-,"×××中证2000PB1.0:[-6.2, -3.3, '↘', '●', '↘', 1.6, '0601_S', 1.7, '-']"
2026-06-15,14,broad,×××,中概互联网,中概互联网,513050.SH,0.99,★,-10.3,-4.5,↘,●,↘,1.0,0512_S,10.4,-,"×××中概互联网PB0.99★:[-10.3, -4.5, '↘', '●', '↘', 1.0, '0512_S', 10.4, '-']"
2026-06-15,15,broad,×××,黄金,黄金,518880.SH,1.0,★,-11.3,-6.2,↘,●,↘,1.4,0309_S,21.1,-,"×××黄金PB1.0★:[-11.3, -6.2, '↘', '●', '↘', 1.4, '0309_S', 21.1, '-']"
2026-06-12,1,broad,√√√,日经225,日经225,513520.SH,1.07,,6.3,1.1,↗,-,↘,1.4,0415_B,10.8,-,"√√√日经225PB1.07:[6.3, 1.1, '↗', '-', '↘', 1.4, '0415_B', 10.8, '-']"
2026-06-12,2,broad,√√√,纳指,纳指,513100.SH,1.1,,2.8,-2.8,-,-,↘,2.2,0415_B,11.6,-,"√√√纳指PB1.1:[2.8, -2.8, '-', '-', '↘', 2.2, '0415_B', 11.6, '-']"
2026-06-12,3,broad,×××,科创50,科创50,588000.SH,1.0,,-0.0,-4.3,-,●,↘,1.7,0609_S,-0.7,-,"×××科创50PB1.0:[-0.0, -4.3, '-', '●', '↘', 1.7, '0609_S', -0.7, '-']"
2026-06-12,4,broad,×××,创业板50,创业板50,159949.SZ,1.0,,-0.2,-3.8,-,●,↘,1.7,0409_B,13.0,0612_S,"×××创业板50PB1.0:[-0.2, -3.8, '-', '●', '↘', 1.7, '0409_B', 13.0, '0612_S']"
2026-06-12,5,broad,×××,红利低波,红利低波,512890.SH,1.0,,-1.5,-0.1,-,●,↗,1.0,0323_S,1.4,-,"×××红利低波PB1.0:[-1.5, -0.1, '-', '●', '↗', 1.0, '0323_S', 1.4, '-']"
2026-06-12,6,broad,×××,沙特,沙特,520830.SH,0.98,,-1.8,-0.6,-,●,↗,0.8,0427_S,2.7,-,"×××沙特PB0.98:[-1.8, -0.6, '-', '●', '↗', 0.8, '0427_S', 2.7, '-']"
2026-06-12,7,broad,×××,华宝油气,华宝油气,162411.SZ,1.01,,-1.8,-0.8,-,●,↘,1.5,0525_S,-0.5,-,"×××华宝油气PB1.01:[-1.8, -0.8, '-', '●', '↘', 1.5, '0525_S', -0.5, '-']"
2026-06-12,8,broad,×××,印度,印度,164824.SZ,0.99,,-3.4,-1.3,↘,●,↗,1.0,0513_S,2.4,-,"×××印度PB0.99:[-3.4, -1.3, '↘', '●', '↗', 1.0, '0513_S', 2.4, '-']"
2026-06-12,9,broad,×××,可转债,可转债,511380.SH,1.0,_X,-3.9,-1.7,↘,●,↘,1.1,0521_S,2.3,-,"×××可转债PB1.0_X:[-3.9, -1.7, '↘', '●', '↘', 1.1, '0521_S', 2.3, '-']"
2026-06-12,10,broad,×××,中证A500,中证A500,159338.SZ,1.0,,-4.4,-3.2,↘,●,↘,1.2,0602_S,4.4,-,"×××中证A500PB1.0:[-4.4, -3.2, '↘', '●', '↘', 1.2, '0602_S', 4.4, '-']"
2026-06-12,11,broad,×××,德国,德国,513030.SH,1.01,,-4.4,-3.2,↘,●,↘,0.7,0528_S,5.2,-,"×××德国PB1.01:[-4.4, -3.2, '↘', '●', '↘', 0.7, '0528_S', 5.2, '-']"
2026-06-12,12,broad,×××,豆粕,豆粕,159985.SZ,1.02,_X★,-5.9,-1.8,↘,●,↗,1.5,0518_S,4.8,-,"×××豆粕PB1.02_X★:[-5.9, -1.8, '↘', '●', '↗', 1.5, '0518_S', 4.8, '-']"
2026-06-12,13,broad,×××,中证2000,中证2000,563300.SH,1.0,,-6.5,-4.4,↘,●,↘,1.6,0601_S,2.6,-,"×××中证2000PB1.0:[-6.5, -4.4, '↘', '●', '↘', 1.6, '0601_S', 2.6, '-']"
2026-06-12,14,broad,×××,中概互联网,中概互联网,513050.SH,1.0,★,-11.1,-5.7,↘,●,↘,1.0,0512_S,11.0,-,"×××中概互联网PB1.0★:[-11.1, -5.7, '↘', '●', '↘', 1.0, '0512_S', 11.0, '-']"
2026-06-12,15,broad,×××,黄金,黄金,518880.SH,1.0,★,-12.8,-8.3,↘,●,↘,1.4,0309_S,22.4,-,"×××黄金PB1.0★:[-12.8, -8.3, '↘', '●', '↘', 1.4, '0309_S', 22.4, '-']"
2026-06-11,1,broad,√√√,日经225,日经225,513520.SH,1.04,,6.2,0.9,↗,★,↘,1.4,0415_B,10.4,-,"√√√日经225PB1.04:[6.2, 0.9, '↗', '★', '↘', 1.4, '0415_B', 10.4, '-']"
2026-06-11,2,broad,√√√,纳指,纳指,513100.SH,1.04,,4.1,-2.2,-,-,↘,2.2,0415_B,12.3,-,"√√√纳指PB1.04:[4.1, -2.2, '-', '-', '↘', 2.2, '0415_B', 12.3, '-']"
2026-06-11,3,broad,×××,创业板50,创业板50,159949.SZ,1.0,,2.1,-2.7,-,-,↘,1.7,0409_B,14.4,-,"×××创业板50PB1.0:[2.1, -2.7, '-', '-', '↘', 1.7, '0409_B', 14.4, '-']"
2026-06-11,4,broad,×××,科创50,科创50,588000.SH,1.0,,0.6,-5.1,-,●,↘,1.8,0609_S,-0.0,-,"×××科创50PB1.0:[0.6, -5.1, '-', '●', '↘', 1.8, '0609_S', -0.0, '-']"
2026-06-11,5,broad,×××,红利低波,红利低波,512890.SH,1.0,,-0.8,0.7,-,●,↗,1.0,0323_S,0.5,-,"×××红利低波PB1.0:[-0.8, 0.7, '-', '●', '↗', 1.0, '0323_S', 0.5, '-']"
2026-06-11,6,broad,×××,沙特,沙特,520830.SH,0.99,,-1.8,-0.5,-,●,↗,0.8,0427_S,2.5,-,"×××沙特PB0.99:[-1.8, -0.5, '-', '●', '↗', 0.8, '0427_S', 2.5, '-']"
2026-06-11,7,broad,×××,印度,印度,164824.SZ,0.99,,-2.4,-0.1,↘,●,↗,1.0,0513_S,1.1,-,"×××印度PB0.99:[-2.4, -0.1, '↘', '●', '↗', 1.0, '0513_S', 1.1, '-']"
2026-06-11,8,broad,×××,德国,德国,513030.SH,0.99,,-3.5,-2.4,↘,●,↘,0.7,0528_S,4.2,-,"×××德国PB0.99:[-3.5, -2.4, '↘', '●', '↘', 0.7, '0528_S', 4.2, '-']"
2026-06-11,9,broad,×××,中证A500,中证A500,159338.SZ,1.0,,-3.6,-2.9,↘,●,↘,1.2,0602_S,3.9,-,"×××中证A500PB1.0:[-3.6, -2.9, '↘', '●', '↘', 1.2, '0602_S', 3.9, '-']"
2026-06-11,10,broad,×××,可转债,可转债,511380.SH,1.0,_X,-4.3,-2.1,↘,●,↘,1.1,0521_S,2.6,-,"×××可转债PB1.0_X:[-4.3, -2.1, '↘', '●', '↘', 1.1, '0521_S', 2.6, '-']"
2026-06-11,11,broad,×××,华宝油气,华宝油气,162411.SZ,1.03,★,-4.6,-3.4,↘,●,↘,1.5,0525_S,2.3,-,"×××华宝油气PB1.03★:[-4.6, -3.4, '↘', '●', '↘', 1.5, '0525_S', 2.3, '-']"
2026-06-11,12,broad,×××,中证2000,中证2000,563300.SH,1.0,,-5.3,-4.1,↘,●,↘,1.6,0601_S,1.9,-,"×××中证2000PB1.0:[-5.3, -4.1, '↘', '●', '↘', 1.6, '0601_S', 1.9, '-']"
2026-06-11,13,broad,×××,豆粕,豆粕,159985.SZ,1.02,_X★,-6.9,-2.8,↘,●,↘,1.5,0518_S,5.5,-,"×××豆粕PB1.02_X★:[-6.9, -2.8, '↘', '●', '↘', 1.5, '0518_S', 5.5, '-']"
2026-06-11,14,broad,×××,中概互联网,中概互联网,513050.SH,0.99,★,-8.7,-3.8,↘,●,↘,1.0,0512_S,8.7,-,"×××中概互联网PB0.99★:[-8.7, -3.8, '↘', '●', '↘', 1.0, '0512_S', 8.7, '-']"
2026-06-11,15,broad,×××,黄金,黄金,518880.SH,1.0,★,-10.7,-6.5,↘,●,↘,1.4,0309_S,20.3,-,"×××黄金PB1.0★:[-10.7, -6.5, '↘', '●', '↘', 1.4, '0309_S', 20.3, '-']"
2026-06-09,1,broad,√√√,日经225,日经225,513520.SH,1.06,,6.6,0.9,↗,-,↘,1.4,0415_B,9.7,-,"√√√日经225PB1.06:[6.6, 0.9, '↗', '-', '↘', 1.4, '0415_B', 9.7, '-']"
2026-06-09,2,broad,√√√,纳指,纳指,513100.SH,1.08,,5.0,-2.9,-,-,↘,2.2,0415_B,11.1,-,"√√√纳指PB1.08:[5.0, -2.9, '-', '-', '↘', 2.2, '0415_B', 11.1, '-']"
2026-06-09,3,broad,×××,创业板50,创业板50,159949.SZ,1.0,,2.9,-3.8,-,-,↘,1.8,0409_B,13.2,-,"×××创业板50PB1.0:[2.9, -3.8, '-', '-', '↘', 1.8, '0409_B', 13.2, '-']"
2026-06-09,4,broad,×××,华宝油气,华宝油气,162411.SZ,0.99,,1.3,2.5,-,●,↗,1.5,0525_S,-4.0,-,"×××华宝油气PB0.99:[1.3, 2.5, '-', '●', '↗', 1.5, '0525_S', -4.0, '-']"
2026-06-09,5,broad,×××,科创50,科创50,588000.SH,1.0,,0.3,-8.9,-,●,↘,1.8,0417_B,10.2,0609_S,"×××科创50PB1.0:[0.3, -8.9, '-', '●', '↘', 1.8, '0417_B', 10.2, '0609_S']"
2026-06-09,6,broad,×××,红利低波,红利低波,512890.SH,1.0,,-1.7,0.0,-,●,↘,1.0,0323_S,1.1,-,"×××红利低波PB1.0:[-1.7, 0.0, '-', '●', '↘', 1.0, '0323_S', 1.1, '-']"
2026-06-09,7,broad,×××,沙特,沙特,520830.SH,0.99,★,-2.7,-1.4,↘,●,↗,0.8,0427_S,3.2,-,"×××沙特PB0.99★:[-2.7, -1.4, '↘', '●', '↗', 0.8, '0427_S', 3.2, '-']"
2026-06-09,8,broad,×××,中证A500,中证A500,159338.SZ,1.0,,-3.6,-4.3,↘,●,↘,1.2,0602_S,4.8,-,"×××中证A500PB1.0:[-3.6, -4.3, '↘', '●', '↘', 1.2, '0602_S', 4.8, '-']"
2026-06-09,9,broad,×××,德国,德国,513030.SH,0.99,,-3.7,-2.8,↘,●,↘,0.7,0528_S,4.4,-,"×××德国PB0.99:[-3.7, -2.8, '↘', '●', '↘', 0.7, '0528_S', 4.4, '-']"
2026-06-09,10,broad,×××,可转债,可转债,511380.SH,1.0,_X,-3.8,-2.2,↘,●,↘,1.1,0521_S,2.2,-,"×××可转债PB1.0_X:[-3.8, -2.2, '↘', '●', '↘', 1.1, '0521_S', 2.2, '-']"
2026-06-09,11,broad,×××,印度,印度,164824.SZ,0.99,,-4.0,-1.5,↘,●,↗,1.0,0513_S,2.3,-,"×××印度PB0.99:[-4.0, -1.5, '↘', '●', '↗', 1.0, '0513_S', 2.3, '-']"
2026-06-09,12,broad,×××,中证2000,中证2000,563300.SH,1.0,,-4.6,-5.4,↘,●,↘,1.6,0601_S,2.5,-,"×××中证2000PB1.0:[-4.6, -5.4, '↘', '●', '↘', 1.6, '0601_S', 2.5, '-']"
2026-06-09,13,broad,×××,豆粕,豆粕,159985.SZ,1.03,_X★,-7.5,-4.2,↘,●,↘,1.5,0518_S,6.2,-,"×××豆粕PB1.03_X★:[-7.5, -4.2, '↘', '●', '↘', 1.5, '0518_S', 6.2, '-']"
2026-06-09,14,broad,×××,黄金,黄金,518880.SH,1.0,★,-8.6,-5.1,↘,●,↘,1.4,0309_S,18.3,-,"×××黄金PB1.0★:[-8.6, -5.1, '↘', '●', '↘', 1.4, '0309_S', 18.3, '-']"
2026-06-09,15,broad,×××,中概互联网,中概互联网,513050.SH,0.99,★,-9.0,-5.1,↘,●,↘,1.0,0512_S,9.1,-,"×××中概互联网PB0.99★:[-9.0, -5.1, '↘', '●', '↘', 1.0, '0512_S', 9.1, '-']"
2026-06-08,1,broad,√√√,日经225,日经225,513520.SH,1.05,,11.9,5.5,↗,-,↘,1.4,0415_B,14.5,-,"√√√日经225PB1.05:[11.9, 5.5, '↗', '-', '↘', 1.4, '0415_B', 14.5, '-']"
2026-06-08,2,broad,√√√,纳指,纳指,513100.SH,1.09,,10.9,1.5,↗,-,↘,2.3,0415_B,16.2,-,"√√√纳指PB1.09:[10.9, 1.5, '↗', '-', '↘', 2.3, '0415_B', 16.2, '-']"
2026-06-08,3,broad,×××,创业板50,创业板50,159949.SZ,1.0,,7.7,-0.0,-,-,↘,1.8,0409_B,17.8,-,"×××创业板50PB1.0:[7.7, -0.0, '-', '-', '↘', 1.8, '0409_B', 17.8, '-']"
2026-06-08,4,broad,×××,科创50,科创50,588000.SH,1.0,,7.0,-4.9,-,-,↘,1.8,0417_B,15.5,-,"×××科创50PB1.0:[7.0, -4.9, '-', '-', '↘', 1.8, '0417_B', 15.5, '-']"
2026-06-08,5,broad,×××,中证A500,中证A500,159338.SZ,1.0,,-0.6,-2.1,-,●,↘,1.2,0602_S,2.2,-,"×××中证A500PB1.0:[-0.6, -2.1, '-', '●', '↘', 1.2, '0602_S', 2.2, '-']"
2026-06-08,6,broad,×××,中证2000,中证2000,563300.SH,1.0,,-0.7,-2.6,-,●,↘,1.6,0601_S,-0.8,-,"×××中证2000PB1.0:[-0.7, -2.6, '-', '●', '↘', 1.6, '0601_S', -0.8, '-']"
2026-06-08,7,broad,×××,德国,德国,513030.SH,1.01,,-1.0,-0.4,-,●,↘,0.7,0528_S,1.8,-,"×××德国PB1.01:[-1.0, -0.4, '-', '●', '↘', 0.7, '0528_S', 1.8, '-']"
2026-06-08,8,broad,×××,华宝油气,华宝油气,162411.SZ,0.98,,-1.1,0.1,-,●,↗,1.5,0525_S,-1.5,-,"×××华宝油气PB0.98:[-1.1, 0.1, '-', '●', '↗', 1.5, '0525_S', -1.5, '-']"
2026-06-08,9,broad,×××,红利低波,红利低波,512890.SH,1.0,,-2.4,-0.5,↘,●,↘,1.0,0323_S,1.6,-,"×××红利低波PB1.0:[-2.4, -0.5, '↘', '●', '↘', 1.0, '0323_S', 1.6, '-']"
2026-06-08,10,broad,×××,沙特,沙特,520830.SH,1.0,★,-2.5,-1.2,↘,●,↗,0.8,0427_S,2.9,-,"×××沙特PB1.0★:[-2.5, -1.2, '↘', '●', '↗', 0.8, '0427_S', 2.9, '-']"
2026-06-08,11,broad,×××,可转债,可转债,511380.SH,1.0,_X,-2.9,-1.5,↘,●,↘,1.1,0521_S,1.3,-,"×××可转债PB1.0_X:[-2.9, -1.5, '↘', '●', '↘', 1.1, '0521_S', 1.3, '-']"
2026-06-08,12,broad,×××,印度,印度,164824.SZ,0.99,,-3.2,-0.6,↘,●,↗,1.0,0513_S,1.3,-,"×××印度PB0.99:[-3.2, -0.6, '↘', '●', '↗', 1.0, '0513_S', 1.3, '-']"
2026-06-08,13,broad,×××,黄金,黄金,518880.SH,1.0,★,-5.6,-2.4,↘,●,↘,1.4,0309_S,15.6,-,"×××黄金PB1.0★:[-5.6, -2.4, '↘', '●', '↘', 1.4, '0309_S', 15.6, '-']"
2026-06-08,14,broad,×××,中概互联网,中概互联网,513050.SH,0.99,★,-6.5,-2.8,↘,●,↘,1.0,0512_S,6.5,-,"×××中概互联网PB0.99★:[-6.5, -2.8, '↘', '●', '↘', 1.0, '0512_S', 6.5, '-']"
2026-06-08,15,broad,×××,豆粕,豆粕,159985.SZ,1.03,_X★,-6.6,-3.8,↘,●,↘,1.5,0518_S,5.3,-,"×××豆粕PB1.03_X★:[-6.6, -3.8, '↘', '●', '↘', 1.5, '0518_S', 5.3, '-']"
2026-06-05,1,broad,√√√,日经225,日经225,513520.SH,1.06,,16.0,9.1,↗,-,↗,1.5,0415_B,18.0,-,"√√√日经225PB1.06:[16.0, 9.1, '↗', '-', '↗', 1.5, '0415_B', 18.0, '-']"
2026-06-05,2,broad,√√√,纳指,纳指,513100.SH,1.11,,14.4,3.8,↗,-,↘,2.3,0415_B,18.5,-,"√√√纳指PB1.11:[14.4, 3.8, '↗', '-', '↘', 2.3, '0415_B', 18.5, '-']"
2026-06-05,3,broad,×××,科创50,科创50,588000.SH,1.0,,13.1,-1.0,-,-,↘,1.8,0417_B,20.0,-,"×××科创50PB1.0:[13.1, -1.0, '-', '-', '↘', 1.8, '0417_B', 20.0, '-']"
2026-06-05,4,broad,×××,创业板50,创业板50,159949.SZ,1.0,,12.1,3.9,↗,★,↗,1.9,0409_B,22.1,-,"×××创业板50PB1.0:[12.1, 3.9, '↗', '★', '↗', 1.9, '0409_B', 22.1, '-']"
2026-06-05,5,broad,×××,中证A500,中证A500,159338.SZ,1.0,,1.4,-0.6,-,●,↗,1.2,0602_S,0.7,-,"×××中证A500PB1.0:[1.4, -0.6, '-', '●', '↗', 1.2, '0602_S', 0.7, '-']"
2026-06-05,6,broad,×××,中证2000,中证2000,563300.SH,1.0,,-0.3,-3.0,-,●,↘,1.6,0601_S,-0.6,-,"×××中证2000PB1.0:[-0.3, -3.0, '-', '●', '↘', 1.6, '0601_S', -0.6, '-']"
2026-06-05,7,broad,×××,华宝油气,华宝油气,162411.SZ,0.98,,-0.7,0.3,-,●,↗,1.5,0525_S,-1.6,-,"×××华宝油气PB0.98:[-0.7, 0.3, '-', '●', '↗', 1.5, '0525_S', -1.6, '-']"
2026-06-05,8,broad,×××,德国,德国,513030.SH,1.0,,-1.4,-0.8,-,●,↘,0.7,0528_S,2.1,-,"×××德国PB1.0:[-1.4, -0.8, '-', '●', '↘', 0.7, '0528_S', 2.1, '-']"
2026-06-05,9,broad,×××,可转债,可转债,511380.SH,1.0,_X,-2.4,-1.4,↘,●,↘,1.1,0521_S,0.9,-,"×××可转债PB1.0_X:[-2.4, -1.4, '↘', '●', '↘', 1.1, '0521_S', 0.9, '-']"
2026-06-05,10,broad,×××,红利低波,红利低波,512890.SH,1.0,,-2.6,-0.7,↘,●,↘,1.0,0323_S,1.7,-,"×××红利低波PB1.0:[-2.6, -0.7, '↘', '●', '↘', 1.0, '0323_S', 1.7, '-']"
2026-06-05,11,broad,×××,沙特,沙特,520830.SH,0.99,★,-2.7,-1.3,↘,●,↗,0.8,0427_S,2.9,-,"×××沙特PB0.99★:[-2.7, -1.3, '↘', '●', '↗', 0.8, '0427_S', 2.9, '-']"
2026-06-05,12,broad,×××,印度,印度,164824.SZ,0.99,,-3.7,-1.1,↘,●,↘,1.0,0513_S,1.6,-,"×××印度PB0.99:[-3.7, -1.1, '↘', '●', '↘', 1.0, '0513_S', 1.6, '-']"
2026-06-05,13,broad,×××,黄金,黄金,518880.SH,1.0,★,-5.4,-2.2,↘,●,↘,1.4,0309_S,15.2,-,"×××黄金PB1.0★:[-5.4, -2.2, '↘', '●', '↘', 1.4, '0309_S', 15.2, '-']"
2026-06-05,14,broad,×××,豆粕,豆粕,159985.SZ,1.03,_X★,-5.7,-3.1,↘,●,↘,1.5,0518_S,4.4,-,"×××豆粕PB1.03_X★:[-5.7, -3.1, '↘', '●', '↘', 1.5, '0518_S', 4.4, '-']"
2026-06-05,15,broad,×××,中概互联网,中概互联网,513050.SH,0.98,★,-6.2,-2.8,↘,●,↗,1.0,0512_S,6.0,-,"×××中概互联网PB0.98★:[-6.2, -2.8, '↘', '●', '↗', 1.0, '0512_S', 6.0, '-']"
2026-06-04,1,broad,√√√,纳指,纳指,513100.SH,1.13,,17.8,6.3,↗,-,↗,2.4,0415_B,20.9,-,"√√√纳指PB1.13:[17.8, 6.3, '↗', '-', '↗', 2.4, '0415_B', 20.9, '-']"
2026-06-04,2,broad,×√√,日经225,日经225,513520.SH,1.06,,17.6,10.4,↗,-,↗,1.5,0415_B,18.8,-,"×√√日经225PB1.06:[17.6, 10.4, '↗', '-', '↗', 1.5, '0415_B', 18.8, '-']"
2026-06-04,3,broad,√××,科创50,科创50,588000.SH,1.0,,14.1,-1.4,-,-,↘,1.8,0417_B,19.4,-,"√××科创50PB1.0:[14.1, -1.4, '-', '-', '↘', 1.8, '0417_B', 19.4, '-']"
2026-06-04,4,broad,×××,创业板50,创业板50,159949.SZ,1.0,,13.6,5.3,↗,★,↘,1.9,0409_B,23.3,-,"×××创业板50PB1.0:[13.6, 5.3, '↗', '★', '↘', 1.9, '0409_B', 23.3, '-']"
2026-06-04,5,broad,×××,中证A500,中证A500,159338.SZ,1.0,,2.5,-0.0,-,-,↘,1.2,0602_S,-0.0,-,"×××中证A500PB1.0:[2.5, -0.0, '-', '-', '↘', 1.2, '0602_S', -0.0, '-']"
2026-06-04,6,broad,×××,中证2000,中证2000,563300.SH,1.0,,-0.1,-3.6,-,●,↘,1.6,0601_S,-0.2,-,"×××中证2000PB1.0:[-0.1, -3.6, '-', '●', '↘', 1.6, '0601_S', -0.2, '-']"
2026-06-04,7,broad,×××,德国,德国,513030.SH,1.01,,-0.2,0.2,-,●,↘,0.7,0528_S,0.9,-,"×××德国PB1.01:[-0.2, 0.2, '-', '●', '↘', 0.7, '0528_S', 0.9, '-']"
2026-06-04,8,broad,×××,华宝油气,华宝油气,162411.SZ,0.97,,-0.8,0.0,-,●,↗,1.6,0525_S,-1.3,-,"×××华宝油气PB0.97:[-0.8, 0.0, '-', '●', '↗', 1.6, '0525_S', -1.3, '-']"
2026-06-04,9,broad,×××,红利低波,红利低波,512890.SH,1.0,,-1.5,0.5,-,●,↗,1.0,0323_S,0.4,-,"×××红利低波PB1.0:[-1.5, 0.5, '-', '●', '↗', 1.0, '0323_S', 0.4, '-']"
2026-06-04,10,broad,×××,可转债,可转债,511380.SH,1.0,_X,-1.7,-0.9,-,●,↗,1.1,0521_S,0.4,-,"×××可转债PB1.0_X:[-1.7, -0.9, '-', '●', '↗', 1.1, '0521_S', 0.4, '-']"
2026-06-04,11,broad,×××,沙特,沙特,520830.SH,1.0,★,-2.1,-0.5,↘,●,↗,0.8,0427_S,2.0,-,"×××沙特PB1.0★:[-2.1, -0.5, '↘', '●', '↗', 0.8, '0427_S', 2.0, '-']"
2026-06-04,12,broad,×××,豆粕,豆粕,159985.SZ,1.04,_X★,-4.5,-2.2,↘,●,↘,1.5,0518_S,3.2,-,"×××豆粕PB1.04_X★:[-4.5, -2.2, '↘', '●', '↘', 1.5, '0518_S', 3.2, '-']"
2026-06-04,13,broad,×××,印度,印度,164824.SZ,0.99,,-4.6,-2.0,↘,●,↘,1.0,0513_S,2.3,-,"×××印度PB0.99:[-4.6, -2.0, '↘', '●', '↘', 1.0, '0513_S', 2.3, '-']"
2026-06-04,14,broad,×××,中概互联网,中概互联网,513050.SH,0.99,,-4.8,-1.5,↘,●,↗,1.0,0512_S,4.4,-,"×××中概互联网PB0.99:[-4.8, -1.5, '↘', '●', '↗', 1.0, '0512_S', 4.4, '-']"
2026-06-04,15,broad,×××,黄金,黄金,518880.SH,1.0,★,-5.7,-2.7,↘,●,↗,1.4,0309_S,15.3,-,"×××黄金PB1.0★:[-5.7, -2.7, '↘', '●', '↗', 1.4, '0309_S', 15.3, '-']"
2026-06-03,1,broad,√√√,纳指,纳指,513100.SH,1.09,,20.8,8.8,↗,-,↗,2.4,0415_B,22.9,-,"√√√纳指PB1.09:[20.8, 8.8, '↗', '-', '↗', 2.4, '0415_B', 22.9, '-']"
2026-06-03,2,broad,××√,日经225,日经225,513520.SH,1.02,,16.6,9.3,↗,★,↗,1.5,0415_B,16.7,-,"××√日经225PB1.02:[16.6, 9.3, '↗', '★', '↗', 1.5, '0415_B', 16.7, '-']"
2026-06-03,3,broad,√√×,科创50,科创50,588000.SH,1.0,,13.2,-3.4,-,-,↘,1.7,0417_B,16.6,-,"√√×科创50PB1.0:[13.2, -3.4, '-', '-', '↘', 1.7, '0417_B', 16.6, '-']"
2026-06-03,4,broad,×××,创业板50,创业板50,159949.SZ,1.0,,12.0,4.0,↗,★,↘,1.9,0409_B,21.0,-,"×××创业板50PB1.0:[12.0, 4.0, '↗', '★', '↘', 1.9, '0409_B', 21.0, '-']"
2026-06-03,5,broad,×××,中证A500,中证A500,159338.SZ,1.0,,2.2,-0.7,-,-,↘,1.2,0602_S,,-,"×××中证A500PB1.0:[2.2, -0.7, '-', '-', '↘', 1.2, '0602_S', '-', '-']"
2026-06-03,6,broad,×××,德国,德国,513030.SH,1.01,,0.8,0.7,-,●,↗,0.7,0528_S,0.3,-,"×××德国PB1.01:[0.8, 0.7, '-', '●', '↗', 0.7, '0528_S', 0.3, '-']"
2026-06-03,7,broad,×××,中证2000,中证2000,563300.SH,1.0,,0.2,-3.9,-,●,↘,1.6,0601_S,-0.0,-,"×××中证2000PB1.0:[0.2, -3.9, '-', '●', '↘', 1.6, '0601_S', -0.0, '-']"
2026-06-03,8,broad,×××,红利低波,红利低波,512890.SH,1.0,,-0.9,1.2,-,●,↗,1.0,0323_S,-0.3,-,"×××红利低波PB1.0:[-0.9, 1.2, '-', '●', '↗', 1.0, '0323_S', -0.3, '-']"
2026-06-03,9,broad,×××,可转债,可转债,511380.SH,1.0,_X,-1.3,-0.8,-,●,↘,1.1,0521_S,0.1,-,"×××可转债PB1.0_X:[-1.3, -0.8, '-', '●', '↘', 1.1, '0521_S', 0.1, '-']"
2026-06-03,10,broad,×××,华宝油气,华宝油气,162411.SZ,0.99,,-2.1,-1.8,↘,●,↘,1.6,0525_S,0.3,-,"×××华宝油气PB0.99:[-2.1, -1.8, '↘', '●', '↘', 1.6, '0525_S', 0.3, '-']"
2026-06-03,11,broad,×××,中概互联网,中概互联网,513050.SH,0.99,,-2.6,0.7,-,●,↗,1.0,0512_S,2.0,-,"×××中概互联网PB0.99:[-2.6, 0.7, '-', '●', '↗', 1.0, '0512_S', 2.0, '-']"
2026-06-03,12,broad,×××,沙特,沙特,520830.SH,1.0,★,-3.3,-1.4,↘,●,↗,0.8,0427_S,2.9,-,"×××沙特PB1.0★:[-3.3, -1.4, '↘', '●', '↗', 0.8, '0427_S', 2.9, '-']"
2026-06-03,13,broad,×××,印度,印度,164824.SZ,0.99,,-4.0,-1.5,↘,●,↘,1.0,0513_S,1.6,-,"×××印度PB0.99:[-4.0, -1.5, '↘', '●', '↘', 1.0, '0513_S', 1.6, '-']"
2026-06-03,14,broad,×××,黄金,黄金,518880.SH,1.0,,-4.4,-1.6,↘,●,↗,1.4,0309_S,14.1,-,"×××黄金PB1.0:[-4.4, -1.6, '↘', '●', '↗', 1.4, '0309_S', 14.1, '-']"
2026-06-03,15,broad,×××,豆粕,豆粕,159985.SZ,1.04,_X★,-4.7,-2.8,↘,●,↘,1.5,0518_S,3.6,-,"×××豆粕PB1.04_X★:[-4.7, -2.8, '↘', '●', '↘', 1.5, '0518_S', 3.6, '-']"
2026-06-02,1,broad,√√√,纳指,纳指,513100.SH,1.07,,23.7,11.6,↗,-,↗,2.4,0415_B,24.9,-,"√√√纳指PB1.07:[23.7, 11.6, '↗', '-', '↗', 2.4, '0415_B', 24.9, '-']"
2026-06-02,2,broad,×××,日经225,日经225,513520.SH,1.01,,18.0,10.9,↗,-,↗,1.5,0415_B,17.5,-,"×××日经225PB1.01:[18.0, 10.9, '↗', '-', '↗', 1.5, '0415_B', 17.5, '-']"
2026-06-02,3,broad,√√√,科创50,科创50,588000.SH,1.0,,13.3,-4.6,-,-,↘,1.7,0417_B,14.9,-,"√√√科创50PB1.0:[13.3, -4.6, '-', '-', '↘', 1.7, '0417_B', 14.9, '-']"
2026-06-02,4,broad,×××,创业板50,创业板50,159949.SZ,1.0,,8.7,1.3,↗,★,↘,1.8,0409_B,17.2,-,"×××创业板50PB1.0:[8.7, 1.3, '↗', '★', '↘', 1.8, '0409_B', 17.2, '-']"
2026-06-02,5,broad,×××,德国,德国,513030.SH,1.0,,1.6,1.4,-,●,↘,0.7,0528_S,-0.3,-,"×××德国PB1.0:[1.6, 1.4, '-', '●', '↘', 0.7, '0528_S', -0.3, '-']"
2026-06-02,6,broad,×××,中证A500,中证A500,159338.SZ,1.0,,1.2,-1.9,-,●,↘,1.2,0421_B,0.6,0602_S,"×××中证A500PB1.0:[1.2, -1.9, '-', '●', '↘', 1.2, '0421_B', 0.6, '0602_S']"
2026-06-02,7,broad,×××,中证2000,中证2000,563300.SH,1.0,,0.7,-3.8,-,●,↘,1.6,0601_S,,-,"×××中证2000PB1.0:[0.7, -3.8, '-', '●', '↘', 1.6, '0601_S', '-', '-']"
2026-06-02,8,broad,×××,红利低波,红利低波,512890.SH,1.0,,-0.9,1.1,-,●,↗,1.0,0323_S,-0.3,-,"×××红利低波PB1.0:[-0.9, 1.1, '-', '●', '↗', 1.0, '0323_S', -0.3, '-']"
2026-06-02,9,broad,×××,可转债,可转债,511380.SH,1.0,_X,-1.8,-1.5,-,●,↘,1.1,0521_S,0.7,-,"×××可转债PB1.0_X:[-1.8, -1.5, '-', '●', '↘', 1.1, '0521_S', 0.7, '-']"
2026-06-02,10,broad,×××,沙特,沙特,520830.SH,0.99,,-2.5,-0.2,↘,●,↗,0.8,0427_S,1.6,-,"×××沙特PB0.99:[-2.5, -0.2, '↘', '●', '↗', 0.8, '0427_S', 1.6, '-']"
2026-06-02,11,broad,×××,华宝油气,华宝油气,162411.SZ,0.98,,-2.7,-3.2,↘,●,↘,1.6,0525_S,1.5,-,"×××华宝油气PB0.98:[-2.7, -3.2, '↘', '●', '↘', 1.6, '0525_S', 1.5, '-']"
2026-06-02,12,broad,×××,豆粕,豆粕,159985.SZ,1.05,_X,-3.1,-1.8,↘,●,↘,1.5,0518_S,2.3,-,"×××豆粕PB1.05_X:[-3.1, -1.8, '↘', '●', '↘', 1.5, '0518_S', 2.3, '-']"
2026-06-02,13,broad,×××,印度,印度,164824.SZ,0.98,,-3.5,-0.9,↘,●,↘,1.0,0513_S,0.9,-,"×××印度PB0.98:[-3.5, -0.9, '↘', '●', '↘', 1.0, '0513_S', 0.9, '-']"
2026-06-02,14,broad,×××,黄金,黄金,518880.SH,1.0,★,-5.3,-2.4,↘,●,↗,1.4,0309_S,14.7,-,"×××黄金PB1.0★:[-5.3, -2.4, '↘', '●', '↗', 1.4, '0309_S', 14.7, '-']"
2026-06-02,15,broad,×××,中概互联网,中概互联网,513050.SH,0.99,★,-8.3,-4.8,↘,●,↘,1.0,0512_S,7.4,-,"×××中概互联网PB0.99★:[-8.3, -4.8, '↘', '●', '↘', 1.0, '0512_S', 7.4, '-']"
2026-06-01,1,broad,√√√,科创50,科创50,588000.SH,1.0,,20.3,0.8,↗,★,↘,1.9,0417_B,20.8,-,"√√√科创50PB1.0:[20.3, 0.8, '↗', '★', '↘', 1.9, '0417_B', 20.8, '-']"
2026-06-01,2,broad,√√√,纳指,纳指,513100.SH,1.08,,19.1,8.2,↗,-,↗,2.3,0415_B,20.0,-,"√√√纳指PB1.08:[19.1, 8.2, '↗', '-', '↗', 2.3, '0415_B', 20.0, '-']"
2026-06-01,3,broad,×××,日经225,日经225,513520.SH,1.02,,12.4,6.7,↗,★,↘,1.4,0415_B,12.1,-,"×××日经225PB1.02:[12.4, 6.7, '↗', '★', '↘', 1.4, '0415_B', 12.1, '-']"
2026-06-01,4,broad,×××,创业板50,创业板50,159949.SZ,1.0,,11.6,4.2,↗,★,↗,1.9,0409_B,20.1,-,"×××创业板50PB1.0:[11.6, 4.2, '↗', '★', '↗', 1.9, '0409_B', 20.1, '-']"
2026-06-01,5,broad,×××,中证A500,中证A500,159338.SZ,1.0,,2.7,-0.7,-,-,↘,1.2,0421_B,1.9,-,"×××中证A500PB1.0:[2.7, -0.7, '-', '-', '↘', 1.2, '0421_B', 1.9, '-']"
2026-06-01,6,broad,×××,中证2000,中证2000,563300.SH,1.0,,1.2,-3.5,-,●,↘,1.6,0420_B,1.1,0601_S,"×××中证2000PB1.0:[1.2, -3.5, '-', '●', '↘', 1.6, '0420_B', 1.1, '0601_S']"
2026-06-01,7,broad,×××,德国,德国,513030.SH,1.0,,1.2,1.2,-,●,↘,0.7,0528_S,-0.0,-,"×××德国PB1.0:[1.2, 1.2, '-', '●', '↘', 0.7, '0528_S', -0.0, '-']"
2026-06-01,8,broad,×××,可转债,可转债,511380.SH,1.0,_X,-2.0,-1.8,↘,●,↘,1.1,0521_S,0.9,-,"×××可转债PB1.0_X:[-2.0, -1.8, '↘', '●', '↘', 1.1, '0521_S', 0.9, '-']"
2026-06-01,9,broad,×××,红利低波,红利低波,512890.SH,1.0,,-2.1,-0.1,↘,●,↘,1.0,0323_S,0.9,-,"×××红利低波PB1.0:[-2.1, -0.1, '↘', '●', '↘', 1.0, '0323_S', 0.9, '-']"
2026-06-01,10,broad,×××,豆粕,豆粕,159985.SZ,1.04,_X,-2.7,-1.8,↘,●,↗,1.5,0518_S,2.1,-,"×××豆粕PB1.04_X:[-2.7, -1.8, '↘', '●', '↗', 1.5, '0518_S', 2.1, '-']"
2026-06-01,11,broad,×××,印度,印度,164824.SZ,0.99,,-2.8,-0.2,↘,●,↘,1.0,0513_S,-0.0,-,"×××印度PB0.99:[-2.8, -0.2, '↘', '●', '↘', 1.0, '0513_S', -0.0, '-']"
2026-06-01,12,broad,×××,沙特,沙特,520830.SH,1.0,,-2.9,-0.5,↘,●,↘,0.8,0427_S,1.7,-,"×××沙特PB1.0:[-2.9, -0.5, '↘', '●', '↘', 0.8, '0427_S', 1.7, '-']"
2026-06-01,13,broad,×××,华宝油气,华宝油气,162411.SZ,1.0,★,-3.0,-4.5,↘,●,↘,1.6,0525_S,2.5,-,"×××华宝油气PB1.0★:[-3.0, -4.5, '↘', '●', '↘', 1.6, '0525_S', 2.5, '-']"
2026-06-01,14,broad,×××,黄金,黄金,518880.SH,1.0,★,-5.2,-1.9,↘,●,↘,1.4,0309_S,14.2,-,"×××黄金PB1.0★:[-5.2, -1.9, '↘', '●', '↘', 1.4, '0309_S', 14.2, '-']"
2026-06-01,15,broad,×××,中概互联网,中概互联网,513050.SH,1.0,★,-10.3,-6.5,↘,●,↘,1.0,0512_S,8.8,-,"×××中概互联网PB1.0★:[-10.3, -6.5, '↘', '●', '↘', 1.0, '0512_S', 8.8, '-']"
2026-05-29,1,broad,×√√,科创50,科创50,588000.SH,1.0,,27.5,7.0,↗,★,↘,2.0,0417_B,27.2,-,"×√√科创50PB1.0:[27.5, 7.0, '↗', '★', '↘', 2.0, '0417_B', 27.2, '-']"
2026-05-29,2,broad,√√√,纳指,纳指,513100.SH,1.05,,16.3,6.0,↗,-,↘,2.3,0415_B,16.6,-,"√√√纳指PB1.05:[16.3, 6.0, '↗', '-', '↘', 2.3, '0415_B', 16.6, '-']"
2026-05-29,3,broad,√××,创业板50,创业板50,159949.SZ,1.0,,14.3,6.9,↗,★,↗,1.9,0409_B,22.4,-,"√××创业板50PB1.0:[14.3, 6.9, '↗', '★', '↗', 1.9, '0409_B', 22.4, '-']"
2026-05-29,4,broad,×××,日经225,日经225,513520.SH,1.02,,8.3,3.1,↗,★,↘,1.4,0415_B,7.8,-,"×××日经225PB1.02:[8.3, 3.1, '↗', '★', '↘', 1.4, '0415_B', 7.8, '-']"
2026-05-29,5,broad,×××,中证2000,中证2000,563300.SH,1.0,,4.9,-0.4,-,-,↘,1.6,0420_B,4.3,-,"×××中证2000PB1.0:[4.9, -0.4, '-', '-', '↘', 1.6, '0420_B', 4.3, '-']"
2026-05-29,6,broad,×××,中证A500,中证A500,159338.SZ,1.0,,4.0,0.5,↗,★,↘,1.2,0421_B,2.9,-,"×××中证A500PB1.0:[4.0, 0.5, '↗', '★', '↘', 1.2, '0421_B', 2.9, '-']"
2026-05-29,7,broad,×××,德国,德国,513030.SH,1.01,,0.5,0.6,-,●,↗,0.7,0528_S,,-,"×××德国PB1.01:[0.5, 0.6, '-', '●', '↗', 0.7, '0528_S', '-', '-']"
2026-05-29,8,broad,×××,可转债,可转债,511380.SH,1.0,_X,-1.0,-1.0,-,●,↘,1.1,0521_S,0.1,-,"×××可转债PB1.0_X:[-1.0, -1.0, '-', '●', '↘', 1.1, '0521_S', 0.1, '-']"
2026-05-29,9,broad,×××,豆粕,豆粕,159985.SZ,1.04,_X,-2.1,-1.7,↘,●,↘,1.5,0518_S,1.8,-,"×××豆粕PB1.04_X:[-2.1, -1.7, '↘', '●', '↘', 1.5, '0518_S', 1.8, '-']"
2026-05-29,10,broad,×××,华宝油气,华宝油气,162411.SZ,1.0,★,-2.1,-4.3,↘,●,↘,1.7,0525_S,2.1,-,"×××华宝油气PB1.0★:[-2.1, -4.3, '↘', '●', '↘', 1.7, '0525_S', 2.1, '-']"
2026-05-29,11,broad,×××,沙特,沙特,520830.SH,1.0,,-3.3,-0.7,↘,●,↘,0.8,0427_S,1.8,-,"×××沙特PB1.0:[-3.3, -0.7, '↘', '●', '↘', 0.8, '0427_S', 1.8, '-']"
2026-05-29,12,broad,×××,印度,印度,164824.SZ,1.0,,-3.6,-1.2,↘,●,↘,1.0,0513_S,0.9,-,"×××印度PB1.0:[-3.6, -1.2, '↘', '●', '↘', 1.0, '0513_S', 0.9, '-']"
2026-05-29,13,broad,×××,红利低波,红利低波,512890.SH,1.0,★,-4.0,-2.2,↘,●,↘,1.0,0323_S,2.9,-,"×××红利低波PB1.0★:[-4.0, -2.2, '↘', '●', '↘', 1.0, '0323_S', 2.9, '-']"
2026-05-29,14,broad,×××,黄金,黄金,518880.SH,1.0,★,-8.3,-4.9,↘,●,↘,1.4,0309_S,16.7,-,"×××黄金PB1.0★:[-8.3, -4.9, '↘', '●', '↘', 1.4, '0309_S', 16.7, '-']"
2026-05-29,15,broad,×××,中概互联网,中概互联网,513050.SH,0.99,★,-10.8,-7.2,↘,●,↘,1.0,0512_S,9.1,-,"×××中概互联网PB0.99★:[-10.8, -7.2, '↘', '●', '↘', 1.0, '0512_S', 9.1, '-']"
2026-05-28,1,broad,××√,科创50,科创50,588000.SH,1.0,,26.2,6.3,↗,★,↗,2.0,0417_B,25.1,-,"××√科创50PB1.0:[26.2, 6.3, '↗', '★', '↗', 2.0, '0417_B', 25.1, '-']"
2026-05-28,2,broad,√√√,纳指,纳指,513100.SH,1.09,,17.3,6.8,↗,-,↗,2.3,0415_B,16.8,-,"√√√纳指PB1.09:[17.3, 6.8, '↗', '-', '↗', 2.3, '0415_B', 16.8, '-']"
2026-05-28,3,broad,×√×,创业板50,创业板50,159949.SZ,1.0,,12.1,5.5,↗,★,↗,1.9,0409_B,19.9,-,"×√×创业板50PB1.0:[12.1, 5.5, '↗', '★', '↗', 1.9, '0409_B', 19.9, '-']"
2026-05-28,4,broad,√××,日经225,日经225,513520.SH,1.02,,10.6,5.3,↗,★,↗,1.4,0415_B,9.7,-,"√××日经225PB1.02:[10.6, 5.3, '↗', '★', '↗', 1.4, '0415_B', 9.7, '-']"
2026-05-28,5,broad,×××,中证A500,中证A500,159338.SZ,1.0,,4.0,0.5,↗,★,↗,1.2,0421_B,2.8,-,"×××中证A500PB1.0:[4.0, 0.5, '↗', '★', '↗', 1.2, '0421_B', 2.8, '-']"
2026-05-28,6,broad,×××,中证2000,中证2000,563300.SH,1.0,,3.4,-1.7,-,-,↘,1.6,0420_B,2.7,-,"×××中证2000PB1.0:[3.4, -1.7, '-', '-', '↘', 1.6, '0420_B', 2.7, '-']"
2026-05-28,7,broad,×××,德国,德国,513030.SH,0.99,,1.4,1.5,-,●,↗,0.7,0527_B,,0528_S,"×××德国PB0.99:[1.4, 1.5, '-', '●', '↗', 0.7, '0527_B', '-', '0528_S']"
2026-05-28,8,broad,×××,可转债,可转债,511380.SH,1.0,_X,-1.7,-1.9,-,●,↘,1.1,0521_S,0.9,-,"×××可转债PB1.0_X:[-1.7, -1.9, '-', '●', '↘', 1.1, '0521_S', 0.9, '-']"
2026-05-28,9,broad,×××,华宝油气,华宝油气,162411.SZ,0.95,★,-1.7,-4.1,-,●,↘,1.7,0525_S,1.7,-,"×××华宝油气PB0.95★:[-1.7, -4.1, '-', '●', '↘', 1.7, '0525_S', 1.7, '-']"
2026-05-28,10,broad,×××,豆粕,豆粕,159985.SZ,1.03,_X,-2.6,-2.6,↘,●,↘,1.5,0518_S,2.5,-,"×××豆粕PB1.03_X:[-2.6, -2.6, '↘', '●', '↘', 1.5, '0518_S', 2.5, '-']"
2026-05-28,11,broad,×××,印度,印度,164824.SZ,1.0,,-2.6,-0.3,↘,●,↗,1.0,0513_S,-0.2,-,"×××印度PB1.0:[-2.6, -0.3, '↘', '●', '↗', 1.0, '0513_S', -0.2, '-']"
2026-05-28,12,broad,×××,沙特,沙特,520830.SH,1.01,,-3.4,-0.6,↘,●,↗,0.8,0427_S,1.7,-,"×××沙特PB1.01:[-3.4, -0.6, '↘', '●', '↗', 0.8, '0427_S', 1.7, '-']"
2026-05-28,13,broad,×××,红利低波,红利低波,512890.SH,1.0,★,-3.4,-1.9,↘,●,↘,1.0,0323_S,2.4,-,"×××红利低波PB1.0★:[-3.4, -1.9, '↘', '●', '↘', 1.0, '0323_S', 2.4, '-']"
2026-05-28,14,broad,×××,黄金,黄金,518880.SH,1.0,★,-6.4,-3.1,↘,●,↘,1.4,0309_S,14.7,-,"×××黄金PB1.0★:[-6.4, -3.1, '↘', '●', '↘', 1.4, '0309_S', 14.7, '-']"
2026-05-28,15,broad,×××,中概互联网,中概互联网,513050.SH,0.99,★,-8.5,-5.2,↘,●,↘,1.0,0512_S,6.7,-,"×××中概互联网PB0.99★:[-8.5, -5.2, '↘', '●', '↘', 1.0, '0512_S', 6.7, '-']"
2026-05-27,1,broad,√××,科创50,科创50,588000.SH,1.0,,31.2,10.7,↗,●,↗,2.1,0417_B,28.9,-,"√××科创50PB1.0:[31.2, 10.7, '↗', '●', '↗', 2.1, '0417_B', 28.9, '-']"
2026-05-27,2,broad,√√√,纳指,纳指,513100.SH,1.05,,15.8,5.4,↗,-,↗,2.2,0415_B,14.3,-,"√√√纳指PB1.05:[15.8, 5.4, '↗', '-', '↗', 2.2, '0415_B', 14.3, '-']"
2026-05-27,3,broad,××√,创业板50,创业板50,159949.SZ,1.0,,12.2,5.6,↗,★,↗,1.9,0409_B,19.4,-,"××√创业板50PB1.0:[12.2, 5.6, '↗', '★', '↗', 1.9, '0409_B', 19.4, '-']"
2026-05-27,4,broad,×√×,日经225,日经225,513520.SH,1.0,,11.4,6.0,↗,★,↗,1.4,0415_B,9.8,-,"×√×日经225PB1.0:[11.4, 6.0, '↗', '★', '↗', 1.4, '0415_B', 9.8, '-']"
2026-05-27,5,broad,×××,中证2000,中证2000,563300.SH,1.0,,6.0,0.5,↗,★,↘,1.6,0420_B,4.8,-,"×××中证2000PB1.0:[6.0, 0.5, '↗', '★', '↘', 1.6, '0420_B', 4.8, '-']"
2026-05-27,6,broad,×××,中证A500,中证A500,159338.SZ,1.0,,5.5,1.9,↗,★,↗,1.2,0421_B,4.0,-,"×××中证A500PB1.0:[5.5, 1.9, '↗', '★', '↗', 1.2, '0421_B', 4.0, '-']"
2026-05-27,7,broad,×××,德国,德国,513030.SH,1.0,,2.2,2.2,↗,★,↗,0.7,0518_S,-4.2,0527_B,"×××德国PB1.0:[2.2, 2.2, '↗', '★', '↗', 0.7, '0518_S', -4.2, '0527_B']"
2026-05-27,8,broad,×××,华宝油气,华宝油气,162411.SZ,0.99,,-0.4,-2.6,-,●,↘,1.7,0525_S,-0.0,-,"×××华宝油气PB0.99:[-0.4, -2.6, '-', '●', '↘', 1.7, '0525_S', -0.0, '-']"
2026-05-27,9,broad,×××,可转债,可转债,511380.SH,1.0,_X,-0.7,-1.2,-,●,↘,1.1,0521_S,0.1,-,"×××可转债PB1.0_X:[-0.7, -1.2, '-', '●', '↘', 1.1, '0521_S', 0.1, '-']"
2026-05-27,10,broad,×××,印度,印度,164824.SZ,0.99,,-2.0,0.1,-,●,↗,1.0,0513_S,-0.6,-,"×××印度PB0.99:[-2.0, 0.1, '-', '●', '↗', 1.0, '0513_S', -0.6, '-']"
2026-05-27,11,broad,×××,红利低波,红利低波,512890.SH,1.0,★,-2.8,-1.6,↘,●,↘,1.1,0323_S,1.9,-,"×××红利低波PB1.0★:[-2.8, -1.6, '↘', '●', '↘', 1.1, '0323_S', 1.9, '-']"
2026-05-27,12,broad,×××,豆粕,豆粕,159985.SZ,1.04,_X,-2.9,-3.1,↘,●,↘,1.5,0518_S,2.9,-,"×××豆粕PB1.04_X:[-2.9, -3.1, '↘', '●', '↘', 1.5, '0518_S', 2.9, '-']"
2026-05-27,13,broad,×××,沙特,沙特,520830.SH,1.0,,-3.2,-0.4,↘,●,↗,0.8,0427_S,1.4,-,"×××沙特PB1.0:[-3.2, -0.4, '↘', '●', '↗', 0.8, '0427_S', 1.4, '-']"
2026-05-27,14,broad,×××,黄金,黄金,518880.SH,1.0,,-5.3,-2.2,↘,●,↗,1.4,0309_S,13.7,-,"×××黄金PB1.0:[-5.3, -2.2, '↘', '●', '↗', 1.4, '0309_S', 13.7, '-']"
2026-05-27,15,broad,×××,中概互联网,中概互联网,513050.SH,1.0,★,-6.8,-3.8,↘,●,↘,1.0,0512_S,5.1,-,"×××中概互联网PB1.0★:[-6.8, -3.8, '↘', '●', '↘', 1.0, '0512_S', 5.1, '-']"
2026-05-26,1,broad,√√×,科创50,科创50,588000.SH,1.0,,34.0,13.8,↗,●,↘,2.1,0417_B,30.8,-,"√√×科创50PB1.0:[34.0, 13.8, '↗', '●', '↘', 2.1, '0417_B', 30.8, '-']"
2026-05-26,2,broad,√√√,纳指,纳指,513100.SH,1.04,,18.6,8.1,↗,★,↗,2.3,0415_B,16.5,-,"√√√纳指PB1.04:[18.6, 8.1, '↗', '★', '↗', 2.3, '0415_B', 16.5, '-']"
2026-05-26,3,broad,××√,日经225,日经225,513520.SH,1.0,,12.1,6.8,↗,★,↗,1.4,0415_B,10.2,-,"××√日经225PB1.0:[12.1, 6.8, '↗', '★', '↗', 1.4, '0415_B', 10.2, '-']"
2026-05-26,4,broad,×××,创业板50,创业板50,159949.SZ,1.0,,12.0,5.0,↗,★,↘,1.9,0409_B,18.3,-,"×××创业板50PB1.0:[12.0, 5.0, '↗', '★', '↘', 1.9, '0409_B', 18.3, '-']"
2026-05-26,5,broad,×××,中证2000,中证2000,563300.SH,1.0,,7.7,2.0,↗,★,↘,1.7,0420_B,6.1,-,"×××中证2000PB1.0:[7.7, 2.0, '↗', '★', '↘', 1.7, '0420_B', 6.1, '-']"
2026-05-26,6,broad,×××,中证A500,中证A500,159338.SZ,1.0,,5.5,1.8,↗,★,↘,1.2,0421_B,3.6,-,"×××中证A500PB1.0:[5.5, 1.8, '↗', '★', '↘', 1.2, '0421_B', 3.6, '-']"
2026-05-26,7,broad,×××,德国,德国,513030.SH,1.0,,1.5,1.6,-,●,↗,0.7,0518_S,-3.5,-,"×××德国PB1.0:[1.5, 1.6, '-', '●', '↗', 0.7, '0518_S', -3.5, '-']"
2026-05-26,8,broad,×××,可转债,可转债,511380.SH,1.0,_X,-0.2,-1.0,-,●,↘,1.1,0521_S,-0.2,-,"×××可转债PB1.0_X:[-0.2, -1.0, '-', '●', '↘', 1.1, '0521_S', -0.2, '-']"
2026-05-26,9,broad,×××,华宝油气,华宝油气,162411.SZ,1.02,,-1.9,-4.0,-,●,↘,1.7,0525_S,,-,"×××华宝油气PB1.02:[-1.9, -4.0, '-', '●', '↘', 1.7, '0525_S', '-', '-']"
2026-05-26,10,broad,×××,印度,印度,164824.SZ,0.99,,-1.9,0.2,-,●,↗,1.0,0513_S,-0.8,-,"×××印度PB0.99:[-1.9, 0.2, '-', '●', '↗', 1.0, '0513_S', -0.8, '-']"
2026-05-26,11,broad,×××,沙特,沙特,520830.SH,0.99,,-2.7,0.3,-,●,↗,0.8,0427_S,0.6,-,"×××沙特PB0.99:[-2.7, 0.3, '-', '●', '↗', 0.8, '0427_S', 0.6, '-']"
2026-05-26,12,broad,×××,豆粕,豆粕,159985.SZ,1.04,_X,-2.9,-3.5,↘,●,↘,1.5,0518_S,3.1,-,"×××豆粕PB1.04_X:[-2.9, -3.5, '↘', '●', '↘', 1.5, '0518_S', 3.1, '-']"
2026-05-26,13,broad,×××,红利低波,红利低波,512890.SH,1.0,★,-3.0,-2.1,↘,●,↘,1.1,0323_S,2.2,-,"×××红利低波PB1.0★:[-3.0, -2.1, '↘', '●', '↘', 1.1, '0323_S', 2.2, '-']"
2026-05-26,14,broad,×××,黄金,黄金,518880.SH,1.0,,-4.9,-1.8,↘,●,↗,1.4,0309_S,13.2,-,"×××黄金PB1.0:[-4.9, -1.8, '↘', '●', '↗', 1.4, '0309_S', 13.2, '-']"
2026-05-26,15,broad,×××,中概互联网,中概互联网,513050.SH,1.0,★,-7.1,-4.5,↘,●,↘,1.0,0512_S,5.5,-,"×××中概互联网PB1.0★:[-7.1, -4.5, '↘', '●', '↘', 1.0, '0512_S', 5.5, '-']"
2026-05-25,1,broad,×√√,科创50,科创50,588000.SH,1.0,,27.3,8.9,↗,★,↘,2.0,0417_B,23.6,-,"×√√科创50PB1.0:[27.3, 8.9, '↗', '★', '↘', 2.0, '0417_B', 23.6, '-']"
2026-05-25,2,broad,√√√,纳指,纳指,513100.SH,1.02,,15.2,5.2,↗,★,↗,2.2,0415_B,12.5,-,"√√√纳指PB1.02:[15.2, 5.2, '↗', '★', '↗', 2.2, '0415_B', 12.5, '-']"
2026-05-25,3,broad,√××,创业板50,创业板50,159949.SZ,1.0,,11.1,3.3,↗,★,↘,1.9,0409_B,15.9,-,"√××创业板50PB1.0:[11.1, 3.3, '↗', '★', '↘', 1.9, '0409_B', 15.9, '-']"
2026-05-25,4,broad,×××,中证2000,中证2000,563300.SH,1.0,,7.9,1.9,↗,★,↘,1.6,0420_B,5.8,-,"×××中证2000PB1.0:[7.9, 1.9, '↗', '★', '↘', 1.6, '0420_B', 5.8, '-']"
2026-05-25,5,broad,×××,日经225,日经225,513520.SH,1.01,,7.9,2.8,↗,★,↗,1.3,0415_B,5.5,-,"×××日经225PB1.01:[7.9, 2.8, '↗', '★', '↗', 1.3, '0415_B', 5.5, '-']"
2026-05-25,6,broad,×××,中证A500,中证A500,159338.SZ,1.0,,4.3,0.3,↗,★,↘,1.2,0421_B,2.0,-,"×××中证A500PB1.0:[4.3, 0.3, '↗', '★', '↘', 1.2, '0421_B', 2.0, '-']"
2026-05-25,7,broad,×××,华宝油气,华宝油气,162411.SZ,1.01,,1.9,0.2,-,●,↗,1.8,0521_B,0.0,0525_S,"×××华宝油气PB1.01:[1.9, 0.2, '-', '●', '↗', 1.8, '0521_B', 0.0, '0525_S']"
2026-05-25,8,broad,×××,德国,德国,513030.SH,0.99,,-0.0,-0.1,-,●,↗,0.7,0518_S,-1.8,-,"×××德国PB0.99:[-0.0, -0.1, '-', '●', '↗', 0.7, '0518_S', -1.8, '-']"
2026-05-25,9,broad,×××,可转债,可转债,511380.SH,1.0,_X,-0.3,-1.2,-,●,↘,1.1,0521_S,-0.0,-,"×××可转债PB1.0_X:[-0.3, -1.2, '-', '●', '↘', 1.1, '0521_S', -0.0, '-']"
2026-05-25,10,broad,×××,豆粕,豆粕,159985.SZ,1.04,_X,-1.2,-2.4,-,●,↘,1.5,0518_S,1.8,-,"×××豆粕PB1.04_X:[-1.2, -2.4, '-', '●', '↘', 1.5, '0518_S', 1.8, '-']"
2026-05-25,11,broad,×××,红利低波,红利低波,512890.SH,1.0,★,-2.6,-2.0,↘,●,↘,1.1,0323_S,2.0,-,"×××红利低波PB1.0★:[-2.6, -2.0, '↘', '●', '↘', 1.1, '0323_S', 2.0, '-']"
2026-05-25,12,broad,×××,印度,印度,164824.SZ,0.98,,-3.2,-1.5,↘,●,↘,1.0,0513_S,0.7,-,"×××印度PB0.98:[-3.2, -1.5, '↘', '●', '↘', 1.0, '0513_S', 0.7, '-']"
2026-05-25,13,broad,×××,沙特,沙特,520830.SH,1.0,,-3.6,-0.8,↘,●,↘,0.8,0427_S,1.6,-,"×××沙特PB1.0:[-3.6, -0.8, '↘', '●', '↘', 0.8, '0427_S', 1.6, '-']"
2026-05-25,14,broad,×××,黄金,黄金,518880.SH,1.0,★,-5.5,-2.7,↘,●,↘,1.4,0309_S,13.7,-,"×××黄金PB1.0★:[-5.5, -2.7, '↘', '●', '↘', 1.4, '0309_S', 13.7, '-']"
2026-05-25,15,broad,×××,中概互联网,中概互联网,513050.SH,0.99,★,-6.0,-3.8,↘,●,↘,1.0,0512_S,4.4,-,"×××中概互联网PB0.99★:[-6.0, -3.8, '↘', '●', '↘', 1.0, '0512_S', 4.4, '-']"
2026-05-22,1,broad,××√,科创50,科创50,588000.SH,1.0,,26.4,8.6,↗,★,↗,2.0,0417_B,21.8,-,"××√科创50PB1.0:[26.4, 8.6, '↗', '★', '↗', 2.0, '0417_B', 21.8, '-']"
2026-05-22,2,broad,√√√,纳指,纳指,513100.SH,1.03,,13.7,4.0,↗,★,↘,2.2,0415_B,10.6,-,"√√√纳指PB1.03:[13.7, 4.0, '↗', '★', '↘', 2.2, '0415_B', 10.6, '-']"
2026-05-22,3,broad,√√×,创业板50,创业板50,159949.SZ,1.0,,9.3,0.6,↗,★,↘,1.8,0409_B,12.5,-,"√√×创业板50PB1.0:[9.3, 0.6, '↗', '★', '↘', 1.8, '0409_B', 12.5, '-']"
2026-05-22,4,broad,×××,中证2000,中证2000,563300.SH,1.0,,5.4,-0.7,-,-,↘,1.6,0420_B,2.8,-,"×××中证2000PB1.0:[5.4, -0.7, '-', '-', '↘', 1.6, '0420_B', 2.8, '-']"
2026-05-22,5,broad,×××,日经225,日经225,513520.SH,1.0,,4.9,-0.2,-,-,↘,1.3,0415_B,2.1,-,"×××日经225PB1.0:[4.9, -0.2, '-', '-', '↘', 1.3, '0415_B', 2.1, '-']"
2026-05-22,6,broad,×××,中证A500,中证A500,159338.SZ,1.0,,3.6,-0.7,-,-,↘,1.2,0421_B,0.8,-,"×××中证A500PB1.0:[3.6, -0.7, '-', '-', '↘', 1.2, '0421_B', 0.8, '-']"
2026-05-22,7,broad,×××,华宝油气,华宝油气,162411.SZ,0.98,,3.2,2.3,↗,★,↗,1.8,0521_B,,-,"×××华宝油气PB0.98:[3.2, 2.3, '↗', '★', '↗', 1.8, '0521_B', '-', '-']"
2026-05-22,8,broad,×××,可转债,可转债,511380.SH,1.0,_X,-0.3,-1.5,-,●,↘,1.1,0521_S,,-,"×××可转债PB1.0_X:[-0.3, -1.5, '-', '●', '↘', 1.1, '0521_S', '-', '-']"
2026-05-22,9,broad,×××,豆粕,豆粕,159985.SZ,1.05,_X,-0.5,-2.4,-,●,↘,1.5,0518_S,1.7,-,"×××豆粕PB1.05_X:[-0.5, -2.4, '-', '●', '↘', 1.5, '0518_S', 1.7, '-']"
2026-05-22,10,broad,×××,德国,德国,513030.SH,1.0,,-0.7,-1.1,-,●,↘,0.7,0518_S,-0.8,-,"×××德国PB1.0:[-0.7, -1.1, '-', '●', '↘', 0.7, '0518_S', -0.8, '-']"
2026-05-22,11,broad,×××,红利低波,红利低波,512890.SH,1.0,★,-2.1,-1.7,↘,●,↗,1.1,0323_S,1.4,-,"×××红利低波PB1.0★:[-2.1, -1.7, '↘', '●', '↗', 1.1, '0323_S', 1.4, '-']"
2026-05-22,12,broad,×××,印度,印度,164824.SZ,1.0,,-3.4,-2.0,↘,●,↘,1.0,0513_S,1.0,-,"×××印度PB1.0:[-3.4, -2.0, '↘', '●', '↘', 1.0, '0513_S', 1.0, '-']"
2026-05-22,13,broad,×××,沙特,沙特,520830.SH,1.0,★,-4.0,-1.3,↘,●,↘,0.8,0427_S,1.9,-,"×××沙特PB1.0★:[-4.0, -1.3, '↘', '●', '↘', 0.8, '0427_S', 1.9, '-']"
2026-05-22,14,broad,×××,黄金,黄金,518880.SH,1.0,★,-5.6,-3.0,↘,●,↘,1.4,0309_S,13.8,-,"×××黄金PB1.0★:[-5.6, -3.0, '↘', '●', '↘', 1.4, '0309_S', 13.8, '-']"
2026-05-22,15,broad,×××,中概互联网,中概互联网,513050.SH,1.0,★,-6.2,-4.5,↘,●,↘,1.0,0512_S,4.6,-,"×××中概互联网PB1.0★:[-6.2, -4.5, '↘', '●', '↘', 1.0, '0512_S', 4.6, '-']"
2026-05-21,1,broad,√××,科创50,科创50,588000.SH,1.0,,32.7,13.8,↗,●,↗,2.1,0417_B,26.5,-,"√××科创50PB1.0:[32.7, 13.8, '↗', '●', '↗', 2.1, '0417_B', 26.5, '-']"
2026-05-21,2,broad,√√√,创业板50,创业板50,159949.SZ,1.0,,13.7,3.2,↗,★,↘,1.9,0409_B,15.2,-,"√√√创业板50PB1.0:[13.7, 3.2, '↗', '★', '↘', 1.9, '0409_B', 15.2, '-']"
2026-05-21,3,broad,×√√,纳指,纳指,513100.SH,1.03,,12.6,2.7,↗,★,↘,2.1,0415_B,8.6,-,"×√√纳指PB1.03:[12.6, 2.7, '↗', '★', '↘', 2.1, '0415_B', 8.6, '-']"
2026-05-21,4,broad,×××,中证2000,中证2000,563300.SH,1.0,,10.2,3.1,↗,★,↘,1.7,0420_B,6.6,-,"×××中证2000PB1.0:[10.2, 3.1, '↗', '★', '↘', 1.7, '0420_B', 6.6, '-']"
2026-05-21,5,broad,×××,中证A500,中证A500,159338.SZ,1.0,,6.1,1.0,↗,★,↘,1.2,0421_B,2.4,-,"×××中证A500PB1.0:[6.1, 1.0, '↗', '★', '↘', 1.2, '0421_B', 2.4, '-']"
2026-05-21,6,broad,×××,日经225,日经225,513520.SH,1.0,,3.7,-2.0,-,-,↘,1.3,0415_B,0.1,-,"×××日经225PB1.0:[3.7, -2.0, '-', '-', '↘', 1.3, '0415_B', 0.1, '-']"
2026-05-21,7,broad,×××,华宝油气,华宝油气,162411.SZ,1.0,,3.4,4.4,↗,★,↗,1.8,0413_S,-4.3,0521_B,"×××华宝油气PB1.0:[3.4, 4.4, '↗', '★', '↗', 1.8, '0413_S', -4.3, '0521_B']"
2026-05-21,8,broad,×××,可转债,可转债,511380.SH,1.0,_X,1.3,-0.4,-,●,↘,1.1,0520_B,,0521_S,"×××可转债PB1.0_X:[1.3, -0.4, '-', '●', '↘', 1.1, '0520_B', '-', '0521_S']"
2026-05-21,9,broad,×××,豆粕,豆粕,159985.SZ,1.05,_X,0.7,-1.7,-,●,↘,1.5,0518_S,0.9,-,"×××豆粕PB1.05_X:[0.7, -1.7, '-', '●', '↘', 1.5, '0518_S', 0.9, '-']"
2026-05-21,10,broad,×××,德国,德国,513030.SH,0.98,,-0.8,-1.9,-,●,↘,0.7,0518_S,-0.1,-,"×××德国PB0.98:[-0.8, -1.9, '-', '●', '↘', 0.7, '0518_S', -0.1, '-']"
2026-05-21,11,broad,×××,红利低波,红利低波,512890.SH,1.0,★,-1.7,-1.5,-,●,↘,1.1,0323_S,1.2,-,"×××红利低波PB1.0★:[-1.7, -1.5, '-', '●', '↘', 1.1, '0323_S', 1.2, '-']"
2026-05-21,12,broad,×××,中概互联网,中概互联网,513050.SH,0.99,,-2.6,-2.0,↘,●,↘,1.0,0512_S,1.7,-,"×××中概互联网PB0.99:[-2.6, -2.0, '↘', '●', '↘', 1.0, '0512_S', 1.7, '-']"
2026-05-21,13,broad,×××,沙特,沙特,520830.SH,1.0,,-3.3,-0.9,↘,●,↘,0.8,0427_S,1.4,-,"×××沙特PB1.0:[-3.3, -0.9, '↘', '●', '↘', 0.8, '0427_S', 1.4, '-']"
2026-05-21,14,broad,×××,印度,印度,164824.SZ,0.99,,-3.9,-3.4,↘,●,↘,1.0,0513_S,2.2,-,"×××印度PB0.99:[-3.9, -3.4, '↘', '●', '↘', 1.0, '0513_S', 2.2, '-']"
2026-05-21,15,broad,×××,黄金,黄金,518880.SH,1.0,★,-6.3,-4.1,↘,●,↘,1.4,0309_S,14.5,-,"×××黄金PB1.0★:[-6.3, -4.1, '↘', '●', '↘', 1.4, '0309_S', 14.5, '-']"
2026-05-20,1,broad,√√×,科创50,科创50,588000.SH,1.0,,30.4,11.7,↗,●,↘,2.0,0417_B,22.5,-,"√√×科创50PB1.0:[30.4, 11.7, '↗', '●', '↘', 2.0, '0417_B', 22.5, '-']"
2026-05-20,2,broad,√√√,创业板50,创业板50,159949.SZ,1.0,,15.1,3.1,↗,★,↘,1.9,0409_B,14.7,-,"√√√创业板50PB1.0:[15.1, 3.1, '↗', '★', '↘', 1.9, '0409_B', 14.7, '-']"
2026-05-20,3,broad,××√,纳指,纳指,513100.SH,1.05,,12.6,2.3,↗,★,↘,2.1,0415_B,7.6,-,"××√纳指PB1.05:[12.6, 2.3, '↗', '★', '↘', 2.1, '0415_B', 7.6, '-']"
2026-05-20,4,broad,×××,中证2000,中证2000,563300.SH,1.0,,11.4,3.5,↗,★,↘,1.7,0420_B,6.6,-,"×××中证2000PB1.0:[11.4, 3.5, '↗', '★', '↘', 1.7, '0420_B', 6.6, '-']"
2026-05-20,5,broad,×××,中证A500,中证A500,159338.SZ,1.0,,6.7,1.0,↗,★,↘,1.2,0421_B,2.2,-,"×××中证A500PB1.0:[6.7, 1.0, '↗', '★', '↘', 1.2, '0421_B', 2.2, '-']"
2026-05-20,6,broad,×××,日经225,日经225,513520.SH,1.0,,5.5,-1.2,-,-,↘,1.3,0415_B,0.9,-,"×××日经225PB1.0:[5.5, -1.2, '-', '-', '↘', 1.3, '0415_B', 0.9, '-']"
2026-05-20,7,broad,×××,可转债,可转债,511380.SH,1.0,_X,2.3,0.2,↗,★,↘,1.2,0518_S,-0.0,0520_B,"×××可转债PB1.0_X:[2.3, 0.2, '↗', '★', '↘', 1.2, '0518_S', -0.0, '0520_B']"
2026-05-20,8,broad,×××,豆粕,豆粕,159985.SZ,1.04,_X,1.8,-0.8,-,●,↘,1.5,0518_S,-0.0,-,"×××豆粕PB1.04_X:[1.8, -0.8, '-', '●', '↘', 1.5, '0518_S', -0.0, '-']"
2026-05-20,9,broad,×××,华宝油气,华宝油气,162411.SZ,0.97,,0.9,3.5,-,●,↗,1.8,0413_S,-3.1,-,"×××华宝油气PB0.97:[0.9, 3.5, '-', '●', '↗', 1.8, '0413_S', -3.1, '-']"
2026-05-20,10,broad,×××,德国,德国,513030.SH,1.02,,-0.2,-2.1,-,●,↘,0.7,0518_S,-0.0,-,"×××德国PB1.02:[-0.2, -2.1, '-', '●', '↘', 0.7, '0518_S', -0.0, '-']"
2026-05-20,11,broad,×××,中概互联网,中概互联网,513050.SH,0.99,,-0.8,-1.3,-,●,↘,1.0,0512_S,0.7,-,"×××中概互联网PB0.99:[-0.8, -1.3, '-', '●', '↘', 1.0, '0512_S', 0.7, '-']"
2026-05-20,12,broad,×××,红利低波,红利低波,512890.SH,1.0,,-1.3,-1.2,-,●,↘,1.1,0323_S,0.8,-,"×××红利低波PB1.0:[-1.3, -1.2, '-', '●', '↘', 1.1, '0323_S', 0.8, '-']"
2026-05-20,13,broad,×××,印度,印度,164824.SZ,0.99,,-2.2,-2.6,↘,●,↘,1.0,0513_S,1.1,-,"×××印度PB0.99:[-2.2, -2.6, '↘', '●', '↘', 1.0, '0513_S', 1.1, '-']"
2026-05-20,14,broad,×××,沙特,沙特,520830.SH,0.99,,-3.5,-1.6,↘,●,↘,0.8,0427_S,1.8,-,"×××沙特PB0.99:[-3.5, -1.6, '↘', '●', '↘', 0.8, '0427_S', 1.8, '-']"
2026-05-20,15,broad,×××,黄金,黄金,518880.SH,1.0,★,-4.7,-3.0,↘,●,↘,1.4,0309_S,13.2,-,"×××黄金PB1.0★:[-4.7, -3.0, '↘', '●', '↘', 1.4, '0309_S', 13.2, '-']"
2026-05-19,1,broad,×√√,科创50,科创50,588000.SH,1.0,,27.2,8.9,↗,★,↘,1.9,0417_B,18.1,-,"×√√科创50PB1.0:[27.2, 8.9, '↗', '★', '↘', 1.9, '0417_B', 18.1, '-']"
2026-05-19,2,broad,√√√,创业板50,创业板50,159949.SZ,1.0,,17.8,4.1,↗,★,↘,1.9,0409_B,15.3,-,"√√√创业板50PB1.0:[17.8, 4.1, '↗', '★', '↘', 1.9, '0409_B', 15.3, '-']"
2026-05-19,3,broad,√××,纳指,纳指,513100.SH,1.04,,13.9,2.9,↗,★,↘,2.1,0415_B,7.9,-,"√××纳指PB1.04:[13.9, 2.9, '↗', '★', '↘', 2.1, '0415_B', 7.9, '-']"
2026-05-19,4,broad,×××,中证2000,中证2000,563300.SH,1.0,,11.2,2.9,↗,★,↘,1.6,0420_B,5.6,-,"×××中证2000PB1.0:[11.2, 2.9, '↗', '★', '↘', 1.6, '0420_B', 5.6, '-']"
2026-05-19,5,broad,×××,日经225,日经225,513520.SH,1.0,,6.7,-0.8,-,-,↘,1.3,0415_B,1.2,-,"×××日经225PB1.0:[6.7, -0.8, '-', '-', '↘', 1.3, '0415_B', 1.2, '-']"
2026-05-19,6,broad,×××,中证A500,中证A500,159338.SZ,1.0,,6.6,0.4,↗,★,↘,1.2,0421_B,1.5,-,"×××中证A500PB1.0:[6.6, 0.4, '↗', '★', '↘', 1.2, '0421_B', 1.5, '-']"
2026-05-19,7,broad,×××,可转债,可转债,511380.SH,1.0,_X,1.1,-1.5,-,●,↘,1.2,0518_S,,-,"×××可转债PB1.0_X:[1.1, -1.5, '-', '●', '↘', 1.2, '0518_S', '-', '-']"
2026-05-19,8,broad,×××,豆粕,豆粕,159985.SZ,1.05,_X,0.4,-2.1,-,●,↘,1.5,0518_S,,-,"×××豆粕PB1.05_X:[0.4, -2.1, '-', '●', '↘', 1.5, '0518_S', '-', '-']"
2026-05-19,9,broad,×××,华宝油气,华宝油气,162411.SZ,0.98,,-0.0,4.4,-,●,↗,1.8,0413_S,-3.7,-,"×××华宝油气PB0.98:[-0.0, 4.4, '-', '●', '↗', 1.8, '0413_S', -3.7, '-']"
2026-05-19,10,broad,×××,中概互联网,中概互联网,513050.SH,0.99,★,-1.7,-3.1,-,●,↘,1.0,0512_S,2.3,-,"×××中概互联网PB0.99★:[-1.7, -3.1, '-', '●', '↘', 1.0, '0512_S', 2.3, '-']"
2026-05-19,11,broad,×××,德国,德国,513030.SH,1.0,,-1.8,-4.4,-,●,↘,0.7,0518_S,,-,"×××德国PB1.0:[-1.8, -4.4, '-', '●', '↘', 0.7, '0518_S', '-', '-']"
2026-05-19,12,broad,×××,印度,印度,164824.SZ,0.99,,-2.0,-3.3,-,●,↘,1.0,0513_S,1.6,-,"×××印度PB0.99:[-2.0, -3.3, '-', '●', '↘', 1.0, '0513_S', 1.6, '-']"
2026-05-19,13,broad,×××,红利低波,红利低波,512890.SH,1.0,★,-2.2,-2.0,↘,●,↘,1.1,0323_S,1.5,-,"×××红利低波PB1.0★:[-2.2, -2.0, '↘', '●', '↘', 1.1, '0323_S', 1.5, '-']"
2026-05-19,14,broad,×××,沙特,沙特,520830.SH,1.0,★,-3.5,-2.1,↘,●,↘,0.8,0427_S,2.0,-,"×××沙特PB1.0★:[-3.5, -2.1, '↘', '●', '↘', 0.8, '0427_S', 2.0, '-']"
2026-05-19,15,broad,×××,黄金,黄金,518880.SH,1.0,★,-4.3,-3.2,↘,●,↘,1.4,0309_S,13.2,-,"×××黄金PB1.0★:[-4.3, -3.2, '↘', '●', '↘', 1.4, '0309_S', 13.2, '-']"
2026-05-18,1,broad,××√,科创50,科创50,588000.SH,1.0,,27.2,9.0,↗,★,↘,2.0,0417_B,17.0,-,"××√科创50PB1.0:[27.2, 9.0, '↗', '★', '↘', 2.0, '0417_B', 17.0, '-']"
2026-05-18,2,broad,√√√,创业板50,创业板50,159949.SZ,1.0,,19.6,5.0,↗,★,↘,2.0,0409_B,15.6,-,"√√√创业板50PB1.0:[19.6, 5.0, '↗', '★', '↘', 2.0, '0409_B', 15.6, '-']"
2026-05-18,3,broad,√√×,纳指,纳指,513100.SH,1.04,,17.9,6.1,↗,★,↘,2.2,0415_B,10.8,-,"√√×纳指PB1.04:[17.9, 6.1, '↗', '★', '↘', 2.2, '0415_B', 10.8, '-']"
2026-05-18,4,broad,×××,中证2000,中证2000,563300.SH,1.0,,11.2,2.8,↗,★,↘,1.6,0420_B,5.0,-,"×××中证2000PB1.0:[11.2, 2.8, '↗', '★', '↘', 1.6, '0420_B', 5.0, '-']"
2026-05-18,5,broad,×××,日经225,日经225,513520.SH,1.0,,9.3,1.1,↗,★,↘,1.4,0415_B,3.0,-,"×××日经225PB1.0:[9.3, 1.1, '↗', '★', '↘', 1.4, '0415_B', 3.0, '-']"
2026-05-18,6,broad,×××,中证A500,中证A500,159338.SZ,1.0,,7.5,1.1,↗,★,↘,1.2,0421_B,1.9,-,"×××中证A500PB1.0:[7.5, 1.1, '↗', '★', '↘', 1.2, '0421_B', 1.9, '-']"
2026-05-18,7,broad,×××,可转债,可转债,511380.SH,1.0,_X,1.6,-1.4,-,●,↘,1.2,0421_B,-1.7,0518_S,"×××可转债PB1.0_X:[1.6, -1.4, '-', '●', '↘', 1.2, '0421_B', -1.7, '0518_S']"
2026-05-18,8,broad,×××,德国,德国,513030.SH,1.02,,1.4,-1.9,-,●,↘,0.7,0421_B,-3.3,0518_S,"×××德国PB1.02:[1.4, -1.9, '-', '●', '↘', 0.7, '0421_B', -3.3, '0518_S']"
2026-05-18,9,broad,×××,豆粕,豆粕,159985.SZ,1.06,_X,0.6,-2.3,-,●,↘,1.5,0511_B,-3.1,0518_S,"×××豆粕PB1.06_X:[0.6, -2.3, '-', '●', '↘', 1.5, '0511_B', -3.1, '0518_S']"
2026-05-18,10,broad,×××,中概互联网,中概互联网,513050.SH,0.99,,-0.4,-2.4,-,●,↘,1.0,0512_S,1.4,-,"×××中概互联网PB0.99:[-0.4, -2.4, '-', '●', '↘', 1.0, '0512_S', 1.4, '-']"
2026-05-18,11,broad,×××,印度,印度,164824.SZ,0.99,,-0.5,-2.6,-,●,↘,1.0,0513_S,0.7,-,"×××印度PB0.99:[-0.5, -2.6, '-', '●', '↘', 1.0, '0513_S', 0.7, '-']"
2026-05-18,12,broad,×××,红利低波,红利低波,512890.SH,1.0,★,-1.7,-1.6,-,●,↘,1.1,0323_S,0.9,-,"×××红利低波PB1.0★:[-1.7, -1.6, '-', '●', '↘', 1.1, '0323_S', 0.9, '-']"
2026-05-18,13,broad,×××,沙特,沙特,520830.SH,1.0,★,-3.4,-2.3,↘,●,↘,0.8,0427_S,2.0,-,"×××沙特PB1.0★:[-3.4, -2.3, '↘', '●', '↘', 0.8, '0427_S', 2.0, '-']"
2026-05-18,14,broad,×××,黄金,黄金,518880.SH,1.0,★,-3.9,-3.1,↘,●,↘,1.4,0309_S,12.8,-,"×××黄金PB1.0★:[-3.9, -3.1, '↘', '●', '↘', 1.4, '0309_S', 12.8, '-']"
2026-05-18,15,broad,×××,华宝油气,华宝油气,162411.SZ,0.99,,-5.2,0.6,-,●,↗,1.8,0413_S,0.4,-,"×××华宝油气PB0.99:[-5.2, 0.6, '-', '●', '↗', 1.8, '0413_S', 0.4, '-']"
2026-05-15,1,broad,×××,科创50,科创50,588000.SH,1.0,,30.6,11.7,↗,●,↗,2.0,0417_B,18.9,-,"×××科创50PB1.0:[30.6, 11.7, '↗', '●', '↗', 2.0, '0417_B', 18.9, '-']"
2026-05-15,2,broad,√√√,创业板50,创业板50,159949.SZ,1.0,,21.8,6.4,↗,★,↗,2.0,0409_B,16.5,-,"√√√创业板50PB1.0:[21.8, 6.4, '↗', '★', '↗', 2.0, '0409_B', 16.5, '-']"
2026-05-15,3,broad,√√√,纳指,纳指,513100.SH,1.05,,20.1,7.7,↗,★,↘,2.2,0415_B,11.7,-,"√√√纳指PB1.05:[20.1, 7.7, '↗', '★', '↘', 2.2, '0415_B', 11.7, '-']"
2026-05-15,4,broad,×××,中证2000,中证2000,563300.SH,1.0,,12.7,4.0,↗,★,↘,1.7,0420_B,5.9,-,"×××中证2000PB1.0:[12.7, 4.0, '↗', '★', '↘', 1.7, '0420_B', 5.9, '-']"
2026-05-15,5,broad,×××,日经225,日经225,513520.SH,1.0,,12.2,3.1,↗,★,↘,1.4,0415_B,4.7,-,"×××日经225PB1.0:[12.2, 3.1, '↗', '★', '↘', 1.4, '0415_B', 4.7, '-']"
2026-05-15,6,broad,×××,中证A500,中证A500,159338.SZ,1.0,,9.4,2.5,↗,★,↘,1.2,0421_B,3.1,-,"×××中证A500PB1.0:[9.4, 2.5, '↗', '★', '↘', 1.2, '0421_B', 3.1, '-']"
2026-05-15,7,broad,×××,豆粕,豆粕,159985.SZ,1.06,_X,3.4,0.2,↗,-,↗,1.5,0511_B,-0.5,-,"×××豆粕PB1.06_X:[3.4, 0.2, '↗', '-', '↗', 1.5, '0511_B', -0.5, '-']"
2026-05-15,8,broad,×××,德国,德国,513030.SH,1.02,,3.2,-0.8,-,-,↘,0.7,0421_B,-2.2,-,"×××德国PB1.02:[3.2, -0.8, '-', '-', '↘', 0.7, '0421_B', -2.2, '-']"
2026-05-15,9,broad,×××,可转债,可转债,511380.SH,1.0,_X,2.8,-0.6,-,-,↘,1.2,0421_B,-1.0,-,"×××可转债PB1.0_X:[2.8, -0.6, '-', '-', '↘', 1.2, '0421_B', -1.0, '-']"
2026-05-15,10,broad,×××,中概互联网,中概互联网,513050.SH,1.0,,2.4,-0.0,-,-,↘,1.0,0512_S,-1.0,-,"×××中概互联网PB1.0:[2.4, -0.0, '-', '-', '↘', 1.0, '0512_S', -1.0, '-']"
2026-05-15,11,broad,×××,印度,印度,164824.SZ,1.0,,0.9,-2.0,-,●,↘,1.0,0513_S,-0.0,-,"×××印度PB1.0:[0.9, -2.0, '-', '●', '↘', 1.0, '0513_S', -0.0, '-']"
2026-05-15,12,broad,×××,红利低波,红利低波,512890.SH,1.0,,-1.0,-0.9,-,●,↗,1.1,0323_S,0.2,-,"×××红利低波PB1.0:[-1.0, -0.9, '-', '●', '↗', 1.1, '0323_S', 0.2, '-']"
2026-05-15,13,broad,×××,黄金,黄金,518880.SH,1.0,,-1.1,-0.9,-,●,↘,1.4,0309_S,10.6,-,"×××黄金PB1.0:[-1.1, -0.9, '-', '●', '↘', 1.4, '0309_S', 10.6, '-']"
2026-05-15,14,broad,×××,沙特,沙特,520830.SH,1.0,,-2.7,-2.1,↘,●,↘,0.8,0427_S,1.6,-,"×××沙特PB1.0:[-2.7, -2.1, '↘', '●', '↘', 0.8, '0427_S', 1.6, '-']"
2026-05-15,15,broad,×××,华宝油气,华宝油气,162411.SZ,0.99,,-8.9,-1.0,↘,●,↗,1.8,0413_S,2.0,-,"×××华宝油气PB0.99:[-8.9, -1.0, '↘', '●', '↗', 1.8, '0413_S', 2.0, '-']"
2026-05-14,1,broad,×××,科创50,科创50,588000.SH,1.0,,35.4,16.1,↗,●,↗,2.0,0417_B,22.1,-,"×××科创50PB1.0:[35.4, 16.1, '↗', '●', '↗', 2.0, '0417_B', 22.1, '-']"
2026-05-14,2,broad,√√√,创业板50,创业板50,159949.SZ,1.0,,25.5,9.3,↗,★,↗,2.1,0409_B,18.8,-,"√√√创业板50PB1.0:[25.5, 9.3, '↗', '★', '↗', 2.1, '0409_B', 18.8, '-']"
2026-05-14,3,broad,√√√,纳指,纳指,513100.SH,1.05,,20.6,8.2,↗,★,↗,2.2,0415_B,11.3,-,"√√√纳指PB1.05:[20.6, 8.2, '↗', '★', '↗', 2.2, '0415_B', 11.3, '-']"
2026-05-14,4,broad,×××,中证2000,中证2000,563300.SH,1.0,,15.5,6.7,↗,★,↗,1.7,0420_B,8.1,-,"×××中证2000PB1.0:[15.5, 6.7, '↗', '★', '↗', 1.7, '0420_B', 8.1, '-']"
2026-05-14,5,broad,×××,日经225,日经225,513520.SH,1.01,,14.8,5.1,↗,★,↘,1.4,0415_B,6.3,-,"×××日经225PB1.01:[14.8, 5.1, '↗', '★', '↘', 1.4, '0415_B', 6.3, '-']"
2026-05-14,6,broad,×××,中证A500,中证A500,159338.SZ,1.0,,12.2,5.0,↗,★,↗,1.2,0421_B,5.3,-,"×××中证A500PB1.0:[12.2, 5.0, '↗', '★', '↗', 1.2, '0421_B', 5.3, '-']"
2026-05-14,7,broad,×××,可转债,可转债,511380.SH,1.0,_X,4.6,1.0,↗,★,↘,1.2,0421_B,0.5,-,"×××可转债PB1.0_X:[4.6, 1.0, '↗', '★', '↘', 1.2, '0421_B', 0.5, '-']"
2026-05-14,8,broad,×××,德国,德国,513030.SH,1.02,,4.5,-0.1,-,-,↘,0.7,0421_B,-1.6,-,"×××德国PB1.02:[4.5, -0.1, '-', '-', '↘', 0.7, '0421_B', -1.6, '-']"
2026-05-14,9,broad,×××,豆粕,豆粕,159985.SZ,1.07,_X,4.1,1.1,↗,-,↗,1.5,0511_B,0.3,-,"×××豆粕PB1.07_X:[4.1, 1.1, '↗', '-', '↗', 1.5, '0511_B', 0.3, '-']"
2026-05-14,10,broad,×××,中概互联网,中概互联网,513050.SH,1.0,,1.5,-0.9,-,●,↘,1.0,0512_S,-0.0,-,"×××中概互联网PB1.0:[1.5, -0.9, '-', '●', '↘', 1.0, '0512_S', -0.0, '-']"
2026-05-14,11,broad,×××,印度,印度,164824.SZ,1.0,,0.9,-2.6,-,●,↘,1.0,0513_S,,-,"×××印度PB1.0:[0.9, -2.6, '-', '●', '↘', 1.0, '0513_S', '-', '-']"
2026-05-14,12,broad,×××,黄金,黄金,518880.SH,1.0,,-0.6,-0.9,-,●,↘,1.4,0309_S,10.5,-,"×××黄金PB1.0:[-0.6, -0.9, '-', '●', '↘', 1.4, '0309_S', 10.5, '-']"
2026-05-14,13,broad,×××,红利低波,红利低波,512890.SH,1.0,,-1.0,-0.8,-,●,↘,1.1,0323_S,0.1,-,"×××红利低波PB1.0:[-1.0, -0.8, '-', '●', '↘', 1.1, '0323_S', 0.1, '-']"
2026-05-14,14,broad,×××,沙特,沙特,520830.SH,0.99,,-2.0,-1.8,-,●,↘,0.8,0427_S,1.2,-,"×××沙特PB0.99:[-2.0, -1.8, '-', '●', '↘', 0.8, '0427_S', 1.2, '-']"
2026-05-14,15,broad,×××,华宝油气,华宝油气,162411.SZ,0.99,,-10.4,-0.4,↘,●,↗,1.8,0413_S,1.2,-,"×××华宝油气PB0.99:[-10.4, -0.4, '↘', '●', '↗', 1.8, '0413_S', 1.2, '-']"
2026-05-13,1,broad,×××,科创50,科创50,588000.SH,1.0,,32.6,14.6,↗,●,↗,2.0,0417_B,18.9,-,"×××科创50PB1.0:[32.6, 14.6, '↗', '●', '↗', 2.0, '0417_B', 18.9, '-']"
2026-05-13,2,broad,√√√,创业板50,创业板50,159949.SZ,1.0,,22.6,7.0,↗,★,↗,2.0,0409_B,15.3,-,"√√√创业板50PB1.0:[22.6, 7.0, '↗', '★', '↗', 2.0, '0409_B', 15.3, '-']"
2026-05-13,3,broad,√√√,纳指,纳指,513100.SH,1.03,,20.1,8.1,↗,★,↗,2.2,0415_B,10.3,-,"√√√纳指PB1.03:[20.1, 8.1, '↗', '★', '↗', 2.2, '0415_B', 10.3, '-']"
2026-05-13,4,broad,×××,日经225,日经225,513520.SH,1.01,,14.4,4.7,↗,★,↘,1.4,0415_B,5.3,-,"×××日经225PB1.01:[14.4, 4.7, '↗', '★', '↘', 1.4, '0415_B', 5.3, '-']"
2026-05-13,5,broad,×××,中证2000,中证2000,563300.SH,1.0,,14.2,5.8,↗,★,↗,1.7,0420_B,6.6,-,"×××中证2000PB1.0:[14.2, 5.8, '↗', '★', '↗', 1.7, '0420_B', 6.6, '-']"
2026-05-13,6,broad,×××,中证A500,中证A500,159338.SZ,1.0,,11.3,4.3,↗,★,↗,1.2,0421_B,4.1,-,"×××中证A500PB1.0:[11.3, 4.3, '↗', '★', '↗', 1.2, '0421_B', 4.1, '-']"
2026-05-13,7,broad,×××,德国,德国,513030.SH,1.03,,4.7,-0.2,-,-,↘,0.7,0421_B,-1.8,-,"×××德国PB1.03:[4.7, -0.2, '-', '-', '↘', 0.7, '0421_B', -1.8, '-']"
2026-05-13,8,broad,×××,可转债,可转债,511380.SH,1.0,_X,4.3,0.8,↗,★,↘,1.2,0421_B,0.1,-,"×××可转债PB1.0_X:[4.3, 0.8, '↗', '★', '↘', 1.2, '0421_B', 0.1, '-']"
2026-05-13,9,broad,×××,豆粕,豆粕,159985.SZ,1.07,_X,3.8,1.0,↗,-,↗,1.5,0511_B,0.0,-,"×××豆粕PB1.07_X:[3.8, 1.0, '↗', '-', '↗', 1.5, '0511_B', 0.0, '-']"
2026-05-13,10,broad,×××,印度,印度,164824.SZ,0.99,,1.6,-2.4,-,●,↘,1.0,0421_B,-3.7,0513_S,"×××印度PB0.99:[1.6, -2.4, '-', '●', '↘', 1.0, '0421_B', -3.7, '0513_S']"
2026-05-13,11,broad,×××,中概互联网,中概互联网,513050.SH,1.0,,0.9,-1.2,-,●,↘,1.0,0512_S,,-,"×××中概互联网PB1.0:[0.9, -1.2, '-', '●', '↘', 1.0, '0512_S', '-', '-']"
2026-05-13,12,broad,×××,黄金,黄金,518880.SH,1.0,,-0.2,-0.9,-,●,↘,1.4,0309_S,10.5,-,"×××黄金PB1.0:[-0.2, -0.9, '-', '●', '↘', 1.4, '0309_S', 10.5, '-']"
2026-05-13,13,broad,×××,红利低波,红利低波,512890.SH,1.0,,-1.1,-0.9,-,●,↘,1.1,0323_S,0.2,-,"×××红利低波PB1.0:[-1.1, -0.9, '-', '●', '↘', 1.1, '0323_S', 0.2, '-']"
2026-05-13,14,broad,×××,沙特,沙特,520830.SH,0.99,,-1.2,-1.3,-,●,↘,0.8,0427_S,0.5,-,"×××沙特PB0.99:[-1.2, -1.3, '-', '●', '↘', 0.8, '0427_S', 0.5, '-']"
2026-05-13,15,broad,×××,华宝油气,华宝油气,162411.SZ,1.0,,-10.8,0.1,-,●,↘,1.8,0413_S,0.6,-,"×××华宝油气PB1.0:[-10.8, 0.1, '-', '●', '↘', 1.8, '0413_S', 0.6, '-']"
2026-05-12,1,broad,×××,科创50,科创50,588000.SH,1.0,,33.0,15.7,↗,●,↗,2.0,0417_B,18.6,-,"×××科创50PB1.0:[33.0, 15.7, '↗', '●', '↗', 2.0, '0417_B', 18.6, '-']"
2026-05-12,2,broad,√√√,创业板50,创业板50,159949.SZ,1.0,,23.3,8.0,↗,★,↗,2.0,0409_B,15.4,-,"√√√创业板50PB1.0:[23.3, 8.0, '↗', '★', '↗', 2.0, '0409_B', 15.4, '-']"
2026-05-12,3,broad,√√√,纳指,纳指,513100.SH,1.05,,22.2,10.3,↗,★,↗,2.2,0415_B,11.7,-,"√√√纳指PB1.05:[22.2, 10.3, '↗', '★', '↗', 2.2, '0415_B', 11.7, '-']"
2026-05-12,4,broad,×××,日经225,日经225,513520.SH,1.01,,15.8,6.0,↗,★,↗,1.4,0415_B,6.0,-,"×××日经225PB1.01:[15.8, 6.0, '↗', '★', '↗', 1.4, '0415_B', 6.0, '-']"
2026-05-12,5,broad,×××,中证2000,中证2000,563300.SH,1.0,,15.3,7.0,↗,★,↗,1.7,0420_B,7.1,-,"×××中证2000PB1.0:[15.3, 7.0, '↗', '★', '↗', 1.7, '0420_B', 7.1, '-']"
2026-05-12,6,broad,×××,中证A500,中证A500,159338.SZ,1.0,,12.0,5.0,↗,★,↗,1.2,0421_B,4.3,-,"×××中证A500PB1.0:[12.0, 5.0, '↗', '★', '↗', 1.2, '0421_B', 4.3, '-']"
2026-05-12,7,broad,×××,德国,德国,513030.SH,1.03,,6.3,0.8,↗,★,↘,0.7,0421_B,-0.8,-,"×××德国PB1.03:[6.3, 0.8, '↗', '★', '↘', 0.7, '0421_B', -0.8, '-']"
2026-05-12,8,broad,×××,可转债,可转债,511380.SH,1.0,_X,5.4,1.9,↗,★,↗,1.2,0421_B,1.1,-,"×××可转债PB1.0_X:[5.4, 1.9, '↗', '★', '↗', 1.2, '0421_B', 1.1, '-']"
2026-05-12,9,broad,×××,豆粕,豆粕,159985.SZ,1.06,_X,3.9,1.6,↗,-,↗,1.5,0511_B,,-,"×××豆粕PB1.06_X:[3.9, 1.6, '↗', '-', '↗', 1.5, '0511_B', '-', '-']"
2026-05-12,10,broad,×××,印度,印度,164824.SZ,0.99,,3.6,-1.0,-,-,↘,1.1,0421_B,-2.2,-,"×××印度PB0.99:[3.6, -1.0, '-', '-', '↘', 1.1, '0421_B', -2.2, '-']"
2026-05-12,11,broad,×××,中概互联网,中概互联网,513050.SH,0.99,,1.8,-0.3,-,●,↗,1.0,0508_B,0.0,0512_S,"×××中概互联网PB0.99:[1.8, -0.3, '-', '●', '↗', 1.0, '0508_B', 0.0, '0512_S']"
2026-05-12,12,broad,×××,黄金,黄金,518880.SH,1.0,,-0.0,-1.3,-,●,↘,1.4,0309_S,10.8,-,"×××黄金PB1.0:[-0.0, -1.3, '-', '●', '↘', 1.4, '0309_S', 10.8, '-']"
2026-05-12,13,broad,×××,红利低波,红利低波,512890.SH,1.0,,-1.0,-0.7,-,●,↘,1.1,0323_S,-0.0,-,"×××红利低波PB1.0:[-1.0, -0.7, '-', '●', '↘', 1.1, '0323_S', -0.0, '-']"
2026-05-12,14,broad,×××,沙特,沙特,520830.SH,1.0,,-1.1,-1.4,-,●,↘,0.8,0427_S,0.5,-,"×××沙特PB1.0:[-1.1, -1.4, '-', '●', '↘', 0.8, '0427_S', 0.5, '-']"
2026-05-12,15,broad,×××,华宝油气,华宝油气,162411.SZ,1.01,,-12.1,-0.7,↘,●,↘,1.7,0413_S,1.1,-,"×××华宝油气PB1.01:[-12.1, -0.7, '↘', '●', '↘', 1.7, '0413_S', 1.1, '-']"
2026-05-11,1,broad,√××,科创50,科创50,588000.SH,1.0,,27.1,11.7,↗,-,↗,1.9,0417_B,13.1,-,"√××科创50PB1.0:[27.1, 11.7, '↗', '-', '↗', 1.9, '0417_B', 13.1, '-']"
2026-05-11,2,broad,×√√,纳指,纳指,513100.SH,1.02,,19.8,8.6,↗,★,↗,2.1,0415_B,9.1,-,"×√√纳指PB1.02:[19.8, 8.6, '↗', '★', '↗', 2.1, '0415_B', 9.1, '-']"
2026-05-11,3,broad,√√√,创业板50,创业板50,159949.SZ,1.0,,19.0,5.1,↗,★,↗,2.0,0409_B,11.3,-,"√√√创业板50PB1.0:[19.0, 5.1, '↗', '★', '↗', 2.0, '0409_B', 11.3, '-']"
2026-05-11,4,broad,×××,日经225,日经225,513520.SH,1.04,,16.7,6.9,↗,★,↗,1.4,0415_B,6.4,-,"×××日经225PB1.04:[16.7, 6.9, '↗', '★', '↗', 1.4, '0415_B', 6.4, '-']"
2026-05-11,5,broad,×××,中证2000,中证2000,563300.SH,1.0,,14.6,6.8,↗,★,↗,1.7,0420_B,6.3,-,"×××中证2000PB1.0:[14.6, 6.8, '↗', '★', '↗', 1.7, '0420_B', 6.3, '-']"
2026-05-11,6,broad,×××,中证A500,中证A500,159338.SZ,1.0,,10.2,3.6,↗,★,↗,1.2,0421_B,2.5,-,"×××中证A500PB1.0:[10.2, 3.6, '↗', '★', '↗', 1.2, '0421_B', 2.5, '-']"
2026-05-11,7,broad,×××,德国,德国,513030.SH,1.01,,7.5,1.8,↗,★,↗,0.7,0421_B,0.1,-,"×××德国PB1.01:[7.5, 1.8, '↗', '★', '↗', 0.7, '0421_B', 0.1, '-']"
2026-05-11,8,broad,×××,可转债,可转债,511380.SH,1.0,_X,5.2,1.7,↗,★,↗,1.2,0421_B,0.8,-,"×××可转债PB1.0_X:[5.2, 1.7, '↗', '★', '↗', 1.2, '0421_B', 0.8, '-']"
2026-05-11,9,broad,×××,印度,印度,164824.SZ,0.97,,5.0,0.2,↗,★,↗,1.1,0421_B,-1.1,-,"×××印度PB0.97:[5.0, 0.2, '↗', '★', '↗', 1.1, '0421_B', -1.1, '-']"
2026-05-11,10,broad,×××,中概互联网,中概互联网,513050.SH,0.99,,3.6,1.5,↗,★,↗,1.0,0508_B,,-,"×××中概互联网PB0.99:[3.6, 1.5, '↗', '★', '↗', 1.0, '0508_B', '-', '-']"
2026-05-11,11,broad,×××,豆粕,豆粕,159985.SZ,1.07,_X,2.4,0.9,↗,-,↗,1.5,0402_S,-4.1,0511_B,"×××豆粕PB1.07_X:[2.4, 0.9, '↗', '-', '↗', 1.5, '0402_S', -4.1, '0511_B']"
2026-05-11,12,broad,×××,黄金,黄金,518880.SH,1.0,,1.4,-0.4,-,●,↗,1.4,0309_S,9.8,-,"×××黄金PB1.0:[1.4, -0.4, '-', '●', '↗', 1.4, '0309_S', 9.8, '-']"
2026-05-11,13,broad,×××,红利低波,红利低波,512890.SH,1.0,,-1.1,-0.9,-,●,↘,1.1,0323_S,0.1,-,"×××红利低波PB1.0:[-1.1, -0.9, '-', '●', '↘', 1.1, '0323_S', 0.1, '-']"
2026-05-11,14,broad,×××,沙特,沙特,520830.SH,1.0,,-1.6,-2.2,-,●,↘,0.8,0427_S,1.3,-,"×××沙特PB1.0:[-1.6, -2.2, '-', '●', '↘', 0.8, '0427_S', 1.3, '-']"
2026-05-11,15,broad,×××,华宝油气,华宝油气,162411.SZ,1.04,,-13.5,-2.2,↘,●,↘,1.8,0413_S,2.6,-,"×××华宝油气PB1.04:[-13.5, -2.2, '↘', '●', '↘', 1.8, '0413_S', 2.6, '-']"
2026-05-08,1,broad,√√×,科创50,科创50,588000.SH,1.0,,30.9,15.9,↗,●,↗,1.9,0417_B,15.8,-,"√√×科创50PB1.0:[30.9, 15.9, '↗', '●', '↗', 1.9, '0417_B', 15.8, '-']"
2026-05-08,2,broad,√√√,创业板50,创业板50,159949.SZ,1.0,,20.5,7.1,↗,★,↗,1.9,0409_B,12.3,-,"√√√创业板50PB1.0:[20.5, 7.1, '↗', '★', '↗', 1.9, '0409_B', 12.3, '-']"
2026-05-08,3,broad,××√,纳指,纳指,513100.SH,1.03,,20.2,9.4,↗,★,↗,2.1,0415_B,8.9,-,"××√纳指PB1.03:[20.2, 9.4, '↗', '★', '↗', 2.1, '0415_B', 8.9, '-']"
2026-05-08,4,broad,×××,日经225,日经225,513520.SH,1.01,,18.9,8.9,↗,★,↗,1.4,0415_B,7.5,-,"×××日经225PB1.01:[18.9, 8.9, '↗', '★', '↗', 1.4, '0415_B', 7.5, '-']"
2026-05-08,5,broad,×××,中证2000,中证2000,563300.SH,1.0,,13.9,6.4,↗,★,↗,1.6,0420_B,5.1,-,"×××中证2000PB1.0:[13.9, 6.4, '↗', '★', '↗', 1.6, '0420_B', 5.1, '-']"
2026-05-08,6,broad,×××,中证A500,中证A500,159338.SZ,1.0,,11.1,4.7,↗,★,↗,1.2,0421_B,3.0,-,"×××中证A500PB1.0:[11.1, 4.7, '↗', '★', '↗', 1.2, '0421_B', 3.0, '-']"
2026-05-08,7,broad,×××,德国,德国,513030.SH,1.0,,10.1,4.0,↗,★,↗,0.7,0421_B,1.9,-,"×××德国PB1.0:[10.1, 4.0, '↗', '★', '↗', 0.7, '0421_B', 1.9, '-']"
2026-05-08,8,broad,×××,印度,印度,164824.SZ,0.98,,5.8,0.6,↗,★,↗,1.1,0421_B,-0.8,-,"×××印度PB0.98:[5.8, 0.6, '↗', '★', '↗', 1.1, '0421_B', -0.8, '-']"
2026-05-08,9,broad,×××,可转债,可转债,511380.SH,1.0,_X,5.4,2.0,↗,★,↗,1.2,0421_B,0.8,-,"×××可转债PB1.0_X:[5.4, 2.0, '↗', '★', '↗', 1.2, '0421_B', 0.8, '-']"
2026-05-08,10,broad,×××,中概互联网,中概互联网,513050.SH,1.0,,3.6,1.7,↗,★,↗,1.0,0203_S,13.9,0508_B,"×××中概互联网PB1.0:[3.6, 1.7, '↗', '★', '↗', 1.0, '0203_S', 13.9, '0508_B']"
2026-05-08,11,broad,×××,黄金,黄金,518880.SH,1.0,,2.5,-0.1,-,-,↗,1.4,0309_S,9.6,-,"×××黄金PB1.0:[2.5, -0.1, '-', '-', '↗', 1.4, '0309_S', 9.6, '-']"
2026-05-08,12,broad,×××,豆粕,豆粕,159985.SZ,1.07,_X,0.9,0.6,-,●,↗,1.5,0402_S,-3.6,-,"×××豆粕PB1.07_X:[0.9, 0.6, '-', '●', '↗', 1.5, '0402_S', -3.6, '-']"
2026-05-08,13,broad,×××,红利低波,红利低波,512890.SH,1.0,,-0.9,-0.8,-,●,↘,1.1,0323_S,-0.0,-,"×××红利低波PB1.0:[-0.9, -0.8, '-', '●', '↘', 1.1, '0323_S', -0.0, '-']"
2026-05-08,14,broad,×××,沙特,沙特,520830.SH,1.0,,-1.3,-2.3,-,●,↘,0.8,0427_S,1.3,-,"×××沙特PB1.0:[-1.3, -2.3, '-', '●', '↘', 0.8, '0427_S', 1.3, '-']"
2026-05-08,15,broad,×××,华宝油气,华宝油气,162411.SZ,0.98,,-12.2,-1.0,↘,●,↘,1.8,0413_S,0.7,-,"×××华宝油气PB0.98:[-12.2, -1.0, '↘', '●', '↘', 1.8, '0413_S', 0.7, '-']"
2026-05-07,1,broad,√√√,科创50,科创50,588000.SH,1.0,,29.1,16.0,↗,-,↗,1.8,0417_B,14.2,-,"√√√科创50PB1.0:[29.1, 16.0, '↗', '-', '↗', 1.8, '0417_B', 14.2, '-']"
2026-05-07,2,broad,√√√,创业板50,创业板50,159949.SZ,1.0,,18.2,6.5,↗,★,↗,1.8,0409_B,10.6,-,"√√√创业板50PB1.0:[18.2, 6.5, '↗', '★', '↗', 1.8, '0409_B', 10.6, '-']"
2026-05-07,3,broad,×××,纳指,纳指,513100.SH,1.04,,17.2,7.4,↗,★,↗,2.0,0415_B,5.9,-,"×××纳指PB1.04:[17.2, 7.4, '↗', '★', '↗', 2.0, '0415_B', 5.9, '-']"
2026-05-07,4,broad,×××,日经225,日经225,513520.SH,1.0,,15.2,6.0,↗,★,↗,1.4,0415_B,3.8,-,"×××日经225PB1.0:[15.2, 6.0, '↗', '★', '↗', 1.4, '0415_B', 3.8, '-']"
2026-05-07,5,broad,×××,中证2000,中证2000,563300.SH,1.0,,12.2,5.2,↗,★,↗,1.6,0420_B,3.2,-,"×××中证2000PB1.0:[12.2, 5.2, '↗', '★', '↗', 1.6, '0420_B', 3.2, '-']"
2026-05-07,6,broad,×××,中证A500,中证A500,159338.SZ,1.0,,10.3,4.5,↗,★,↗,1.2,0421_B,2.2,-,"×××中证A500PB1.0:[10.3, 4.5, '↗', '★', '↗', 1.2, '0421_B', 2.2, '-']"
2026-05-07,7,broad,×××,德国,德国,513030.SH,1.02,,9.0,2.9,↗,★,↗,0.7,0421_B,0.3,-,"×××德国PB1.02:[9.0, 2.9, '↗', '★', '↗', 0.7, '0421_B', 0.3, '-']"
2026-05-07,8,broad,×××,可转债,可转债,511380.SH,1.0,_X,5.5,2.3,↗,★,↗,1.2,0421_B,0.8,-,"×××可转债PB1.0_X:[5.5, 2.3, '↗', '★', '↗', 1.2, '0421_B', 0.8, '-']"
2026-05-07,9,broad,×××,印度,印度,164824.SZ,1.01,,4.7,-0.3,-,-,↗,1.1,0421_B,-2.0,-,"×××印度PB1.01:[4.7, -0.3, '-', '-', '↗', 1.1, '0421_B', -2.0, '-']"
2026-05-07,10,broad,×××,黄金,黄金,518880.SH,1.0,,2.3,-1.2,-,-,↗,1.4,0309_S,10.7,-,"×××黄金PB1.0:[2.3, -1.2, '-', '-', '↗', 1.4, '0309_S', 10.7, '-']"
2026-05-07,11,broad,×××,豆粕,豆粕,159985.SZ,1.07,_X,1.4,2.0,-,●,↗,1.6,0402_S,-4.9,-,"×××豆粕PB1.07_X:[1.4, 2.0, '-', '●', '↗', 1.6, '0402_S', -4.9, '-']"
2026-05-07,12,broad,×××,中概互联网,中概互联网,513050.SH,0.99,,0.7,-0.9,-,●,↗,1.0,0203_S,16.4,-,"×××中概互联网PB0.99:[0.7, -0.9, '-', '●', '↗', 1.0, '0203_S', 16.4, '-']"
2026-05-07,13,broad,×××,红利低波,红利低波,512890.SH,1.0,,-0.3,-0.4,-,●,↘,1.1,0323_S,-0.4,-,"×××红利低波PB1.0:[-0.3, -0.4, '-', '●', '↘', 1.1, '0323_S', -0.4, '-']"
2026-05-07,14,broad,×××,沙特,沙特,520830.SH,0.99,,-0.9,-2.4,-,●,↘,0.8,0427_S,1.3,-,"×××沙特PB0.99:[-0.9, -2.4, '-', '●', '↘', 0.8, '0427_S', 1.3, '-']"
2026-05-07,15,broad,×××,华宝油气,华宝油气,162411.SZ,0.96,,-7.9,3.1,-,●,↗,1.8,0413_S,-4.0,-,"×××华宝油气PB0.96:[-7.9, 3.1, '-', '●', '↗', 1.8, '0413_S', -4.0, '-']"
2026-05-06,1,broad,√√√,科创50,科创50,588000.SH,1.0,,21.9,11.5,↗,-,↗,1.7,0417_B,8.3,-,"√√√科创50PB1.0:[21.9, 11.5, '↗', '-', '↗', 1.7, '0417_B', 8.3, '-']"
2026-05-06,2,broad,×√√,创业板50,创业板50,159949.SZ,1.0,,14.2,4.5,↗,★,↗,1.8,0409_B,7.5,-,"×√√创业板50PB1.0:[14.2, 4.5, '↗', '★', '↗', 1.8, '0409_B', 7.5, '-']"
2026-05-06,3,broad,√××,纳指,纳指,513100.SH,1.05,,13.9,5.3,↗,★,↗,1.9,0415_B,3.1,-,"√××纳指PB1.05:[13.9, 5.3, '↗', '★', '↗', 1.9, '0415_B', 3.1, '-']"
2026-05-06,4,broad,×××,日经225,日经225,513520.SH,1.01,,10.1,2.1,↗,★,↗,1.3,0415_B,-0.7,-,"×××日经225PB1.01:[10.1, 2.1, '↗', '★', '↗', 1.3, '0415_B', -0.7, '-']"
2026-05-06,5,broad,×××,中证2000,中证2000,563300.SH,1.0,,9.9,3.9,↗,★,↗,1.6,0420_B,1.3,-,"×××中证2000PB1.0:[9.9, 3.9, '↗', '★', '↗', 1.6, '0420_B', 1.3, '-']"
2026-05-06,6,broad,×××,中证A500,中证A500,159338.SZ,1.0,,8.1,3.2,↗,★,↗,1.2,0421_B,0.5,-,"×××中证A500PB1.0:[8.1, 3.2, '↗', '★', '↗', 1.2, '0421_B', 0.5, '-']"
2026-05-06,7,broad,×××,德国,德国,513030.SH,1.01,,5.7,0.4,↗,★,↗,0.7,0421_B,-2.6,-,"×××德国PB1.01:[5.7, 0.4, '↗', '★', '↗', 0.7, '0421_B', -2.6, '-']"
2026-05-06,8,broad,×××,可转债,可转债,511380.SH,1.0,_X,4.1,1.2,↗,★,↗,1.2,0421_B,-0.5,-,"×××可转债PB1.0_X:[4.1, 1.2, '↗', '★', '↗', 1.2, '0421_B', -0.5, '-']"
2026-05-06,9,broad,×××,印度,印度,164824.SZ,0.99,,4.1,-0.4,-,-,↗,1.1,0421_B,-2.4,-,"×××印度PB0.99:[4.1, -0.4, '-', '-', '↗', 1.1, '0421_B', -2.4, '-']"
2026-05-06,10,broad,×××,黄金,黄金,518880.SH,1.0,,0.9,-2.5,-,●,↗,1.4,0309_S,11.8,-,"×××黄金PB1.0:[0.9, -2.5, '-', '●', '↗', 1.4, '0309_S', 11.8, '-']"
2026-05-06,11,broad,×××,沙特,沙特,520830.SH,0.99,,0.9,-1.0,-,●,↗,0.8,0427_S,-0.2,-,"×××沙特PB0.99:[0.9, -1.0, '-', '●', '↗', 0.8, '0427_S', -0.2, '-']"
2026-05-06,12,broad,×××,豆粕,豆粕,159985.SZ,1.08,_X,0.8,2.4,-,●,↗,1.6,0402_S,-5.1,-,"×××豆粕PB1.08_X:[0.8, 2.4, '-', '●', '↗', 1.6, '0402_S', -5.1, '-']"
2026-05-06,13,broad,×××,红利低波,红利低波,512890.SH,1.0,,0.0,-0.1,-,●,↗,1.1,0323_S,-0.8,-,"×××红利低波PB1.0:[0.0, -0.1, '-', '●', '↗', 1.1, '0323_S', -0.8, '-']"
2026-05-06,14,broad,×××,中概互联网,中概互联网,513050.SH,1.0,,-1.4,-2.4,-,●,↗,1.0,0203_S,17.8,-,"×××中概互联网PB1.0:[-1.4, -2.4, '-', '●', '↗', 1.0, '0203_S', 17.8, '-']"
2026-05-06,15,broad,×××,华宝油气,华宝油气,162411.SZ,0.99,,-7.6,2.4,-,●,↘,1.8,0413_S,-3.8,-,"×××华宝油气PB0.99:[-7.6, 2.4, '-', '●', '↘', 1.8, '0413_S', -3.8, '-']"
